Date,Close,Actual_Target,Pred_Direction,Pred_Prob_Up,Next_Day_Return,Cycle,Model,Strategy_Return,Cum_Strategy,Cum_Benchmark
2013-07-10,5816.7001953125,1,0,0.4680070502518833,0.02035516673855131,1,GradientBoosting_Shallow,0.0,1.0,1.0203551667385513
2013-07-11,5935.10009765625,1,1,0.5918573578468971,0.012451332096813816,1,GradientBoosting_Shallow,0.012451332096813816,1.0124513320968138,1.033059947776313
2013-07-12,6009.0,1,1,0.5024682800355802,0.0036278589927609683,1,GradientBoosting_Shallow,0.0036278589927609683,1.016124362766694,1.0368077435979144
2013-07-15,6030.7998046875,0,0,0.48480623077664586,-0.012527327574159974,1,GradientBoosting_Shallow,0.0,1.016124362766694,1.0238193133624376
2013-07-16,5955.25,1,0,0.4813635567071451,0.003030906290667934,1,GradientBoosting_Shallow,0.0,1.016124362766694,1.0269224137598152
2013-07-17,5973.2998046875,1,1,0.5100155771766449,0.010839904594975858,1,GradientBoosting_Shallow,0.010839904594975858,1.0271390539157157,1.038054154751414
2013-07-18,6038.0498046875,0,1,0.5145168817693674,-0.0014656403410467922,1,GradientBoosting_Shallow,-0.0014656403410467922,1.0256336374824322,1.036532740706019
2013-07-19,6029.2001953125,1,1,0.5184506046059769,0.00043116985516933326,1,GradientBoosting_Shallow,0.00043116985516933326,1.0260758597893622,1.0369796623777074
2013-07-22,6031.7998046875,1,1,0.5048980414020117,0.007626247801568509,1,GradientBoosting_Shallow,0.007626247801568509,1.0339009685593235,1.0448879262481867
2013-07-23,6077.7998046875,0,1,0.5394640014471077,-0.014363718367322642,1,GradientBoosting_Shallow,-0.014363718367322642,1.0190503062272351,1.029879450350142
2013-07-24,5990.5,0,1,0.5487713752684314,-0.013855270845505419,1,GradientBoosting_Shallow,-0.013855270845505419,1.0049310882292615,1.0156101916273206
2013-07-25,5907.5,0,1,0.5032592933772876,-0.003605553057553945,1,GradientBoosting_Shallow,-0.003605553057553945,1.0013077558714654,1.0119483551956157
2013-07-26,5886.2001953125,0,1,0.5164613906504387,-0.009267488559460024,1,GradientBoosting_Shallow,-0.009267488559460024,0.9920281476994279,1.0025701353910759
2013-07-29,5831.64990234375,0,1,0.5172748491813681,-0.013135235986211136,1,GradientBoosting_Shallow,-0.013135235986211136,0.978997623874432,0.9894011400699865
2013-07-30,5755.0498046875,0,1,0.4973789455171228,-0.0022675398355147536,1,GradientBoosting_Shallow,-0.0022675398355147536,0.9767777077634224,0.987157633571574
2013-07-31,5742.0,0,1,0.507815909815431,-0.0024642811465952486,1,GradientBoosting_Shallow,-0.0024642811465952486,0.9743706528737665,0.984724999626446
2013-08-01,5727.85009765625,0,1,0.5047983565341839,-0.008720583545463012,1,GradientBoosting_Shallow,-0.008720583545463012,0.9658735721911335,0.9761376229978975
2013-08-02,5677.89990234375,1,0,0.48666362495517956,0.0013209109228755622,1,GradientBoosting_Shallow,0.0,0.9658735721911335,0.9774270138463452
2013-08-05,5685.39990234375,0,0,0.47987687080038943,-0.025178510712102753,1,GradientBoosting_Shallow,0.0,0.9658735721911335,0.9528168573079164
2013-08-06,5542.25,0,1,0.49521393470796127,-0.00417698630407326,1,GradientBoosting_Shallow,-0.00417698630407326,0.9618391315086248,0.9488369543446511
2013-08-07,5519.10009765625,1,1,0.5004794604033806,0.008434310641922904,1,GradientBoosting_Shallow,0.008434310641922904,0.9699515815313259,0.9568397399661299
2013-08-08,5565.64990234375,1,1,0.49400576646114014,0.008399737824025477,1,GradientBoosting_Shallow,0.008399737824025477,0.9780989205181879,0.9648769429214541
2013-08-12,5612.39990234375,1,1,0.5178077703414248,0.01548355495969922,1,GradientBoosting_Shallow,0.01548355495969922,0.9932433689100537,0.979816668096525
2013-08-13,5699.2998046875,1,1,0.5525303151456675,0.007544786460370823,1,GradientBoosting_Shallow,0.007544786460370823,1.0007371780316594,0.9872091756276253
2013-08-14,5742.2998046875,0,1,0.5005211642354825,-0.04082853821736476,1,GradientBoosting_Shallow,-0.04082853821736476,0.959878541912856,0.9469028680719797
2013-08-16,5507.85009765625,0,1,0.5571851591782533,-0.016903164756765454,1,GradientBoosting_Shallow,-0.016903164756765454,0.9436535567724192,0.9308972128843053
2013-08-19,5414.75,0,1,0.5233240099249898,-0.002456217680871675,1,GradientBoosting_Shallow,-0.002456217680871675,0.9413357382216574,0.9286107266909447
2013-08-20,5401.4501953125,0,0,0.45705164524075387,-0.018309969924526603,1,GradientBoosting_Shallow,0.0,0.9413357382216574,0.9116078922136407
2013-08-21,5302.5498046875,1,1,0.6159627465057477,0.01997159753810962,1,GradientBoosting_Shallow,0.01997159753810962,0.9601357167336596,0.929814158149496
2013-08-22,5408.4501953125,1,1,0.5801905074811373,0.011703871238818442,1,GradientBoosting_Shallow,0.011703871238818442,0.971373021534101,0.940696583332508
2013-08-23,5471.75,1,1,0.5160316859009274,0.0008680952163384603,1,GradientBoosting_Shallow,0.0008680952163384603,0.972216265807375,0.941513197536525
2013-08-26,5476.5,0,1,0.5080149477092334,-0.03452018710627225,1,GradientBoosting_Shallow,-0.03452018710627225,0.9386551784039431,0.9090119857945395
2013-08-27,5287.4501953125,0,1,0.6081182519235887,-0.00046339827742913897,1,GradientBoosting_Shallow,-0.00046339827742913897,0.9382202072111707,0.9085907512061598
2013-08-28,5285.0,1,1,0.5432905755567636,0.023472053867076736,1,GradientBoosting_Shallow,0.023472053867076736,0.9602421624540112,0.9299172422615986
2013-08-29,5409.0498046875,1,1,0.6438888602721923,0.011600928493137763,1,GradientBoosting_Shallow,0.011600928493137763,0.9713818631167361,0.9407051456936112
2013-08-30,5471.7998046875,1,1,0.6001259317470841,0.014428560643769517,1,GradientBoosting_Shallow,0.014428560643769517,0.9853975052369738,0.9542781669361575
2013-09-02,5550.75,0,1,0.5779558488546117,-0.03770658103634639,1,GradientBoosting_Shallow,-0.03770658103634639,0.9482415343527423,0.9182955999033632
2013-09-03,5341.4501953125,1,1,0.5567234293119487,0.01996646948750791,1,GradientBoosting_Shallow,0.01996646948750791,0.967174570015184,0.9366307209793464
2013-09-04,5448.10009765625,1,1,0.5488197571565313,0.026587268049381718,1,GradientBoosting_Shallow,0.026587268049381718,0.9928890995587233,0.9615331730213099
2013-09-05,5592.9501953125,1,1,0.565476478287092,0.015635702800382845,1,GradientBoosting_Shallow,0.015635702800382845,1.0084136184331631,0.9765674199473802
2013-09-06,5680.39990234375,1,0,0.4874974252334316,0.03808712438836981,1,GradientBoosting_Shallow,0.0,1.0084136184331631,1.0137620647445453
2013-09-10,5896.75,1,0,0.3179206258889985,0.0027811764690295337,1,GradientBoosting_Shallow,0.0,1.0084136184331631,1.0165815159442078
2013-09-11,5913.14990234375,0,0,0.40429420883069367,-0.01056115743091468,1,GradientBoosting_Shallow,0.0,1.0084136184331631,1.005845238512963
2013-09-12,5850.7001953125,0,1,0.5416140539626061,-1.7108662708431588e-05,1,GradientBoosting_Shallow,-1.7108662708431588e-05,1.0083963658246948,1.0058280298460405
2013-09-13,5850.60009765625,0,1,0.5047401496383221,-0.0017178225824691085,1,GradientBoosting_Shallow,-0.0017178225824691085,1.0066641197754014,1.0041001957422906
2013-09-16,5840.5498046875,1,1,0.5294650749635412,0.0016523085921216207,1,GradientBoosting_Shallow,0.0016523085921216207,1.008327439549887,1.0057592791230665
2013-09-17,5850.2001953125,1,1,0.49893571645625423,0.008418515325246734,1,GradientBoosting_Shallow,0.008418515325246734,1.0168160595526043,1.014226279027873
2013-09-18,5899.4501953125,1,0,0.48792121155559426,0.03663046592828345,1,GradientBoosting_Shallow,0.0,1.0168160595526043,1.0513778601853734
2013-09-19,6115.5498046875,0,1,0.525190913331268,-0.01691584736207319,1,GradientBoosting_Shallow,-0.01691584736207319,0.9996157542939078,1.0335929127826144
2013-09-20,6012.10009765625,0,1,0.5753970096608774,-0.020350642149811637,1,GradientBoosting_Shallow,-0.020350642149811637,0.9792729317909584,1.012558633285994
2013-09-23,5889.75,1,0,0.4806248189591925,0.00045845669383259846,1,GradientBoosting_Shallow,0.0,0.9792729317909584,1.013022847569322
2013-09-24,5892.4501953125,0,1,0.5054712632206195,-0.0031565981959502665,1,GradientBoosting_Shallow,-0.0031565981959502665,0.9761817606211242,1.0098251414762283
2013-09-25,5873.85009765625,1,1,0.508480138508225,0.0014300505127124996,1,GradientBoosting_Shallow,0.0014300505127124996,0.977577749848401,1.0112692424375462
2013-09-26,5882.25,0,1,0.5315385651093545,-0.008338612722597616,1,GradientBoosting_Shallow,-0.008338612722597616,0.9694261075861867,1.0028366598665848
2013-09-27,5833.2001953125,0,1,0.525504650801775,-0.016783307163651173,1,GradientBoosting_Shallow,-0.016783307163651173,0.953155931450105,0.9860057441690739
2013-09-30,5735.2998046875,1,1,0.5011367497739315,0.007802556365654301,1,GradientBoosting_Shallow,0.007802556365654301,0.9605929843305022,0.993699109564812
2013-10-01,5780.0498046875,1,0,0.4764127520669721,0.022430670150948462,1,GradientBoosting_Shallow,0.0,0.9605929843305022,1.0159884465207516
2013-10-03,5909.7001953125,0,1,0.568370119195156,-0.00040617807091192226,1,GradientBoosting_Shallow,-0.00040617807091192226,0.9602028125251953,1.015575774293475
2013-10-04,5907.2998046875,0,1,0.4973206897358008,-0.00019465786091266146,1,GradientBoosting_Shallow,-0.00019465786091266146,0.9600159014996669,1.0153780844856564
2013-10-07,5906.14990234375,1,1,0.4999524542996808,0.003767259613774776,1,GradientBoosting_Shallow,0.003767259613774776,0.9636325306339681,1.019203277336051
2013-10-08,5928.39990234375,1,1,0.504397846362458,0.013334170142182522,1,GradientBoosting_Shallow,0.013334170142182522,0.9764817707519834,1.03279350724552
2013-10-09,6007.4501953125,1,1,0.5428563953971294,0.0022472096415437903,1,GradientBoosting_Shallow,0.0022472096415437903,0.978676130002009,1.0351144107727261
2013-10-10,6020.9501953125,1,1,0.501062786307454,0.012498027314456817,1,GradientBoosting_Shallow,0.012498027314456817,0.990907651006781,1.0480512989521515
2013-10-11,6096.2001953125,1,1,0.5183367524427082,0.002706604027322923,1,GradientBoosting_Shallow,0.002706604027322923,0.9935896456457011,1.0508879588187365
2013-10-14,6112.7001953125,0,1,0.511458644044941,-0.0038690578417597266,1,GradientBoosting_Shallow,-0.0038690578417597266,0.9897453898357244,1.046822012520858
2013-10-15,6089.0498046875,0,1,0.5158132185496999,-0.007094654899684638,1,GradientBoosting_Shallow,-0.007094654899684638,0.982723487856286,1.039395171600629
2013-10-17,6045.85009765625,1,0,0.48803326193472857,0.02373528911271383,1,GradientBoosting_Shallow,0.0,0.982723487856286,1.064065516500929
2013-10-18,6189.35009765625,1,0,0.4693516554188223,0.002520474267913464,1,GradientBoosting_Shallow,0.0,0.982723487856286,1.0667474662546437
2013-10-21,6204.9501953125,0,0,0.48937337066956577,-0.0003465604972340275,1,GradientBoosting_Shallow,0.0,0.982723487856286,1.0663777737223152
2013-10-22,6202.7998046875,0,1,0.5310175309414769,-0.003941721126123232,1,GradientBoosting_Shallow,-0.003941721126123232,0.9788498659230654,1.0621744099232058
2013-10-23,6178.35009765625,0,1,0.5031088617511522,-0.0022659771263707773,1,GradientBoosting_Shallow,-0.0022659771263707773,0.9766318145167326,1.0597675470061034
2013-10-24,6164.35009765625,0,1,0.4988521794412572,-0.0031552710349620483,1,GradientBoosting_Shallow,-0.0031552710349620483,0.9735502764405656,1.0564236931612423
2013-10-25,6144.89990234375,0,0,0.47655711591367395,-0.007127830458360185,1,GradientBoosting_Shallow,0.0,0.9735502764405656,1.0488936841841943
2013-10-28,6101.10009765625,1,0,0.48749110653579975,0.019635771052751938,1,GradientBoosting_Shallow,0.0,0.9735502764405656,1.0694895204255126
2013-10-29,6220.89990234375,1,1,0.6067460124061239,0.004951099270564585,1,GradientBoosting_Shallow,0.004951099270564585,0.9783704205041084,1.0747846692099678
2013-10-30,6251.7001953125,1,1,0.5565654602862372,0.0075898884381608855,1,GradientBoosting_Shallow,0.0075898884381608855,0.9857961428469311,1.0829421649443172
2013-10-31,6299.14990234375,1,1,0.5373237536078195,0.0012779967286942195,1,GradientBoosting_Shallow,0.0012779967286942195,0.9870559870926489,1.084326161488481
2013-11-01,6307.2001953125,0,1,0.5346805384679514,-0.008569617468131119,1,GradientBoosting_Shallow,-0.008569617468131119,0.9785972948636363,1.0750339010738377
2013-11-05,6253.14990234375,0,1,0.5036912300924401,-0.00607693731854364,1,GradientBoosting_Shallow,-0.00607693731854364,0.9726504204426536,1.0685009874417024
2013-11-06,6215.14990234375,0,0,0.45994973542918544,-0.004489015193861801,1,GradientBoosting_Shallow,0.0,0.9726504204426536,1.0637044702744203
2013-11-07,6187.25,0,0,0.4679810524712098,-0.007515455169905816,1,GradientBoosting_Shallow,0.0,0.9726504204426536,1.0557102470140445
2013-11-08,6140.75,0,0,0.4523672774172183,-0.010088376063591586,1,GradientBoosting_Shallow,0.0,0.9726504204426536,1.0450598450279796
2013-11-11,6078.7998046875,0,0,0.4510090687224092,-0.009993749087304105,1,GradientBoosting_Shallow,0.0,0.9726504204426536,1.034615779155553
2013-11-12,6018.0498046875,0,0,0.43674532390031623,-0.004727396408233497,1,GradientBoosting_Shallow,0.0,0.9726504204426536,1.0297247402372713
2013-11-13,5989.60009765625,1,0,0.4291567506873581,0.011110892814620632,1,GradientBoosting_Shallow,0.0,0.9726504204426536,1.0411659014546106
2013-11-14,6056.14990234375,1,1,0.5145150371454784,0.02193639520132029,1,GradientBoosting_Shallow,0.02193639520132029,0.9939868644582139,1.0640053281390578
2013-11-18,6189.0,1,1,0.5594557639208727,0.0023186456061157212,1,GradientBoosting_Shallow,0.0023186456061157212,0.9962915677340267,1.066472379418031
2013-11-19,6203.35009765625,0,1,0.5111529603453726,-0.01296883039744856,1,GradientBoosting_Shallow,-0.01296883039744856,0.9833708313656759,1.0526414800057953
2013-11-20,6122.89990234375,0,1,0.5010671872039035,-0.020227359524339406,1,GradientBoosting_Shallow,-0.020227359524339406,0.9634798360138939,1.0313493223394854
2013-11-21,5999.0498046875,0,0,0.48886851851460744,-0.0006000299201028847,1,GradientBoosting_Shallow,0.0,0.9634798360138939,1.0307304818880039
2013-11-22,5995.4501953125,1,0,0.47583460754976376,0.019998481921756683,1,GradientBoosting_Shallow,0.0,0.9634798360138939,1.0513435267962448
2013-11-25,6115.35009765625,0,1,0.551278705203271,-0.009198165125747781,1,GradientBoosting_Shallow,-0.009198165125747781,0.9546175893869097,1.0416730954328868
2013-11-26,6059.10009765625,0,1,0.5057827740644386,-0.00033008202006323817,1,GradientBoosting_Shallow,-0.00033008202006323817,0.954302487284617,1.0413292578733007
2013-11-27,6057.10009765625,1,1,0.49252884976763955,0.00573706880185898,1,GradientBoosting_Shallow,0.00573706880185898,0.959777386311954,1.0473034354711086
2013-11-28,6091.85009765625,1,1,0.5467777799743938,0.01382995291240241,1,GradientBoosting_Shallow,0.01382995291240241,0.973051062371037,1.0617875926686713
2013-11-29,6176.10009765625,1,1,0.6150343197895377,0.006759929298400413,1,GradientBoosting_Shallow,0.006759929298400413,0.9796288187563986,1.0689652017250302
2013-12-02,6217.85009765625,0,1,0.5126750598588513,-0.0025732366893230774,1,GradientBoosting_Shallow,-0.0025732366893230774,0.9771080019380565,1.0662145012483417
2013-12-03,6201.85009765625,0,1,0.507057823095401,-0.006594790538263173,1,GradientBoosting_Shallow,-0.006594790538263173,0.9706641793320141,1.05918303994375
2013-12-04,6160.9501953125,1,1,0.49179313548695636,0.013009341059879276,1,GradientBoosting_Shallow,0.013009341059879276,0.9832918806955521,1.072962313355218
2013-12-05,6241.10009765625,1,1,0.5628669803157463,0.0030122581585512176,1,GradientBoosting_Shallow,0.0030122581585512176,0.9862538096854144,1.0761943528374402
2013-12-06,6259.89990234375,1,1,0.5027343508065112,0.01661368418384157,1,GradientBoosting_Shallow,0.01661368418384157,1.0026391190046384,1.0940739059359152
2013-12-09,6363.89990234375,0,1,0.5724363957048499,-0.004879052965001018,1,GradientBoosting_Shallow,-0.004879052965001018,0.9977471896382328,1.0887358614012284
2013-12-10,6332.85009765625,0,1,0.5176515800565609,-0.003939805131615848,1,GradientBoosting_Shallow,-0.003939805131615848,0.9938162601404409,1.0844464542675056
2013-12-11,6307.89990234375,0,1,0.5179514114471868,-0.011231962896228742,1,GradientBoosting_Shallow,-0.011231962896228742,0.9826537527808746,1.0722659919302262
2013-12-12,6237.0498046875,0,1,0.5113536884662337,-0.011006790789477972,1,GradientBoosting_Shallow,-0.011006790789477972,0.9718378885055201,1.0604637844863782
2013-12-13,6168.39990234375,0,1,0.4958498664104474,-0.0022209498813532402,1,GradientBoosting_Shallow,-0.0022209498813532402,0.9696794852623492,1.0581085475700438
2013-12-16,6154.7001953125,0,0,0.4722076651861052,-0.0025428355774208544,1,GradientBoosting_Shallow,0.0,0.9696794852623492,1.0554179515105095
2013-12-17,6139.0498046875,1,0,0.48310793725142287,0.012721854381539055,1,GradientBoosting_Shallow,0.0,0.9696794852623492,1.0688448250012885
2013-12-18,6217.14990234375,0,1,0.528000617755805,-0.00812269300133206,1,GradientBoosting_Shallow,-0.00812269300133206,0.9618030764938734,1.0601629266217405
2013-12-19,6166.64990234375,1,1,0.5320333245917445,0.017448711919798576,1,GradientBoosting_Shallow,0.017448711919798576,0.978585301299191,1.0786614041164138
2013-12-20,6274.25,1,1,0.5356397041111197,0.001633661393792174,1,GradientBoosting_Shallow,0.001633661393792174,0.980183978326456,1.0804235716092925
2013-12-23,6284.5,0,1,0.49252884976763955,-0.0025618740800780193,1,GradientBoosting_Shallow,-0.0025618740800780193,0.9776728703986737,1.0776556624656812
2013-12-24,6268.39990234375,1,1,0.5045795848720742,0.001675068624143572,1,GradientBoosting_Shallow,0.001675068624143572,0.9793105395485548,1.079460809653508
2013-12-26,6278.89990234375,1,1,0.5225129710332297,0.0055582829614344575,1,GradientBoosting_Shallow,0.0055582829614344575,0.9847538246344808,1.0854607582793414
2013-12-27,6313.7998046875,0,1,0.5237529669501524,-0.0035952528957914343,1,GradientBoosting_Shallow,-0.0035952528957914343,0.981213385594822,1.0815582523448697
2013-12-30,6291.10009765625,1,1,0.5283450903007545,0.00205050025329534,1,GradientBoosting_Shallow,0.00205050025329534,0.983225363890521,1.0837759878152564
2013-12-31,6304.0,0,1,0.5342698134365617,-0.013142464729735126,1,GradientBoosting_Shallow,-0.013142464729735126,0.9703033592242089,1.0695325001204605
2014-01-02,6221.14990234375,0,1,0.5025998645449105,-0.001607419875260141,1,GradientBoosting_Shallow,-0.001607419875260141,0.9687436743195602,1.0678133123225302
2014-01-03,6211.14990234375,0,0,0.4893467622204038,-0.0031716682644893357,1,GradientBoosting_Shallow,0.0,0.9687436743195602,1.0644265627274376
2014-01-06,6191.4501953125,0,1,0.49184050106508226,-0.00471621258208732,1,GradientBoosting_Shallow,-0.00471621258208732,0.9641748732139168,1.0594065007795945
2014-01-07,6162.25,1,1,0.49235253154751496,0.0020041539464075164,1,GradientBoosting_Shallow,0.0020041539464075164,0.9661072280910955,1.0615297144989817
2014-01-08,6174.60009765625,0,1,0.49040350412547856,-0.0010122113013233403,1,GradientBoosting_Shallow,-0.0010122113013233403,0.9651293234365316,1.0604552221252752
2014-01-09,6168.35009765625,1,0,0.47617373242178956,0.0005025813397698808,1,GradientBoosting_Shallow,0.0,0.9651293234365316,1.060988187131577
2014-01-10,6171.4501953125,1,0,0.45629519798231605,0.01641426269054902,2,VotingEnsemble(HGB+ET+LR),0.0,0.9651293234365316,1.078403525946724
2014-01-13,6272.75,0,1,0.5418313202061138,-0.004926053540113995,2,VotingEnsemble(HGB+ET+LR),-0.004926053540113995,0.9603750447161492,1.0730912524400626
2014-01-14,6241.85009765625,1,0,0.5022133855763111,0.012664483037998941,2,VotingEnsemble(HGB+ET+LR),0.0,0.9603750447161492,1.086681398404815
2014-01-15,6320.89990234375,0,1,0.565463264179333,-0.0003164106426141178,2,VotingEnsemble(HGB+ET+LR),-0.0003164106426141178,0.9600711718311,1.0863375608452288
2014-01-16,6318.89990234375,0,0,0.500580978787922,-0.00906012136365153,2,VotingEnsemble(HGB+ET+LR),0.0,0.9600711718311,1.0764952107020778
2014-01-17,6261.64990234375,1,0,0.4955343304591371,0.006755454812783057,2,VotingEnsemble(HGB+ET+LR),0.0,0.9600711718311,1.083767425454153
2014-01-20,6303.9501953125,1,0,0.5191125319482409,0.0015624503794975375,2,VotingEnsemble(HGB+ET+LR),0.0,0.9600711718311,1.085460758279341
2014-01-21,6313.7998046875,1,0,0.5096366138551524,0.003983400076500443,2,VotingEnsemble(HGB+ET+LR),0.0,0.9600711718311,1.089784582746909
2014-01-22,6338.9501953125,1,0,0.5126645319680746,0.0010569111327305425,2,VotingEnsemble(HGB+ET+LR),0.0,0.9600711718311,1.0909363882046923
2014-01-23,6345.64990234375,0,0,0.49642208820651085,-0.012433699236166218,2,VotingEnsemble(HGB+ET+LR),0.0,0.9600711718311,1.0773720132679656
2014-01-24,6266.75,0,0,0.4855951354532062,-0.020888004522878645,2,VotingEnsemble(HGB+ET+LR),0.0,0.9600711718311,1.0548678617820015
2014-01-27,6135.85009765625,0,0,0.49214183218135593,-0.0015645912959830754,2,VotingEnsemble(HGB+ET+LR),0.0,0.9600711718311,1.0532174247070452
2014-01-28,6126.25,0,0,0.4981815745839511,-0.0009793919608243051,2,VotingEnsemble(HGB+ET+LR),0.0,0.9600711718311,1.052185912028287
2014-01-29,6120.25,0,1,0.5332209048400505,-0.00760586653935702,2,VotingEnsemble(HGB+ET+LR),-0.00760586653935702,0.9527689986298685,1.0441831264068082
2014-01-30,6073.7001953125,1,0,0.5194914853861383,0.0026013474783779245,2,VotingEnsemble(HGB+ET+LR),0.0,0.9527689986298685,1.0468994095496513
2014-01-31,6089.5,0,1,0.5331509906668863,-0.014401871305115388,2,VotingEnsemble(HGB+ET+LR),-0.014401871305115388,0.9390473421280975,1.031822098983916
2014-02-03,6001.7998046875,0,0,0.47472544276812983,-0.0001499387472150282,2,VotingEnsemble(HGB+ET+LR),0.0,0.9390473421280975,1.0316673888710455
2014-02-04,6000.89990234375,1,0,0.48186033618590157,0.003582795972251196,2,VotingEnsemble(HGB+ET+LR),0.0,0.9390473421280975,1.0353636426365955
2014-02-05,6022.39990234375,1,0,0.4696684696767092,0.0023080337687870767,2,VotingEnsemble(HGB+ET+LR),0.0,0.9390473421280975,1.037753296886775
2014-02-06,6036.2998046875,1,0,0.4628867757035813,0.00445643713788213,2,VotingEnsemble(HGB+ET+LR),0.0,0.9390473421280975,1.042377979218981
2014-02-07,6063.2001953125,0,0,0.4808731096962566,-0.0016080616977710571,2,VotingEnsemble(HGB+ET+LR),0.0,0.9390473421280975,1.040701771115999
2014-02-10,6053.4501953125,1,0,0.49237176662785376,0.0015280542007536368,2,VotingEnsemble(HGB+ET+LR),0.0,0.9390473421280975,1.0422920198290846
2014-02-11,6062.7001953125,1,0,0.4906518441347143,0.0035132538310187478,2,VotingEnsemble(HGB+ET+LR),0.0,0.9390473421280975,1.0459538562607893
2014-02-12,6084.0,0,0,0.49055929978579776,-0.013625887959196281,2,VotingEnsemble(HGB+ET+LR),0.0,0.9390473421280975,1.0317018062048904
2014-02-13,6001.10009765625,1,0,0.49666205143413794,0.007873556386512215,2,VotingEnsemble(HGB+ET+LR),0.0,0.9390473421280975,1.039824968550111
2014-02-14,6048.35009765625,1,0,0.525132469715695,0.013020079646268501,2,VotingEnsemble(HGB+ET+LR),0.0,0.9390473421280975,1.0533635724588122
2014-02-18,6127.10009765625,1,1,0.5669804606403117,0.004186303787261814,2,VotingEnsemble(HGB+ET+LR),0.004186303787261814,0.9429784795728665,1.05777327237156
2014-02-19,6152.75,0,0,0.5072900753886738,-0.009962992919832603,2,VotingEnsemble(HGB+ET+LR),0.0,0.9429784795728665,1.047234684748134
2014-02-20,6091.4501953125,1,0,0.5032150950852801,0.01050652930713425,2,VotingEnsemble(HGB+ET+LR),0.0,0.9429784795728665,1.0582374866548878
2014-02-21,6155.4501953125,1,0,0.5079307512348481,0.00497931123983264,2,VotingEnsemble(HGB+ET+LR),0.0,0.9429784795728665,1.0635067804666007
2014-02-24,6186.10009765625,1,0,0.5080463231445872,0.0022550082945691496,2,VotingEnsemble(HGB+ET+LR),0.0,0.9429784795728665,1.0659049970778836
2014-02-25,6200.0498046875,1,0,0.5204522953910994,0.006249949794065124,2,VotingEnsemble(HGB+ET+LR),0.0,0.9429784795728665,1.0725668497948635
2014-02-26,6238.7998046875,1,1,0.5303478864534973,0.006115020808383109,2,VotingEnsemble(HGB+ET+LR),0.006115020808383109,0.948744812597312,1.079125618399741
2014-02-28,6276.9501953125,0,0,0.5158949209803778,-0.008841873564879643,2,VotingEnsemble(HGB+ET+LR),0.0,0.948744812597312,1.069584126121228
2014-03-03,6221.4501953125,1,0,0.5003685055365724,0.01229616851351456,2,VotingEnsemble(HGB+ET+LR),0.0,0.948744812597312,1.0827359127753948
2014-03-04,6297.9501953125,1,1,0.531984503649214,0.004874555383765911,2,VotingEnsemble(HGB+ET+LR),0.004874555383765911,0.9533695217313782,1.0880137689482108
2014-03-05,6328.64990234375,1,0,0.5169099188722912,0.011455839889823904,2,VotingEnsemble(HGB+ET+LR),0.0,0.9533695217313782,1.1004778804832054
2014-03-06,6401.14990234375,1,0,0.5280103844896386,0.019605852372563293,2,VotingEnsemble(HGB+ET+LR),0.0,0.9533695217313782,1.1220536873472304
2014-03-07,6526.64990234375,1,0,0.5232743430887514,0.001624125365211171,2,VotingEnsemble(HGB+ET+LR),0.0,0.9533695217313782,1.1238760432019799
2014-03-10,6537.25,0,0,0.4880351999272918,-0.003877792291292259,2,VotingEnsemble(HGB+ET+LR),0.0,0.9533695217313782,1.1195178853452832
2014-03-11,6511.89990234375,1,0,0.500903002125005,0.000767825070253414,2,VotingEnsemble(HGB+ET+LR),0.0,0.9533695217313782,1.1203774792442485
2014-03-12,6516.89990234375,0,0,0.4961894601851913,-0.0036520132339212807,2,VotingEnsemble(HGB+ET+LR),0.0,0.9533695217313782,1.1162858458630611
2014-03-13,6493.10009765625,1,0,0.49074511346685207,0.0017095220294318647,2,VotingEnsemble(HGB+ET+LR),0.0,0.9533695217313782,1.118194161107707
2014-03-14,6504.2001953125,1,0,0.478023810616468,0.0019141026809448292,2,VotingEnsemble(HGB+ET+LR),0.0,0.9533695217313782,1.1203344995493003
2014-03-18,6516.64990234375,1,0,0.47918992020132684,0.0011355378077144707,2,VotingEnsemble(HGB+ET+LR),0.0,0.9533695217313782,1.1216066817308254
2014-03-19,6524.0498046875,0,0,0.47616415413074925,-0.00627673121100758,2,VotingEnsemble(HGB+ET+LR),0.0,0.9533695217313782,1.114566658065131
2014-03-20,6483.10009765625,1,0,0.4873126245889779,0.0015579117249633345,2,VotingEnsemble(HGB+ET+LR),0.0,0.9533695217313782,1.116303054529984
2014-03-21,6493.2001953125,1,0,0.4658247443096227,0.013906825905766418,2,VotingEnsemble(HGB+ET+LR),0.0,0.9533695217313782,1.1318272867674077
2014-03-24,6583.5,1,1,0.5317695981458752,0.0009493430546061443,2,VotingEnsemble(HGB+ET+LR),0.0009493430546061443,0.9542745964653071,1.132901779141114
2014-03-25,6589.75,1,0,0.487304825796155,0.0017678822935240923,2,VotingEnsemble(HGB+ET+LR),0.0,0.9542745964653071,1.1349046161367595
2014-03-26,6601.39990234375,1,0,0.4987053431942658,0.0061123546903929515,2,VotingEnsemble(HGB+ET+LR),0.0,0.9542745964653071,1.1418415556903516
2014-03-27,6641.75,1,0,0.5067295865037953,0.00815295702845642,2,VotingEnsemble(HGB+ET+LR),0.0,0.9542745964653071,1.151150940827201
2014-03-28,6695.89990234375,1,0,0.5207631167925423,0.001239608281157878,2,VotingEnsemble(HGB+ET+LR),0.0,0.9542745964653071,1.152577917066313
2014-03-31,6704.2001953125,1,0,0.5058648277191774,0.0025132915014651758,2,VotingEnsemble(HGB+ET+LR),0.0,0.9542745964653071,1.1554746813500523
2014-04-01,6721.0498046875,1,0,0.47652852232992154,0.004686767828744776,2,VotingEnsemble(HGB+ET+LR),0.0,0.9542745964653071,1.1608901229135329
2014-04-02,6752.5498046875,0,0,0.4702018421888978,-0.0024360734103480164,2,VotingEnsemble(HGB+ET+LR),0.0,0.9542745964653071,1.1580621093527677
2014-04-03,6736.10009765625,0,0,0.4751668436785039,-0.0061979482778954376,2,VotingEnsemble(HGB+ET+LR),0.0,0.9542745964653071,1.1508845002964088
2014-04-04,6694.35009765625,1,0,0.48084763898877925,0.00010452202544564138,2,VotingEnsemble(HGB+ET+LR),0.0,0.9542745964653071,1.1510047930754337
2014-04-07,6695.0498046875,1,0,0.5023481064685801,0.015108235722784302,2,VotingEnsemble(HGB+ET+LR),0.0,0.9542745964653071,1.1683944448072718
2014-04-09,6796.2001953125,1,1,0.5435880834106933,2.9385101308232464e-05,2,VotingEnsemble(HGB+ET+LR),2.9385101308232464e-05,0.9543026379210001,1.1684287781964005
2014-04-10,6796.39990234375,0,0,0.4758745663346846,-0.002957462472053529,2,VotingEnsemble(HGB+ET+LR),0.0,0.9543026379210001,1.1649731939336172
2014-04-11,6776.2998046875,0,0,0.4893196249680674,-0.006375117435236111,2,VotingEnsemble(HGB+ET+LR),0.0,0.9543026379210001,1.1575463530133883
2014-04-15,6733.10009765625,0,0,0.49816212473003557,-0.008584499284196023,2,VotingEnsemble(HGB+ET+LR),0.0,0.9543026379210001,1.1476093971745212
2014-04-16,6675.2998046875,1,0,0.496168045178995,0.0155948198136584,2,VotingEnsemble(HGB+ET+LR),0.0,0.9543026379210001,1.165506158939919
2014-04-17,6779.39990234375,1,1,0.531192295575425,0.005642092301823887,2,VotingEnsemble(HGB+ET+LR),0.005642092301823887,0.9596869014880244,1.1720820522670021
2014-04-21,6817.64990234375,0,0,0.49918425118837934,-0.0003373310041498989,2,VotingEnsemble(HGB+ET+LR),0.0,0.9596869014880244,1.1716866726513648
2014-04-22,6815.35009765625,1,0,0.5002012930594324,0.0037341745716044095,2,VotingEnsemble(HGB+ET+LR),0.0,0.9596869014880244,1.1760619552302674
2014-04-23,6840.7998046875,0,0,0.4795059569751549,-0.008485821299392904,2,VotingEnsemble(HGB+ET+LR),0.0,0.9596869014880244,1.1660821036411686
2014-04-25,6782.75,0,0,0.46350385439379044,-0.003169805757251898,2,VotingEnsemble(HGB+ET+LR),0.0,0.9596869014880244,1.1623858498756183
2014-04-28,6761.25,0,0,0.49157958562009485,-0.006803475688667016,2,VotingEnsemble(HGB+ET+LR),0.0,0.9596869014880244,1.154477586005139
2014-04-29,6715.25,0,0,0.49206185072419584,-0.0028070582117195597,2,VotingEnsemble(HGB+ET+LR),0.0,0.9596869014880244,1.1512369002170972
2014-04-30,6696.39990234375,0,0,0.4750914801181934,-0.00023894893966680542,2,VotingEnsemble(HGB+ET+LR),0.0,0.9596869014880244,1.150961813380485
2014-05-02,6694.7998046875,1,0,0.4552370657562424,0.0006796757336289261,2,VotingEnsemble(HGB+ET+LR),0.0,0.9596869014880244,1.1517440941953734
2014-05-05,6699.35009765625,1,0,0.4746312429796338,0.0023807842251488687,2,VotingEnsemble(HGB+ET+LR),0.0,0.9596869014880244,1.154486148366242
2014-05-06,6715.2998046875,0,0,0.475821637852645,-0.009344333361884782,2,VotingEnsemble(HGB+ET+LR),0.0,0.9596869014880244,1.1436982449342294
2014-05-07,6652.5498046875,1,0,0.4661627789987688,0.0010973676534682397,2,VotingEnsemble(HGB+ET+LR),0.0,0.9596869014880244,1.1449533023935488
2014-05-08,6659.85009765625,1,0,0.4624965880676603,0.029873000760372248,2,VotingEnsemble(HGB+ET+LR),0.0,0.9596869014880244,1.179156493266542
2014-05-09,6858.7998046875,1,0,0.5277879908821346,0.022664343578924884,2,VotingEnsemble(HGB+ET+LR),0.0,0.9596869014880244,1.205881301163255
2014-05-12,7014.25,1,0,0.5189264395052775,0.013472573689275347,2,VotingEnsemble(HGB+ET+LR),0.0,0.9596869014880244,1.2221276258536962
2014-05-13,7108.75,0,1,0.5404843138369411,0.0,2,VotingEnsemble(HGB+ET+LR),0.0,0.9596869014880244,1.2221276258536962
2014-05-14,7108.75,1,0,0.49238418793334815,0.0020256588491296412,2,VotingEnsemble(HGB+ET+LR),0.0,0.9596869014880244,1.2246032394937725
2014-05-15,7123.14990234375,1,0,0.48862811118914534,0.011209942055266486,2,VotingEnsemble(HGB+ET+LR),0.0,0.9596869014880244,1.2383309708491892
2014-05-16,7203.0,1,0,0.48624709281749084,0.008406192515271416,2,VotingEnsemble(HGB+ET+LR),0.0,0.9596869014880244,1.2487406193877704
2014-05-19,7263.5498046875,1,0,0.4834024333714763,0.0016452279716989704,2,VotingEnsemble(HGB+ET+LR),0.0,0.9596869014880244,1.2507950823841838
2014-05-20,7275.5,0,0,0.4653266544429507,-0.0031063291397498416,2,VotingEnsemble(HGB+ET+LR),0.0,0.9596869014880244,1.246909701171918
2014-05-21,7252.89990234375,1,0,0.4744652482691946,0.0032400833206598367,2,VotingEnsemble(HGB+ET+LR),0.0,0.9596869014880244,1.250949792497054
2014-05-22,7276.39990234375,1,0,0.4674333756946822,0.012464982206830788,2,VotingEnsemble(HGB+ET+LR),0.0,0.9596869014880244,1.2665428594021686
2014-05-23,7367.10009765625,0,0,0.5123920637372295,-0.0010927356574551572,2,VotingEnsemble(HGB+ET+LR),0.0,0.9596869014880244,1.2651588628580046
2014-05-26,7359.0498046875,0,0,0.5109931432916541,-0.005578139267565785,2,VotingEnsemble(HGB+ET+LR),0.0,0.9596869014880244,1.2581016305253876
2014-05-27,7318.0,1,0,0.5011013947695857,0.0015919516731006667,2,VotingEnsemble(HGB+ET+LR),0.0,0.9596869014880244,1.2601044675210331
2014-05-28,7329.64990234375,0,0,0.4955464160605925,-0.012824623447559524,2,VotingEnsemble(HGB+ET+LR),0.0,0.9596869014880244,1.2439441022204885
2014-05-29,7235.64990234375,0,0,0.4964674705487246,-0.0007877256512097697,2,VotingEnsemble(HGB+ET+LR),0.0,0.9596869014880244,1.2429642155424983
2014-05-30,7229.9501953125,1,0,0.4894713372354178,0.01833343261111775,2,VotingEnsemble(HGB+ET+LR),0.0,0.9596869014880244,1.2657520162261775
2014-06-02,7362.5,1,0,0.5276904208854073,0.007246193230050935,2,VotingEnsemble(HGB+ET+LR),0.0,0.9596869014880244,1.2749238999170789
2014-06-03,7415.85009765625,0,0,0.5069452676313275,-0.0018339229457386974,2,VotingEnsemble(HGB+ET+LR),0.0,0.9596869014880244,1.2725857877229503
2014-06-04,7402.25,1,0,0.4808647706058933,0.009706521349083008,2,VotingEnsemble(HGB+ET+LR),0.0,0.9596869014880244,1.2849381688400228
2014-06-05,7474.10009765625,1,0,0.48985799759961984,0.014623807984826875,2,VotingEnsemble(HGB+ET+LR),0.0,0.9596869014880244,1.3037288578935142
2014-06-06,7583.39990234375,1,0,0.5133722830956543,0.009388954325156185,2,VotingEnsemble(HGB+ET+LR),0.0,0.9596869014880244,1.3159695085926644
2014-06-09,7654.60009765625,1,0,0.5104253899749489,0.0002351271999239124,2,VotingEnsemble(HGB+ET+LR),0.0,0.9596869014880244,1.316278928818405
2014-06-10,7656.39990234375,0,0,0.5079773190897275,-0.0038594907612459206,2,VotingEnsemble(HGB+ET+LR),0.0,0.9596869014880244,1.3111987624534076
2014-06-11,7626.85009765625,1,0,0.5140355224582663,0.0030221919130917207,2,VotingEnsemble(HGB+ET+LR),0.0,0.9596869014880244,1.3151614567497503
2014-06-12,7649.89990234375,0,0,0.5099277323618829,-0.014091662121549109,2,VotingEnsemble(HGB+ET+LR),0.0,0.9596869014880244,1.2966286458659484
2014-06-13,7542.10009765625,0,0,0.5033163163890556,-0.0011336753501066665,2,VotingEnsemble(HGB+ET+LR),0.0,0.9596869014880244,1.2951586899318879
2014-06-16,7533.5498046875,1,0,0.5157362724148474,0.013028438540876097,2,VotingEnsemble(HGB+ET+LR),0.0,0.9596869014880244,1.312032585324347
2014-06-17,7631.7001953125,0,1,0.546912219344723,-0.009630881470572561,2,VotingEnsemble(HGB+ET+LR),-0.009630881470572561,0.9504442706909322,1.2993965550095594
2014-06-18,7558.2001953125,0,0,0.5017538123839514,-0.0023153660326241665,2,VotingEnsemble(HGB+ET+LR),0.0,0.9504442706909322,1.2963879763631814
2014-06-19,7540.7001953125,0,0,0.49559025928227074,-0.003878950129615588,2,VotingEnsemble(HGB+ET+LR),0.0,0.9504442706909322,1.2913593520542352
2014-06-20,7511.4501953125,0,0,0.5064041881895945,-0.002409667532315529,2,VotingEnsemble(HGB+ET+LR),0.0,0.9504442706909322,1.288247605351038
2014-06-23,7493.35009765625,1,0,0.5236531790416241,0.011590289593357506,2,VotingEnsemble(HGB+ET+LR),0.0,0.9504442706909322,1.303178768165006
2014-06-24,7580.2001953125,0,1,0.5336072709415701,-0.001444578643090666,2,VotingEnsemble(HGB+ET+LR),-0.001444578643090666,0.9490712791960442,1.3012962239483856
2014-06-25,7569.25,0,0,0.5207557987707053,-0.010047204767645423,2,VotingEnsemble(HGB+ET+LR),0.0,0.9490712791960442,1.2882218343230125
2014-06-26,7493.2001953125,1,0,0.5014499060539886,0.0020818353932086087,2,VotingEnsemble(HGB+ET+LR),0.0,0.9490712791960442,1.2909037001320103
2014-06-27,7508.7998046875,1,0,0.5227529116536501,0.013657348129687996,2,VotingEnsemble(HGB+ET+LR),0.0,0.9490712791960442,1.3085340213666155
2014-06-30,7611.35009765625,1,1,0.6084935489267577,0.003067799714460584,2,VotingEnsemble(HGB+ET+LR),0.003067799714460584,0.9519828397953646,1.3125483416637258
2014-07-01,7634.7001953125,1,0,0.5024022415445729,0.011847185183091247,2,VotingEnsemble(HGB+ET+LR),0.0,0.9519828397953646,1.3280983449291752
2014-07-02,7725.14990234375,0,1,0.5603022973248528,-0.0013397924683778983,2,VotingEnsemble(HGB+ET+LR),-0.0013397924683778983,0.9507073803565818,1.326318968769374
2014-07-03,7714.7998046875,1,0,0.483863918417557,0.0047700904625405105,2,VotingEnsemble(HGB+ET+LR),0.0,0.9507073803565818,1.3326456302325873
2014-07-04,7751.60009765625,1,0,0.4912988502464422,0.004586124701950078,2,VotingEnsemble(HGB+ET+LR),0.0,0.9507073803565818,1.3387573092763427
2014-07-07,7787.14990234375,0,0,0.490854530300759,-0.021053878387766067,2,VotingEnsemble(HGB+ET+LR),0.0,0.9507073803565818,1.3105712756961057
2014-07-08,7623.2001953125,0,0,0.4850728142011785,-0.005011044487063243,2,VotingEnsemble(HGB+ET+LR),0.0,0.9507073803565818,1.3040039447301253
2014-07-09,7585.0,0,0,0.4539077539201742,-0.0022742254449571453,2,VotingEnsemble(HGB+ET+LR),0.0,0.9507073803565818,1.3010383457786956
2014-07-10,7567.75,0,0,0.4605541580758508,-0.014290892582835002,3,ExtraTrees_Deep,0.0,0.9507073803565818,1.282445346533023
2014-07-11,7459.60009765625,0,0,0.40856950096202194,-0.000730628350199658,3,ExtraTrees_Deep,0.0,0.9507073803565818,1.2815083556052644
2014-07-14,7454.14990234375,1,0,0.46724705411791273,0.009726125842626887,3,ExtraTrees_Deep,0.0,0.9507073803565818,1.293972467140259
2014-07-15,7526.64990234375,1,1,0.5211127129062643,0.012987185702574067,3,ExtraTrees_Deep,0.012987185702574067,0.9630543936540804,1.3107775278650275
2014-07-16,7624.39990234375,1,1,0.5646183859109924,0.002105122130833692,3,ExtraTrees_Deep,0.002105122130833692,0.9650817407713582,1.3135368746475358
2014-07-17,7640.4501953125,1,1,0.5219042950293882,0.0030691525279016307,3,ExtraTrees_Deep,0.0030691525279016307,0.9680437238356784,1.3175683196668522
2014-07-18,7663.89990234375,1,1,0.4937296600390431,0.002648820212610259,3,ExtraTrees_Deep,0.002648820212610259,0.9706078976180649,1.3210583212634808
2014-07-21,7684.2001953125,1,1,0.4935350404427539,0.010885960831002128,3,ExtraTrees_Deep,0.010885960831002128,0.9811738971737964,1.3354393104042244
2014-07-22,7767.85009765625,1,1,0.524940429438813,0.0035917148236637164,3,ExtraTrees_Deep,0.0035917148236637164,0.9846979940048675,1.3402358275715065
2014-07-23,7795.75,1,1,0.5294294293929513,0.004470397031234974,3,ExtraTrees_Deep,0.004470397031234974,0.9890999849939298,1.346227213836237
2014-07-24,7830.60009765625,0,1,0.5082909849732806,-0.005127308487604565,3,ExtraTrees_Deep,-0.005127308487604565,0.9840285642457809,1.3393246916164903
2014-07-25,7790.4501953125,0,1,0.4963506826167425,-0.005359125461725012,3,ExtraTrees_Deep,-0.005359125461725012,0.9787550317120666,1.3321470825601314
2014-07-28,7748.7001953125,1,1,0.5095245526741478,0.005510563830702919,3,ExtraTrees_Deep,0.005510563830702919,0.9841485237889376,1.3394879640904636
2014-07-30,7791.39990234375,0,1,0.5191541399364668,-0.00899711201258746,3,ExtraTrees_Deep,-0.00899711201258746,0.9752940292833859,1.327436440838029
2014-07-31,7721.2998046875,0,0,0.4784157404832123,-0.015373021386786312,3,ExtraTrees_Deep,0.0,0.9752940292833859,1.3070297320434265
2014-08-01,7602.60009765625,1,0,0.4101670638688621,0.01066080073217135,3,ExtraTrees_Deep,0.0,0.9752940292833859,1.320963715567765
2014-08-04,7683.64990234375,1,1,0.514275306485534,0.008186200977814417,3,ExtraTrees_Deep,0.008186200977814417,0.9832779822195622,1.3317773900278032
2014-08-05,7746.5498046875,0,1,0.524479268029774,-0.009617184666510403,3,ExtraTrees_Deep,-0.009617184666510403,0.9738216162860429,1.3189694409332224
2014-08-06,7672.0498046875,0,0,0.48579573814750887,-0.0029718009225604414,3,ExtraTrees_Deep,0.0,0.9738216162860429,1.3150497263318282
2014-08-07,7649.25,0,0,0.47660108447083727,-0.010550079460404649,3,ExtraTrees_Deep,0.0,0.9738216162860429,1.301175847224644
2014-08-08,7568.5498046875,1,0,0.432092996376886,0.007584067239598591,3,ExtraTrees_Deep,0.0,0.9738216162860429,1.3110440523405373
2014-08-11,7625.9501953125,1,1,0.4999488566340386,0.013257313093540057,3,ExtraTrees_Deep,0.013257313093540057,0.9867318743504042,1.3284249738218394
2014-08-12,7727.0498046875,1,1,0.5621028382887632,0.0016176937273546521,3,ExtraTrees_Deep,0.0016176937273546521,0.9883281043141218,1.3305739585692522
2014-08-13,7739.5498046875,1,1,0.5333884199508713,0.006738168490551644,3,ExtraTrees_Deep,0.006738168490551644,0.9949876256049378,1.3395395900912321
2014-08-14,7791.7001953125,1,1,0.5249530302094332,0.010594581749585608,3,ExtraTrees_Deep,0.010594581749585608,1.0055291033442355,1.35373145178526
2014-08-18,7874.25,1,1,0.5356504408277728,0.0029526621583007007,3,ExtraTrees_Deep,0.0029526621583007007,1.00849809107675,1.357728563415448
2014-08-19,7897.5,0,1,0.5235860766312063,-0.002811040875276949,3,ExtraTrees_Deep,-0.002811040875276949,1.0056631617200946,1.353911932926156
2014-08-20,7875.2998046875,1,1,0.4998551603867945,0.0020063100276317414,3,ExtraTrees_Deep,0.0020063100276317414,1.0076808338058736,1.356628300013716
2014-08-21,7891.10009765625,1,1,0.5050221699726047,0.002800635828053233,3,ExtraTrees_Deep,0.002800635828053233,1.010502980852273,1.3604277218360854
2014-08-22,7913.2001953125,0,1,0.5122281230622925,-0.0008720101166007632,3,ExtraTrees_Deep,-0.0008720101166007632,1.0096218120301146,1.3592414150997403
2014-08-25,7906.2998046875,0,1,0.5149620342032274,-0.0001960214924535686,3,ExtraTrees_Deep,-0.0001960214924535686,1.0094239044557067,1.3589749745689477
2014-08-26,7904.75,1,1,0.5047655394400961,0.003959619809291937,3,ExtraTrees_Deep,0.003959619809291937,1.0134208393437623,1.364355998798583
2014-08-27,7936.0498046875,1,1,0.5146804475559398,0.002305970025281434,3,ExtraTrees_Deep,0.002305970025281434,1.0157577574222845,1.3675021628356254
2014-08-28,7954.35009765625,1,1,0.5144654849196865,0.009221381603238932,3,ExtraTrees_Deep,0.009221381603238932,1.0251244473199255,1.3801124221223873
2014-09-01,8027.7001953125,1,1,0.524317606109826,0.006894827662761838,3,ExtraTrees_Deep,0.006894827662761838,1.0321925037170803,1.389628059428158
2014-09-02,8083.0498046875,1,1,0.5001890169445442,0.003903265936881173,3,ExtraTrees_Deep,0.003903265936881173,1.0362214255571431,1.3950521472974582
2014-09-03,8114.60009765625,0,0,0.47743624748048047,-0.0022983144109759435,3,ExtraTrees_Deep,0.0,1.0362214255571431,1.3918458788432615
2014-09-04,8095.9501953125,0,0,0.48859536396158176,-0.0011240308347646444,3,ExtraTrees_Deep,0.0,1.0362214255571431,1.3902814011582016
2014-09-05,8086.85009765625,1,1,0.5108131994926276,0.010764364818970584,3,ExtraTrees_Deep,0.010764364818970584,1.047375691015074,1.4052468973612982
2014-09-08,8173.89990234375,0,1,0.5597560812280952,-0.002563000193486986,3,ExtraTrees_Deep,-0.002563000193486986,1.0446912669163488,1.4016452492914642
2014-09-09,8152.9501953125,0,1,0.4989538119375505,-0.007218257961404628,3,ExtraTrees_Deep,-0.007218257961404628,1.03715041586172,1.391527812311701
2014-09-10,8094.10009765625,0,0,0.481339150930007,-0.001037780882668149,3,ExtraTrees_Deep,0.0,1.03715041586172,1.3900837113503828
2014-09-11,8085.7001953125,1,0,0.4749999088733323,0.0024487433628788136,3,ExtraTrees_Deep,0.0,1.03715041586172,1.393487669612398
2014-09-12,8105.5,0,0,0.48612769134233175,-0.007834186663376763,3,ExtraTrees_Deep,0.0,1.03715041586172,1.3825708270955406
2014-09-15,8042.0,0,0,0.48527685099422413,-0.013566289188790104,3,ExtraTrees_Deep,0.0,1.03715041586172,1.3638144714311777
2014-09-16,7932.89990234375,1,0,0.43923706686738967,0.005370053597129498,3,ExtraTrees_Deep,0.0,1.03715041586172,1.371138228239304
2014-09-17,7975.5,1,1,0.4915694813129084,0.01745972039370569,3,ExtraTrees_Deep,0.01745972039370569,1.055258772128881,1.3950779183254833
2014-09-18,8114.75,1,1,0.6166258167679377,0.000825681051480398,3,ExtraTrees_Deep,0.000825681051480398,1.0561300793014363,1.3962298077279833
2014-09-19,8121.4501953125,1,1,0.5222049756424497,0.0030597502634865936,3,ExtraTrees_Deep,0.0030597502634865936,1.059361573589855,1.4005019222500668
2014-09-22,8146.2998046875,0,1,0.5014889154424431,-0.015804721540682243,3,ExtraTrees_Deep,-0.015804721540682243,1.0426186589083684,1.3783673793517142
2014-09-23,8017.5498046875,0,0,0.47773362549197995,-0.0018895925454548435,3,ExtraTrees_Deep,0.0,1.0426186589083684,1.375762826626793
2014-09-24,8002.39990234375,0,0,0.4724967267577534,-0.011315331124726713,3,ExtraTrees_Deep,0.0,1.0426186589083684,1.3601956146944207
2014-09-25,7911.85009765625,1,0,0.43430601216419595,0.007204383209546084,3,ExtraTrees_Deep,0.0,1.0426186589083684,1.3699949851426234
2014-09-26,7968.85009765625,0,1,0.5308816446577302,-0.0012486362763213243,3,ExtraTrees_Deep,-0.0012486362763213243,1.041316807428486,1.368284359705796
2014-09-29,7958.89990234375,1,1,0.5201287473365238,0.0007412962113033661,3,ExtraTrees_Deep,0.0007412962113033661,1.0420887316325993,1.3692986637176316
2014-09-30,7964.7998046875,0,1,0.5091309611858716,-0.002416884350146642,3,ExtraTrees_Deep,-0.002416884350146642,1.0395701236856523,1.3659892272066159
2014-10-01,7945.5498046875,0,1,0.4965128025275356,-0.011723531364537632,3,ExtraTrees_Deep,-0.011723531364537632,1.0273826907349872,1.3499750096578387
2014-10-07,7852.39990234375,0,0,0.4533415131117271,-0.0012352538270948843,3,ExtraTrees_Deep,0.0,1.0273826907349872,1.3483074478606765
2014-10-08,7842.7001953125,1,0,0.45922211464625784,0.01502666255755103,3,ExtraTrees_Deep,0.0,1.0273826907349872,1.3685680089035117
2014-10-09,7960.5498046875,0,1,0.5975052367364606,-0.012637269013223484,3,ExtraTrees_Deep,-0.012637269013223484,1.0143993792926398,1.3512730468121064
2014-10-10,7859.9501953125,1,0,0.48184531423655574,0.0030915977943464235,3,ExtraTrees_Deep,0.0,1.0143993792926398,1.3554506395831905
2014-10-13,7884.25,0,1,0.4992751251651854,-0.002568411706883933,3,ExtraTrees_Deep,-0.002568411706883933,1.0117939840514087,1.3519692842923816
2014-10-14,7864.0,0,0,0.48796107790473925,-0.014725305784270115,3,ExtraTrees_Deep,0.0,1.0117939840514087,1.3320611231702355
2014-10-16,7748.2001953125,1,0,0.4398203097236281,0.0040654602625080916,3,ExtraTrees_Deep,0.0,1.0117939840514087,1.337476564733716
2014-10-17,7779.7001953125,1,0,0.4881271960698017,0.012815366213124957,3,ExtraTrees_Deep,0.0,1.0117939840514087,1.3546168167122508
2014-10-20,7879.39990234375,1,1,0.6083317963636683,0.006136266499415566,3,ExtraTrees_Deep,0.006136266499415566,1.0180026215800535,1.362929106504187
2014-10-21,7927.75,1,1,0.5318215020761695,0.008596373793793965,3,ExtraTrees_Deep,0.008596373793793965,1.0267537526382178,1.3746453545581387
2014-10-22,7995.89990234375,0,1,0.5380810483697978,-0.0005252325670084268,3,ExtraTrees_Deep,-0.0005252325670084268,1.0262144681290342,1.373923346049838
2014-10-27,7991.7001953125,1,1,0.5195717237528145,0.00449214828714517,3,ExtraTrees_Deep,0.00449214828714517,1.0308243756942836,1.3800952134554645
2014-10-28,8027.60009765625,1,1,0.5094176057969623,0.007829251194837239,3,ExtraTrees_Deep,0.007829251194837239,1.0388949586693554,1.3909003255544
2014-10-29,8090.4501953125,1,1,0.53850029413767,0.009733698137790459,3,ExtraTrees_Deep,0.009733698137790459,1.0490072485939153,1.404438929463101
2014-10-30,8169.2001953125,1,1,0.5736957777288695,0.018728883653480688,3,ExtraTrees_Deep,0.018728883653480688,1.0686539833044886,1.4307425027714344
2014-10-31,8322.2001953125,1,1,0.5710273667714408,0.0002343365055792468,3,ExtraTrees_Deep,0.0002343365055792468,1.0689044079446095,1.4310777779699175
2014-11-03,8324.150390625,1,1,0.5071576396008641,0.0016998027904968627,3,ExtraTrees_Deep,0.0016998027904968627,1.0707213346400082,1.433510327970329
2014-11-05,8338.2998046875,0,1,0.5238345631467317,-0.00015588365949248395,3,ExtraTrees_Deep,-0.00015588365949248395,1.0705544266800677,1.4332868671344847
2014-11-07,8337.0,1,1,0.5479692443716856,0.000869617368358,3,ExtraTrees_Deep,0.000869617368358,1.0714853994032814,1.4345332782879843
2014-11-10,8344.25,1,1,0.5490573330899989,0.002205158117865702,3,ExtraTrees_Deep,0.002205158117865702,1.07384819412995,1.4376966509919495
2014-11-11,8362.650390625,1,1,0.5293641226796363,0.0024692427756694,3,ExtraTrees_Deep,0.0024692427756694,1.076499786025471,1.4412466730610156
2014-11-12,8383.2998046875,0,1,0.5073234449647446,-0.0030358207275695825,3,ExtraTrees_Deep,-0.0030358207275695825,1.0732317256618307,1.4368713065373964
2014-11-13,8357.849609375,1,1,0.5285052568493604,0.0038348119131084157,3,ExtraTrees_Deep,0.0038348119131084157,1.0773473674689245,1.4423814377413096
2014-11-14,8389.900390625,1,1,0.5159985510197055,0.0048689027846677835,3,ExtraTrees_Deep,0.0048689027846677835,1.0825928670664484,1.4494042527400814
2014-11-17,8430.75,0,1,0.5293768818802072,-0.0005752287014797464,3,ExtraTrees_Deep,-0.0005752287014797464,1.0819701285772945,1.4485705138138585
2014-11-18,8425.900390625,0,1,0.5113994335660453,-0.005174590716264804,3,ExtraTrees_Deep,-0.005174590716264804,1.0763713759946825,1.4410747542812223
2014-11-19,8382.2998046875,1,1,0.5022556261273634,0.00233833033823716,3,ExtraTrees_Deep,0.00233833033823716,1.078888287838381,1.4444444630988258
2014-11-20,8401.900390625,1,1,0.507924802497367,0.008980018238991194,3,ExtraTrees_Deep,0.008980018238991194,1.0885767243410036,1.457415600722663
2014-11-21,8477.349609375,1,1,0.5481143625216851,0.006228453901630848,3,ExtraTrees_Deep,0.006228453901630848,1.09535687428695,1.4664930466072819
2014-11-24,8530.150390625,0,1,0.5269627914738867,-0.00786044538249775,3,ExtraTrees_Deep,-0.00786044538249775,1.0867468814022738,1.4549657581106126
2014-11-25,8463.099609375,1,0,0.48544833676285304,0.0014947703806991175,3,ExtraTrees_Deep,0.0,1.0867468814022738,1.4571405978307677
2014-11-26,8475.75,1,1,0.49226046783415306,0.0021768215570894256,3,ExtraTrees_Deep,0.0021768215570894256,1.08911253544081,1.460312532895836
2014-11-27,8494.2001953125,1,1,0.4939501511425133,0.0110722378240391,3,ExtraTrees_Deep,0.0110722378240391,1.1011714484503528,1.4764814605574836
2014-11-28,8588.25,0,1,0.6032415559100162,-0.0037667288883066474,3,ExtraTrees_Deep,-0.0037667288883066474,1.0970236341444963,1.4709199551869525
2014-12-01,8555.900390625,0,1,0.5194378688794214,-0.003646629096650922,3,ExtraTrees_Deep,-0.003646629096650922,1.0930231958405112,1.4655560556795233
2014-12-02,8524.7001953125,1,1,0.504391161117256,0.0015191379187295961,3,ExtraTrees_Deep,0.0015191379187295961,1.0946836488233636,1.4677824374557298
2014-12-03,8537.650390625,1,1,0.49370361869557816,0.0031331805328282947,3,ExtraTrees_Deep,0.0031331805328282947,1.0981134903214624,1.4723812648151933
2014-12-04,8564.400390625,0,1,0.4973022461889408,-0.003047567225613501,3,ExtraTrees_Deep,-0.003047567225613501,1.0947669156383546,1.4678940839289352
2014-12-05,8538.2998046875,0,0,0.47807341916103446,-0.0117177666486451,3,ExtraTrees_Deep,0.0,1.0947669156383546,1.4506936435885291
2014-12-08,8438.25,0,0,0.4636717345544404,-0.011560430739489869,3,ExtraTrees_Deep,0.0,1.0947669156383546,1.4339230001976058
2014-12-09,8340.7001953125,1,0,0.42451593304960866,0.0017924388795202972,3,ExtraTrees_Deep,0.0,1.0947669156383546,1.4364932195333984
2014-12-10,8355.650390625,0,0,0.46180096455012076,-0.007509888167461565,3,ExtraTrees_Deep,0.0,1.0947669156383546,1.4257053161013857
2014-12-11,8292.900390625,0,0,0.4553722636378582,-0.008296347237907065,3,ExtraTrees_Deep,0.0,1.0947669156383546,1.4138771697400785
2014-12-12,8224.099609375,0,0,0.4545845236413466,-0.0005471723609561385,3,ExtraTrees_Deep,0.0,1.0947669156383546,1.4131035352310097
2014-12-15,8219.599609375,0,0,0.48585296653225973,-0.018492325531937692,3,ExtraTrees_Deep,0.0,1.0947669156383546,1.3869719646471859
2014-12-16,8067.60009765625,0,0,0.4239386231755537,-0.004685444557388396,3,ExtraTrees_Deep,0.0,1.0947669156383546,1.3804733844041794
2014-12-17,8029.7998046875,1,0,0.4469998648532064,0.01612742573288095,3,ExtraTrees_Deep,0.0,1.0947669156383546,1.4027368663873767
2014-12-18,8159.2998046875,1,1,0.6217905590366809,0.008076721312181734,3,ExtraTrees_Deep,0.008076721312181734,1.1036090429177623,1.4140663811315106
2014-12-19,8225.2001953125,1,1,0.5939916882756866,0.012011841942012103,3,ExtraTrees_Deep,0.012011841942012103,1.1168654203070658,1.4310519229971754
2014-12-22,8324.0,0,1,0.5921240574718355,-0.006847669389716482,3,ExtraTrees_Deep,-0.006847669389716482,1.1092174951559963,1.4212525525489728
2014-12-23,8267.0,0,1,0.5140036469270779,-0.01123743829003876,3,ExtraTrees_Deep,-0.01123743829003876,1.0967527320039494,1.4052813146951435
2014-12-24,8174.10009765625,1,0,0.47533545000515515,0.0032541927965719086,3,ExtraTrees_Deep,0.0,1.0967527320039494,1.4098543710265816
2014-12-26,8200.7001953125,1,1,0.5042980843593886,0.005560453167287482,3,ExtraTrees_Deep,0.005560453167287482,1.102851174206352,1.4176938002293704
2014-12-29,8246.2998046875,1,1,0.5351520145713413,0.00023649337990261365,3,ExtraTrees_Deep,0.00023649337990261365,1.1031119912080696,1.4180290754278537
2014-12-30,8248.25,1,1,0.5120626834894251,0.004176667209711216,3,ExtraTrees_Deep,0.004176667209711216,1.1077193228903877,1.4239517109696103
2014-12-31,8282.7001953125,1,1,0.5142159135923574,0.013612710510011006,3,ExtraTrees_Deep,0.013612710510011006,1.1227983853592398,1.4433355533912744
2015-01-02,8395.4501953125,0,1,0.5255580625029408,-0.0020308386436523884,3,ExtraTrees_Deep,-0.0020308386436523884,1.1205181630092218,1.44040437177369
2015-01-05,8378.400390625,0,1,0.507736251827674,-0.029963988501869876,3,ExtraTrees_Deep,-0.029963988501869876,1.086942969656677,1.3972441117398202
2015-01-06,8127.35009765625,0,0,0.4467899385438654,-0.0031067936900222026,3,ExtraTrees_Deep,0.0,1.086942969656677,1.3929031625500463
2015-01-07,8102.10009765625,1,0,0.4401884744706603,0.016353724358093125,3,ExtraTrees_Deep,0.0,1.086942969656677,1.415682316927906
2015-01-08,8234.599609375,1,1,0.5918691218039598,0.006059844193054609,3,ExtraTrees_Deep,0.006059844193054609,1.0935296746995327,1.4242611311953517
2015-01-09,8284.5,1,1,0.5513307468906642,0.004647232784114941,3,ExtraTrees_Deep,0.004647232784114941,1.098611561654199,1.4308800042173833
2015-01-12,8323.0,0,1,0.5300169156379948,-0.002835469106692301,4,ExtraTrees_Deep,-0.002835469106692301,1.0954964825108735,1.426822788170041
2015-01-13,8299.400390625,0,1,0.5041329758886036,-0.0026327909136885097,4,ExtraTrees_Deep,-0.0026327909136885097,1.0926122693257412,1.4230662620979033
2015-01-14,8277.5498046875,1,1,0.508964392087262,0.026167234392820093,4,ExtraTrees_Deep,0.026167234392820093,1.1212029106776589,1.4603039705347336
2015-01-15,8494.150390625,1,1,0.6568183904084398,0.0023132877520259942,4,ExtraTrees_Deep,0.0023132877520259942,1.1237965756384654,1.4636820738240066
2015-01-16,8513.7998046875,1,1,0.5755980315043817,0.004334185847861161,4,ExtraTrees_Deep,0.004334185847861161,1.1286673188524725,1.4700259439541428
2015-01-19,8550.7001953125,1,1,0.5377267663389419,0.016945912118627948,4,ExtraTrees_Deep,0.016945912118627948,1.147793616048914,1.4949368744124927
2015-01-20,8695.599609375,1,1,0.5804541436049944,0.0038985684884169647,4,ExtraTrees_Deep,0.0038985684884169647,1.1522683680716483,1.5007649882032497
2015-01-21,8729.5,1,1,0.5229838030767175,0.0036543204794088346,4,ExtraTrees_Deep,0.0036543204794088346,1.1564791259668676,1.5062492644344205
2015-01-22,8761.400390625,1,1,0.522386666514248,0.008468876599840858,4,ExtraTrees_Deep,0.008468876599840858,1.1662732049749729,1.5190055035835166
2015-01-23,8835.599609375,1,1,0.5652340764305956,0.00847711461998868,4,ExtraTrees_Deep,0.00847711461998868,1.1761598366117674,1.5318822873457878
2015-01-27,8910.5,1,1,0.5318755380707296,0.0004264412420740271,4,ExtraTrees_Deep,0.0004264412420740271,1.1766613996733697,1.5325355451311147
2015-01-28,8914.2998046875,1,1,0.4848527049110732,0.0042684008302582566,4,ExtraTrees_Deep,0.0042684008302582566,1.1816838621686683,1.5390770211243525
2015-01-29,8952.349609375,0,1,0.5004938493230823,-0.01602363904552817,4,ExtraTrees_Deep,-0.01602363904552817,1.162748986495352,1.5144154064745892
2015-01-30,8808.900390625,0,1,0.5328616872469679,-0.0013054977908750764,4,ExtraTrees_Deep,-0.0013054977908750764,1.16123102026214,1.5124383405069695
2015-02-02,8797.400390625,0,1,0.5028635377413024,-0.004643483770618517,4,ExtraTrees_Deep,-0.004643483770618517,1.155838862865614,1.505415357618764
2015-02-03,8756.5498046875,0,1,0.48100615522008344,-0.003751432939651078,4,ExtraTrees_Deep,-0.003751432939651078,1.1515028108825311,1.4997678928583364
2015-02-04,8723.7001953125,0,1,0.4858101083274082,-0.0013755630903555804,4,ExtraTrees_Deep,-0.0013755630903555804,1.1499188461174403,1.4977048675008202
2015-02-05,8711.7001953125,0,1,0.49360914524574095,-0.005814064934449137,4,ExtraTrees_Deep,-0.005814064934449137,1.1432331432767666,1.4889971141485299
2015-02-06,8661.0498046875,0,1,0.4572071317742497,-0.01555240973670402,4,ExtraTrees_Deep,-0.01555240973670402,1.1254531130079464,1.4658396209325222
2015-02-09,8526.349609375,1,0,0.4478332758461118,0.0045975355349490155,4,ExtraTrees_Deep,0.0,1.1254531130079464,1.4725788706782956
2015-02-10,8565.5498046875,1,1,0.4976188175943399,0.007220854159723844,4,ExtraTrees_Deep,0.007220854159723844,1.133579845800584,1.4832121479421545
2015-02-11,8627.400390625,1,1,0.5232445532470337,0.009753739278629103,4,ExtraTrees_Deep,0.009753739278629103,1.1446364880680313,1.4976790125280777
2015-02-12,8711.5498046875,1,1,0.5581156989477266,0.0107845558389561,4,ExtraTrees_Deep,0.0107845558389561,1.1569808841889075,1.5138308154675193
2015-02-13,8805.5,1,1,0.5747058989511105,0.00043718237181300523,4,ExtraTrees_Deep,0.00043718237181300523,1.1574866958359995,1.514492635613949
2015-02-16,8809.349609375,1,1,0.5344831264999143,0.006782566551384539,4,ExtraTrees_Deep,0.006782566551384539,1.1653374263828493,1.5247647827065824
2015-02-18,8869.099609375,1,1,0.5405905464234184,0.0029540986646272582,4,ExtraTrees_Deep,0.0029540986646272582,1.168779948117967,1.5292690883150466
2015-02-19,8895.2998046875,0,1,0.5291541693290083,-0.006936269340802492,4,ExtraTrees_Deep,-0.006936269340802492,1.1606729755976917,1.51866166602393
2015-02-20,8833.599609375,0,1,0.5063794290687297,-0.008903438863023694,4,ExtraTrees_Deep,-0.008903438863023694,1.1503389947194937,1.5051403547268682
2015-02-23,8754.9501953125,1,1,0.4812962110390709,0.0008166139044774035,4,ExtraTrees_Deep,0.0008166139044774035,1.1512783775374442,1.5063694732687283
2015-02-24,8762.099609375,1,1,0.5097005587501385,0.0005878032497472763,4,ExtraTrees_Deep,0.0005878032497472763,1.1519551027091246,1.5072549221404357
2015-02-25,8767.25,0,1,0.5161344383966693,-0.00951271956713906,4,ExtraTrees_Deep,-0.00951271956713906,1.1409968768631178,1.4929168287499237
2015-02-26,8683.849609375,1,1,0.4684695808278559,0.018511375395821705,4,ExtraTrees_Deep,0.018511375395821705,1.162118298376191,1.5205527726016532
2015-02-27,8844.599609375,1,1,0.6625741774776758,0.01268009809128312,4,ExtraTrees_Deep,0.01268009809128312,1.176854072393276,1.5398335309112148
2015-03-02,8956.75,1,1,0.6454626616267489,0.004410081781896391,4,ExtraTrees_Deep,0.004410081781896391,1.1820440950978883,1.5466243227130396
2015-03-03,8996.25,0,1,0.5364685998490236,-0.008181143184660233,4,ExtraTrees_Deep,-0.008181143184660233,1.1723736231053103,1.5339711676760461
2015-03-04,8922.650390625,1,1,0.5178910601526844,0.0016922784950608172,4,ExtraTrees_Deep,0.0016922784950608172,1.174357605775868,1.5365670740951476
2015-03-05,8937.75,0,1,0.5241008792238849,-0.02025118178512486,4,ExtraTrees_Deep,-0.02025118178512486,1.150575476420557,1.5054497749526092
2015-03-09,8756.75,0,0,0.4411167668451762,-0.005104655872612551,4,ExtraTrees_Deep,0.0,1.150575476420557,1.4977649719179742
2015-03-10,8712.0498046875,0,0,0.44984695903352545,-0.0013888361116221049,4,ExtraTrees_Deep,0.0,1.150575476420557,1.495684821838252
2015-03-11,8699.9501953125,1,1,0.4700441087048677,0.008741406902360804,4,ExtraTrees_Deep,0.008741406902360804,1.1606331248318267,1.508759211463625
2015-03-12,8776.0,0,1,0.5358575525282931,-0.014613719234275346,4,ExtraTrees_Deep,-0.014613719234275346,1.1436719582115347,1.486710627955169
2015-03-13,8647.75,0,1,0.45537783589202824,-0.0016882552542568652,4,ExtraTrees_Deep,-0.0016882552542568652,1.141741148018938,1.484200680925964
2015-03-16,8633.150390625,1,1,0.49807664012377345,0.010442238346779709,4,ExtraTrees_Deep,0.010442238346779709,1.1536634812168776,1.4996990581906458
2015-03-17,8723.2998046875,0,1,0.5555675072975589,-0.004287301239194297,4,ExtraTrees_Deep,-0.004287301239194297,1.1487173783442433,1.4932693965600465
2015-03-18,8685.900390625,0,1,0.4956745432181026,-0.00590036699653107,4,ExtraTrees_Deep,-0.00590036699653107,1.1419395242367192,1.4844585590956538
2015-03-19,8634.650390625,0,1,0.49310545356172153,-0.0073830435647072035,4,ExtraTrees_Deep,-0.0073830435647072035,1.1335085349810186,1.4734987368838481
2015-03-20,8570.900390625,0,1,0.46926825738979655,-0.002333477124745964,4,ExtraTrees_Deep,-0.002333477124745964,1.130863518743936,1.4700603612879877
2015-03-23,8550.900390625,0,1,0.5026580707793169,-0.000929749494125387,4,ExtraTrees_Deep,-0.000929749494125387,1.1298120989594589,1.4686935734107465
2015-03-24,8542.9501953125,0,1,0.51913737648713,-0.0014222710360253243,4,ExtraTrees_Deep,-0.0014222710360253243,1.1282051999349578,1.466604693080488
2015-03-25,8530.7998046875,0,1,0.5181244805421823,-0.022113918786236364,4,ExtraTrees_Deep,-0.022113918786236364,1.1032561617693866,1.434172316006193
2015-03-26,8342.150390625,0,1,0.5043943753772967,-8.990487642646094e-05,4,ExtraTrees_Deep,-8.990487642646094e-05,1.103156973660496,1.4340433769213483
2015-03-27,8341.400390625,1,1,0.5515942801431954,0.018090417315550278,4,ExtraTrees_Deep,0.018090417315550278,1.123113543678574,1.4599858200584566
2015-03-30,8492.2998046875,0,1,0.6350721364435967,-0.0001530568535489385,4,ExtraTrees_Deep,-0.0001530568535489385,1.1229416434534003,1.4597623592226123
2015-03-31,8491.0,1,1,0.5744563717442043,0.011217759981156483,4,ExtraTrees_Deep,0.011217759981156483,1.1355385332825059,1.4761376229978984
2015-04-01,8586.25,1,1,0.5628131402508358,0.00857771327704171,4,ExtraTrees_Deep,0.00857771327704171,1.1452788572360357,1.4887995082854282
2015-04-06,8659.900390625,1,1,0.524934001133416,4.612224673294918e-05,4,ExtraTrees_Deep,4.612224673294918e-05,1.1453316800700672,1.4888681750636852
2015-04-07,8660.2998046875,1,1,0.5207483951892772,0.006246964557533818,4,ExtraTrees_Deep,0.006246964557533818,1.1524865264820856,1.498169081784148
2015-04-08,8714.400390625,1,1,0.5295820134627969,0.007332623152276119,4,ExtraTrees_Deep,0.007332623152276119,1.1609372758688545,1.5091545910792628
2015-04-09,8778.2998046875,1,1,0.547624538115617,0.0002335081659441407,4,ExtraTrees_Deep,0.0002335081659441407,1.161208364202919,1.509506990999952
2015-04-10,8780.349609375,1,1,0.5297744211399188,0.006110279546012176,4,ExtraTrees_Deep,0.006110279546012176,1.1683036719193662,1.5187305006916212
2015-04-13,8834.0,0,1,0.5538753467412999,-0.014410211080767454,4,ExtraTrees_Deep,-0.014410211080767454,1.1514681694005724,1.4968452736018554
2015-04-16,8706.7001953125,0,1,0.5103942955662252,-0.01156582781691673,4,ExtraTrees_Deep,-0.01156582781691673,1.138150486816625,1.4795330188988107
2015-04-17,8606.0,0,1,0.46375085857102394,-0.01834770981001632,4,ExtraTrees_Deep,-0.01834770981001632,1.1172680319643848,1.452386976413718
2015-04-20,8448.099609375,0,1,0.4642973630264027,-0.008327270348106652,4,ExtraTrees_Deep,-0.008327270348106652,1.1079642390109203,1.4402925574110519
2015-04-21,8377.75,1,1,0.45971089554736744,0.006200972255378856,4,ExtraTrees_Deep,0.006200972255378856,1.114834694516979,1.4492237715991865
2015-04-22,8429.7001953125,0,1,0.5146423905875128,-0.0037249712205020824,4,ExtraTrees_Deep,-0.0037249712205020824,1.110681967364286,1.4438254547579121
2015-04-23,8398.2998046875,0,1,0.5026033632500486,-0.011079600258562361,4,ExtraTrees_Deep,-0.011079600258562361,1.098376055151496,1.4278284458760575
2015-04-24,8305.25,0,1,0.48520724886123107,-0.011011130948797465,4,ExtraTrees_Deep,-0.011011130948797465,1.0862816925771994,1.4121064398860983
2015-04-27,8213.7998046875,1,1,0.4835120787029178,0.008741362876475867,4,ExtraTrees_Deep,0.008741362876475867,1.0957772750380892,1.4244501746973512
2015-04-28,8285.599609375,0,1,0.5666036849138592,-0.005533650132347967,4,ExtraTrees_Deep,-0.005533650132347967,1.0897136269750507,1.416567765799614
2015-04-29,8239.75,0,1,0.5167428011154438,-0.007069389241178392,4,ExtraTrees_Deep,-0.007069389241178392,1.0820100171845477,1.4065534968766702
2015-04-30,8181.5,1,1,0.49676209822676776,0.01838907233545184,4,ExtraTrees_Deep,0.01838907233545184,1.1019071776582379,1.432418710874418
2015-05-04,8331.9501953125,0,1,0.5817637167955495,-0.0008581893143123631,4,ExtraTrees_Deep,-0.0008581893143123631,1.1009615326930076,1.4311894244431245
2015-05-05,8324.7998046875,0,1,0.528820239610374,-0.02736399793773192,4,ExtraTrees_Deep,-0.02736399793773192,1.070834823582874,1.3920263599841591
2015-05-06,8097.0,0,1,0.48111312949257357,-0.004903074634123761,4,ExtraTrees_Deep,-0.004903074634123761,1.0655844405220283,1.3852011508484892
2015-05-07,8057.2998046875,1,1,0.4884589866411462,0.01665572816769534,4,ExtraTrees_Deep,0.01665572816769534,1.083332525303089,1.4082726846746003
2015-05-08,8191.5,1,1,0.6360347914611616,0.01632790087285607,4,ExtraTrees_Deep,0.01632790087285607,1.1010210713885786,1.4312668214719182
2015-05-11,8325.25,0,1,0.6260274682902462,-0.02381908107113906,4,ExtraTrees_Deep,-0.02381908107113906,1.0747957612281418,1.3971753610168471
2015-05-12,8126.9501953125,1,1,0.49325759585693946,0.013350641678914421,4,ExtraTrees_Deep,0.013350641678914421,1.0891449743143147,1.415828548624391
2015-05-13,8235.4501953125,0,1,0.6132117958608575,-0.0013660455388829762,4,ExtraTrees_Deep,-0.0013660455388829762,1.0876571526809558,1.4138944623517193
2015-05-14,8224.2001953125,1,1,0.5295746748416497,0.004638677701966021,4,ExtraTrees_Deep,0.004638677701966021,1.0927024436624808,1.4204530630671635
2015-05-15,8262.349609375,1,1,0.5294590041798646,0.013470838987944989,4,ExtraTrees_Deep,0.013470838987944989,1.1074220623427922,1.4395877575696745
2015-05-18,8373.650390625,0,1,0.5796286272018536,-0.0009553778372400901,4,ExtraTrees_Deep,-0.0009553778372400901,1.106364055847959,1.4382124073313303
2015-05-19,8365.650390625,1,1,0.5362567385910612,0.006885251795789804,4,ExtraTrees_Deep,0.006885251795789804,1.1139816509502836,1.4481148618916355
2015-05-20,8423.25,0,1,0.5355484463483182,-0.00026711779894939003,4,ExtraTrees_Deep,-0.00026711779894939003,1.1136840866236117,1.447728044637101
2015-05-21,8421.0,1,1,0.5398607507678556,0.004506613859696085,4,ExtraTrees_Deep,0.004506613859696085,1.1187030307637127,1.4542523959081333
2015-05-22,8458.9501953125,0,1,0.5487212049123816,-0.010485957862909845,4,ExtraTrees_Deep,-0.010485957862909845,1.1069723579220148,1.4390031665626049
2015-05-25,8370.25,0,1,0.5365162778226663,-0.0036916926764433144,4,ExtraTrees_Deep,-0.0036916926764433144,1.102885756175249,1.433690809111227
2015-05-26,8339.349609375,0,1,0.5191782106528522,-0.0005695887835976965,4,ExtraTrees_Deep,-0.0005695887835976965,1.1022575648189419,1.4328741949072101
2015-05-27,8334.599609375,0,1,0.5136968401623448,-0.00187166871908917,4,ExtraTrees_Deep,-0.00187166871908917,1.100194503814491,1.4301923290982121
2015-05-28,8319.0,1,1,0.5124607708312809,0.013781751487558669,4,ExtraTrees_Deep,0.013781751487558669,1.1153571110540401,1.4499028843572563
2015-05-29,8433.650390625,0,1,0.6592376996200381,-2.964315431874809e-05,4,ExtraTrees_Deep,-2.964315431874809e-05,1.1153240483510767,1.4498599046623082
2015-06-01,8433.400390625,0,1,0.5366374033027163,-0.023353592405198742,4,ExtraTrees_Deep,-0.023353592405198742,1.0892772251261695,1.4160004674041844
2015-06-02,8236.4501953125,0,1,0.4539949819727767,-0.012305070176218624,4,ExtraTrees_Deep,-0.012305070176218624,1.0758735924296354,1.3985764822832176
2015-06-03,8135.10009765625,0,0,0.4292651625160621,-0.0005470363313393456,4,ExtraTrees_Deep,0.0,1.0758735924296354,1.397811410135252
2015-06-04,8130.64990234375,0,1,0.4664166232962046,-0.001961676769116849,4,ExtraTrees_Deep,-0.001961676769116849,1.07376307619686,1.3950693559643832
2015-06-05,8114.7001953125,0,1,0.4646963257957424,-0.008694134258897646,4,ExtraTrees_Deep,-0.008694134258897646,1.0644276358501574,1.382940435683155
2015-06-08,8044.14990234375,0,1,0.47272174881038975,-0.0027038282806817193,4,ExtraTrees_Deep,-0.0027038282806817193,1.0615496063056067,1.3792012022226565
2015-06-09,8022.39990234375,1,1,0.4856507371199798,0.012720668903445809,4,ExtraTrees_Deep,0.012720668903445809,1.0750532273720035,1.3967455640673654
2015-06-10,8124.4501953125,0,1,0.5510373269285704,-0.019582875620068996,4,ExtraTrees_Deep,-0.019582875620068996,1.0540005937354238,1.369393269413351
2015-06-11,7965.35009765625,1,1,0.4890536099744007,0.0022032684655837187,4,ExtraTrees_Deep,0.0022032684655837187,1.0563228400063076,1.3724104104208321
2015-06-12,7982.89990234375,1,1,0.49238763926691625,0.003883300602441242,4,ExtraTrees_Deep,0.003883300602441242,1.0604248591272765,1.377739892594416
2015-06-15,8013.89990234375,1,1,0.5090866120948058,0.004167746384501569,4,ExtraTrees_Deep,0.004167746384501569,1.0648444409999398,1.38348196305056
2015-06-16,8047.2998046875,1,1,0.518147665005593,0.005498738840850059,4,ExtraTrees_Deep,0.005498738840850059,1.0706997424871294,1.3910893690564015
2015-06-17,8091.5498046875,1,1,0.5241795878383076,0.010263830165222254,4,ExtraTrees_Deep,0.010263830165222254,1.0816892228019646,1.4053672740850425
2015-06-18,8174.60009765625,1,1,0.5488778658131866,0.006159334653041526,4,ExtraTrees_Deep,0.006159334653041526,1.0883517087157903,1.414023401436565
2015-06-19,8224.9501953125,1,1,0.5311817676135183,0.015580570218593381,4,ExtraTrees_Deep,0.015580570218593381,1.1053088489359628,1.4360546923333815
2015-06-22,8353.099609375,1,1,0.5983041015879677,0.003405944696333929,4,ExtraTrees_Deep,0.003405944696333929,1.1090734697478073,1.4409458151963799
2015-06-23,8381.5498046875,0,1,0.5469260413290934,-0.002469733616678238,4,ExtraTrees_Deep,-0.002469733616678238,1.1063343537162051,1.4373870628767775
2015-06-24,8360.849609375,1,1,0.5484827036351502,0.00444337505883885,4,ExtraTrees_Deep,0.00444337505883885,1.1112502121902443,1.4437739127018618
2015-06-25,8398.0,0,1,0.5656935933115447,-0.0020124304149797823,4,ExtraTrees_Deep,-0.0020124304149797823,1.1090138984645799,1.4408684181675862
2015-06-26,8381.099609375,0,1,0.568221563962113,-0.00748102536329065,4,ExtraTrees_Deep,-0.00748102536329065,1.1007173373619246,1.43008924498611
2015-06-29,8318.400390625,1,1,0.5353695597502828,0.006022745602803914,4,ExtraTrees_Deep,0.006022745602803914,1.107346677865451,1.4387023086979673
2015-06-30,8368.5,1,1,0.5667270151806246,0.01010334046573469,4,ExtraTrees_Deep,0.01010334046573469,1.1185345783655258,1.4532380079515814
2015-07-01,8453.0498046875,0,1,0.5697968770211196,-0.0009640797405430224,4,ExtraTrees_Deep,-0.0009640797405430224,1.1174562218394268,1.4518369706299281
2015-07-02,8444.900390625,1,1,0.5317179704716248,0.004736586359787687,4,ExtraTrees_Deep,0.004736586359787687,1.1227491497374513,1.4587137218216493
2015-07-03,8484.900390625,1,1,0.5341690956580525,0.004390151714822377,4,ExtraTrees_Deep,0.004390151714822377,1.1276781888424865,1.4651176963689394
2015-07-06,8522.150390625,0,1,0.5282112874336335,-0.0013318922357890006,4,ExtraTrees_Deep,-0.0013318922357890006,1.1261762430182987,1.4631663174846286
2015-07-07,8510.7998046875,0,1,0.5268093945294915,-0.01736029555278973,4,ExtraTrees_Deep,-0.01736029555278973,1.1066254905949706,1.4377653177702083
2015-07-08,8363.0498046875,0,1,0.4603725440974818,-0.004125289314989233,4,ExtraTrees_Deep,-0.004125289314989233,1.1020603402829245,1.4318341198673488
2015-07-09,8328.5498046875,1,0,0.4430498124610304,0.0038422055160178825,4,ExtraTrees_Deep,0.0,1.1020603402829245,1.4373355208207257
2015-07-10,8360.5498046875,1,1,0.537417738447736,0.011853357524637564,5,LogisticRegression_StrongL2,0.011853357524637564,1.1151234555100218,1.454372772631875
2015-07-13,8459.650390625,0,1,0.6027183774081041,-0.0006561478304294432,5,LogisticRegression_StrongL2,-0.0006561478304294432,1.114391769674028,1.4534184890924768
2015-07-14,8454.099609375,1,1,0.5360552399748377,0.008244543893853207,5,LogisticRegression_StrongL2,0.008244543893853207,1.1235794215340542,1.4654012616219376
2015-07-15,8523.7998046875,1,1,0.5608428153958332,0.009884089482447456,5,LogisticRegression_StrongL2,0.009884089482447456,1.1346849810771333,1.4798854188195003
2015-07-16,8608.0498046875,1,1,0.5748058867478169,0.00020908390731189108,5,LogisticRegression_StrongL2,0.00020908390731189108,1.134922225446545,1.480194839045241
2015-07-17,8609.849609375,0,1,0.5189965960170285,-0.0007432666484129546,5,LogisticRegression_StrongL2,-0.0007432666484129546,1.134078675607828,1.4790946595882257
2015-07-20,8603.4501953125,0,1,0.5276902914578803,-0.00860120048586066,5,LogisticRegression_StrongL2,-0.00860120048586066,1.1243242375521858,1.4663726698835415
2015-07-21,8529.4501953125,1,0,0.45666366235845,0.012198887654526924,5,LogisticRegression_StrongL2,0.0,1.1243242375521858,1.4842607853431196
2015-07-22,8633.5,0,1,0.591225742268766,-0.005061700968610694,5,LogisticRegression_StrongL2,-0.005061700968610694,1.1186332444699354,1.4767479010882774
2015-07-23,8589.7998046875,0,1,0.494530369908543,-0.00794547038951432,5,LogisticRegression_StrongL2,-0.00794547038951432,1.1097451771492732,1.4650144443674031
2015-07-24,8521.5498046875,0,0,0.46653107452940007,-0.01884044667546103,5,LogisticRegression_StrongL2,0.0,1.1097451771492732,1.437412917849519
2015-07-27,8361.0,0,0,0.3849443165728245,-0.002870470039468942,5,LogisticRegression_StrongL2,0.0,1.1097451771492732,1.4332868671344863
2015-07-28,8337.0,1,1,0.4938668249711995,0.004563968416396724,5,LogisticRegression_StrongL2,0.004563968416396724,1.114810019088031,1.4398283431277243
2015-07-29,8375.0498046875,1,1,0.5508559695580145,0.005582056356707721,5,LogisticRegression_StrongL2,0.005582056356707721,1.1210329514416029,1.4478655460830483
2015-07-30,8421.7998046875,1,1,0.5903279421018445,0.013185994355469077,5,LogisticRegression_StrongL2,0.013185994355469077,1.1358148856116066,1.4669570930011775
2015-07-31,8532.849609375,1,1,0.6564012579009993,0.0011954031512864116,5,LogisticRegression_StrongL2,0.0011954031512864116,1.1371726423051447,1.468710698132953
2015-08-03,8543.0498046875,0,1,0.5060039332776654,-0.00306089917070973,5,LogisticRegression_StrongL2,-0.00306089917070973,1.1336918715073592,1.4642151227750253
2015-08-04,8516.900390625,1,0,0.4814451900180524,0.005993941733038577,5,LogisticRegression_StrongL2,0.0,1.1336918715073592,1.4729915429055727
2015-08-05,8567.9501953125,1,1,0.5478572464797673,0.002416003226048735,5,LogisticRegression_StrongL2,0.002416003226048735,1.1364308747262661,1.476550295225175
2015-08-06,8588.650390625,0,1,0.5229701049065084,-0.002800298085977815,5,LogisticRegression_StrongL2,-0.002800298085977815,1.133248529522924,1.472415514259606
2015-08-07,8564.599609375,0,0,0.4723578466455895,-0.004553627931107251,5,LogisticRegression_StrongL2,0.0,1.133248529522924,1.465710681847678
2015-08-10,8525.599609375,0,0,0.4773688886490345,-0.007418833032042493,5,LogisticRegression_StrongL2,0.0,1.133248529522924,1.4548368190257688
2015-08-11,8462.349609375,0,0,0.45724878826633814,-0.013341379081930671,5,LogisticRegression_StrongL2,0.0,1.133248529522924,1.4354272895207958
2015-08-12,8349.4501953125,1,0,0.38213493546906013,0.0007664473603414823,5,LogisticRegression_StrongL2,0.0,1.133248529522924,1.4365274689778111
2015-08-13,8355.849609375,1,1,0.4961070401387564,0.01947141259339502,5,LogisticRegression_StrongL2,0.01947141259339502,1.155314479212123,1.4644986880280235
2015-08-14,8518.5498046875,0,1,0.6373131598328318,-0.004842373519645449,5,LogisticRegression_StrongL2,-0.004842373519645449,1.1497200149711233,1.4574070383615612
2015-08-17,8477.2998046875,0,1,0.5081111085409953,-0.0012680924643075908,5,LogisticRegression_StrongL2,-0.0012680924643075908,1.1482620636840748,1.455558911478786
2015-08-18,8466.5498046875,1,1,0.5301302130597083,0.0033780685872379923,5,LogisticRegression_StrongL2,0.0033780685872379923,1.1521409716913231,1.4604758893145267
2015-08-19,8495.150390625,0,1,0.5385338646474129,-0.014408266481082843,5,LogisticRegression_StrongL2,-0.014408266481082843,1.1355406175474207,1.4394329635120866
2015-08-20,8372.75,0,0,0.4139428967455539,-0.008694849922367243,5,LogisticRegression_StrongL2,0.0,1.1355406175474207,1.4269173099210406
2015-08-21,8299.9501953125,0,0,0.40738427262891774,-0.05915098088055637,5,LogisticRegression_StrongL2,0.0,1.1355406175474207,1.3425137514037662
2015-08-24,7809.0,1,0,0.056588486355690165,0.009181738418811536,5,LogisticRegression_StrongL2,0.0,1.1355406175474207,1.3548403614928128
2015-08-25,7880.7001953125,0,1,0.5954641758396009,-0.011274391291918318,5,LogisticRegression_StrongL2,-0.011274391291918318,1.1227380882973246,1.3395653611192588
2015-08-26,7791.85009765625,1,0,0.4284438854466928,0.02016210472317792,5,LogisticRegression_StrongL2,0.0,1.1227380882973246,1.366573818213687
2015-08-27,7948.9501953125,1,1,0.7478727980577388,0.006667547122292117,5,LogisticRegression_StrongL2,0.006667547122292117,1.1302239974070392,1.3756855135427175
2015-08-28,8001.9501953125,0,1,0.6325248964914248,-0.003830365083121179,5,LogisticRegression_StrongL2,-0.003830365083121179,1.1258948268712656,1.3704161357862878
2015-08-31,7971.2998046875,0,1,0.5248794234514643,-0.023264675971940818,5,LogisticRegression_StrongL2,-0.023264675971940818,1.0997012485456212,1.3385338484405007
2015-09-01,7785.85009765625,0,0,0.3367606452824531,-0.0088429775544967,5,LogisticRegression_StrongL2,0.0,1.0997012485456212,1.3266972236628072
2015-09-02,7717.0,1,0,0.44718449087176987,0.013735907736166952,5,LogisticRegression_StrongL2,0.0,1.0997012485456212,1.3449206143208683
2015-09-03,7823.0,0,1,0.5804964146185468,-0.021468770971813878,5,LogisticRegression_StrongL2,-0.021468770971813878,1.0760920143031776,1.3160468216767423
2015-09-04,7655.0498046875,0,0,0.3566138014401379,-0.01257339958011272,5,LogisticRegression_StrongL2,0.0,1.0760920143031776,1.2994996391216633
2015-09-07,7558.7998046875,1,0,0.44774490689116453,0.017125760525132927,5,LogisticRegression_StrongL2,0.0,1.0760920143031776,1.3217545587437576
2015-09-08,7688.25,1,1,0.6031129730518149,0.01695445617094271,5,LogisticRegression_StrongL2,0.01695445617094271,1.0943365691955822,1.3441641884787223
2015-09-09,7818.60009765625,0,1,0.6729449716380445,-0.0039009540862875447,5,LogisticRegression_StrongL2,-0.0039009540862875447,1.0900676124842048,1.3389206656950348
2015-09-10,7788.10009765625,1,0,0.47650975522235506,0.00015404360706794407,5,LogisticRegression_StrongL2,0.0,1.0900676124842048,1.3391269178639562
2015-09-11,7789.2998046875,1,1,0.5285982527587025,0.010649249276883932,5,LogisticRegression_StrongL2,0.010649249276883932,1.1016760142182067,1.3533876142256747
2015-09-14,7872.25,0,1,0.5768485747519964,-0.005481266771729776,5,LogisticRegression_StrongL2,-0.005481266771729776,1.0956374340882609,1.3459693356665487
2015-09-15,7829.10009765625,1,1,0.49872147514438464,0.008947363530129149,5,LogisticRegression_StrongL2,0.008947363530129149,1.1054405005082664,1.3580122126131637
2015-09-16,7899.14990234375,1,1,0.5731478496248493,0.010475810818002973,5,LogisticRegression_StrongL2,0.010475810818002973,1.1170208860621496,1.3722384916410368
2015-09-18,7981.89990234375,0,1,0.6072915533304458,-0.0006013361162410247,5,LogisticRegression_StrongL2,-0.0006013361162410247,1.1163491810607649,1.371413315075917
2015-09-21,7977.10009765625,0,1,0.5028968500759533,-0.02069675641963653,5,LogisticRegression_StrongL2,-0.02069675641963653,1.0932443739810895,1.3430295077431444
2015-09-22,7812.0,1,0,0.4178253395666049,0.004345903137800811,5,LogisticRegression_StrongL2,0.0,1.0932443739810895,1.3488661838950045
2015-09-23,7845.9501953125,1,1,0.5082766138610798,0.002874069312977845,5,LogisticRegression_StrongL2,0.002874069312977845,1.0963864340879343,1.3527429188014506
2015-09-24,7868.5,0,1,0.5384736697784177,-0.009252056260723118,5,LogisticRegression_StrongL2,-0.009252056260723118,1.0862426051162593,1.3402272652104048
2015-09-28,7795.7001953125,1,1,0.4905274195263261,0.006105879931557867,5,LogisticRegression_StrongL2,0.006105879931557867,1.0928750720396418,1.3484105319727797
2015-09-29,7843.2998046875,1,1,0.5400116355710998,0.013463733413981993,5,LogisticRegression_StrongL2,0.013463733413981993,1.1075892506643699,1.3665651719078669
2015-09-30,7948.89990234375,1,1,0.650165820970247,0.00025160714370175974,5,LogisticRegression_StrongL2,0.00025160714370175974,1.1078679280321242,1.366909009467453
2015-10-01,7950.89990234375,1,1,0.5181189479023448,0.02117998017986733,5,LogisticRegression_StrongL2,0.02117998017986733,1.1313325487897552,1.3958601151956558
2015-10-05,8119.2998046875,1,1,0.6705597313598827,0.004138299910646515,5,LogisticRegression_StrongL2,0.004138299910646515,1.1360143421753233,1.401636602985645
2015-10-06,8152.89990234375,1,1,0.565536686904941,0.0030050657181448504,5,LogisticRegression_StrongL2,0.0030050657181448504,1.1394281399303152,1.4058486130905743
2015-10-07,8177.39990234375,0,1,0.5370762321903993,-0.005875926976951273,5,LogisticRegression_StrongL2,-0.005875926976951273,1.1327329433846012,1.3975879492994059
2015-10-08,8129.35009765625,1,0,0.48354667377821536,0.00742372968703231,5,LogisticRegression_StrongL2,0.0,1.1327329433846012,1.4079632644488584
2015-10-09,8189.7001953125,0,1,0.5735499665602022,-0.005629033610123568,5,LogisticRegression_StrongL2,-0.005629033610123568,1.126356751574995,1.4000377919114566
2015-10-12,8143.60009765625,0,0,0.48323678647525786,-0.0014612581906097155,5,LogisticRegression_StrongL2,0.0,1.126356751574995,1.397991975220863
2015-10-13,8131.7001953125,0,0,0.48937157706102025,-0.002926853228365389,5,LogisticRegression_StrongL2,0.0,1.126356751574995,1.3939002578949589
2015-10-14,8107.89990234375,1,0,0.47258446187580033,0.008830905477206663,5,LogisticRegression_StrongL2,0.0,1.126356751574995,1.4062096593170832
2015-10-15,8179.5,1,1,0.5590369029927337,0.007170412693318751,5,LogisticRegression_StrongL2,0.007170412693318751,1.1344331943236936,1.4162927629077178
2015-10-16,8238.150390625,1,1,0.544127314008941,0.004479089639404021,5,LogisticRegression_StrongL2,0.004479089639404021,1.1395144222909848,1.4226364651484207
2015-10-19,8275.0498046875,0,1,0.5435756173369332,-0.0016192547934769097,5,LogisticRegression_StrongL2,-0.0016192547934769097,1.137669258100454,1.4203328542328542
2015-10-20,8261.650390625,0,1,0.5077839126290824,-0.001204383487806604,5,LogisticRegression_StrongL2,-0.001204383487806604,1.1362990680314127,1.4186222287960268
2015-10-21,8251.7001953125,1,1,0.5012773385853472,0.005301937657024025,5,LogisticRegression_StrongL2,0.005301937657024025,1.1423236548498497,1.4261436754119718
2015-10-23,8295.4501953125,0,1,0.5532583720731452,-0.004207172582956553,5,LogisticRegression_StrongL2,-0.004207172582956553,1.1375177020883027,1.4201436428414218
2015-10-26,8260.5498046875,0,1,0.5146261374247887,-0.0033471638954116756,5,LogisticRegression_StrongL2,-0.0033471638954116756,1.1337102439054811,1.4153901893138046
2015-10-27,8232.900390625,0,1,0.4905304259467228,-0.007494344931314734,5,LogisticRegression_StrongL2,-0.007494344931314734,1.1252138282854884,1.404782767022688
2015-10-28,8171.2001953125,0,0,0.4492695404864065,-0.00727557689096936,5,LogisticRegression_StrongL2,0.0,1.1252138282854884,1.3945621619861057
2015-10-29,8111.75,0,0,0.44997127698507006,-0.005664646384873739,5,LogisticRegression_StrongL2,0.0,1.1252138282854884,1.3866624604767295
2015-10-30,8065.7998046875,0,0,0.45309668648914614,-0.0018597039801661053,5,LogisticRegression_StrongL2,0.0,1.1252138282854884,1.384083678779834
2015-11-02,8050.7998046875,1,0,0.46367363513389265,0.0012297400090901522,5,LogisticRegression_StrongL2,0.0,1.1252138282854884,1.3857857418555584
2015-11-03,8060.7001953125,0,1,0.5050396025575229,-0.0025432033822472278,5,LogisticRegression_StrongL2,-0.0025432033822472278,1.1223521806716414,1.3822614068698014
2015-11-04,8040.2001953125,0,1,0.4900910439656158,-0.010540782311541208,5,LogisticRegression_StrongL2,-0.010540782311541208,1.110521710658298,1.3676912902823422
2015-11-05,7955.4501953125,0,0,0.4338400432359726,-0.00014460408861305396,5,LogisticRegression_StrongL2,0.0,1.110521710658298,1.3674935165298068
2015-11-06,7954.2998046875,0,1,0.49622428027177157,-0.004915531264230055,5,LogisticRegression_StrongL2,-0.004915531264230055,1.1050629064699509,1.3607715593956726
2015-11-09,7915.2001953125,0,0,0.4226986100905912,-0.01665783484975325,5,LogisticRegression_StrongL2,0.0,1.1050629064699509,1.3381040514910183
2015-11-10,7783.35009765625,0,0,0.3995517411218216,-0.002710927478722036,5,LogisticRegression_StrongL2,0.0,1.1050629064699509,1.334476548448442
2015-11-13,7762.25,1,1,0.49055169218021694,0.005713562131630656,5,LogisticRegression_StrongL2,0.005713562131630656,1.1113767520454272,1.342101163121206
2015-11-16,7806.60009765625,1,1,0.5603637635618419,0.00396455648349936,5,LogisticRegression_StrongL2,0.00396455648349936,1.1157828679533592,1.3474219989889702
2015-11-17,7837.5498046875,0,1,0.5906546877798272,-0.01349273722468125,5,LogisticRegression_StrongL2,-0.01349273722468125,1.1007279029162633,1.3292415880258572
2015-11-18,7731.7998046875,1,0,0.4730673120620156,0.014349853606560714,5,LogisticRegression_StrongL2,0.0,1.1007279029162633,1.3483160102217806
2015-11-19,7842.75,1,1,0.6363595865942079,0.0017595619760288894,5,LogisticRegression_StrongL2,0.0017595619760288894,1.1026647018801887,1.3506884558050378
2015-11-20,7856.5498046875,0,1,0.5623637195786705,-0.0009291361817810317,5,LogisticRegression_StrongL2,-0.0009291361817810317,1.101640176209299,1.3494334822904355
2015-11-23,7849.25,0,1,0.5711397021253591,-0.002248610038379506,5,LogisticRegression_StrongL2,-0.002248610038379506,1.0991630170503928,1.3463991326160318
2015-11-24,7831.60009765625,1,1,0.5512602495337489,0.006665267171503286,5,LogisticRegression_StrongL2,0.006665267171503286,1.1064892322240694,1.355373242554398
2015-11-26,7883.7998046875,1,1,0.6012487456926773,0.0074710662477730505,5,LogisticRegression_StrongL2,0.0074710662477730505,1.114755886580463,1.365499325839981
2015-11-27,7942.7001953125,0,1,0.5884520330724233,-0.0009379927643368147,5,LogisticRegression_StrongL2,-0.0009379927643368147,1.1137102536248487,1.3642184973526363
2015-11-30,7935.25,1,1,0.5491166464917427,0.0024762801857218797,5,LogisticRegression_StrongL2,0.0024762801857218797,1.1164681122585352,1.3675966845866259
2015-12-01,7954.89990234375,0,1,0.5385289066867611,-0.00296041496142041,5,LogisticRegression_StrongL2,-0.00296041496142041,1.113162903355056,1.3635480309003867
2015-12-02,7931.35009765625,0,1,0.5060904678188046,-0.008472730932953976,5,LogisticRegression_StrongL2,-0.008472730932953976,1.1037313735903829,1.3519950553204085
2015-12-03,7864.14990234375,0,0,0.45330272628366686,-0.010458854551524621,5,LogisticRegression_StrongL2,0.0,1.1037313735903829,1.337854735682432
2015-12-04,7781.89990234375,0,0,0.4133955531621712,-0.0021203048364873966,5,LogisticRegression_StrongL2,0.0,1.1037313735903829,1.335018075815847
2015-12-07,7765.39990234375,0,1,0.5054805748999264,-0.00820301695113268,5,LogisticRegression_StrongL2,-0.00820301695113268,1.094677446423324,1.324066899909861
2015-12-08,7701.7001953125,0,0,0.4455864305170694,-0.011581883616657795,5,LogisticRegression_StrongL2,0.0,1.094677446423324,1.308731711174436
2015-12-09,7612.5,1,0,0.4235902422407211,0.00930046695402309,5,LogisticRegression_StrongL2,0.0,1.094677446423324,1.320903527205896
2015-12-10,7683.2998046875,0,1,0.5735819962335571,-0.00948155235730297,5,LogisticRegression_StrongL2,-0.00948155235730297,1.0842982049007026,1.3083793112537472
2015-12-11,7610.4501953125,1,0,0.45874753809195906,0.005203320218742258,5,LogisticRegression_StrongL2,0.0,1.0842982049007026,1.3151872277777779
2015-12-14,7650.0498046875,1,1,0.5487873671330775,0.006647028314128445,5,LogisticRegression_StrongL2,0.006647028314128445,1.0915055657696362,1.3239293145191968
2015-12-15,7700.89990234375,1,1,0.5847552377494787,0.006492747683265243,5,LogisticRegression_StrongL2,0.006492747683265243,1.0985924360030581,1.3325252535088483
2015-12-16,7750.89990234375,1,1,0.5925158348010007,0.012056689737954374,5,LogisticRegression_StrongL2,0.012056689737954374,1.1118378241524105,1.3485910970583934
2015-12-17,7844.35009765625,0,1,0.6373742791530467,-0.010504363180879661,5,LogisticRegression_StrongL2,-0.010504363180879661,1.1001586758492745,1.334425006392391
2015-12-18,7761.9501953125,1,0,0.46631161105257185,0.009340436124388285,5,LogisticRegression_StrongL2,0.0,1.1001586758492745,1.3468891179273856
2015-12-21,7834.4501953125,0,1,0.5970595725847866,-0.006171472975241898,5,LogisticRegression_StrongL2,-0.006171472975241898,1.0933690763127928,1.3385768281354493
2015-12-22,7786.10009765625,1,1,0.5268904707860987,0.01025546764808305,5,LogisticRegression_StrongL2,0.01025546764808305,1.104582087502333,1.352304559490866
2015-12-23,7865.9501953125,0,1,0.6201566399341105,-0.0006229877514251081,5,LogisticRegression_StrongL2,-0.0006229877514251081,1.1038939463913755,1.3514620903141068
2015-12-24,7861.0498046875,1,1,0.5572438501266235,0.008154139618607559,5,LogisticRegression_StrongL2,0.008154139618607559,1.1128952517543864,1.3624821008877832
2015-12-28,7925.14990234375,1,1,0.5997267419966719,0.0004795231655652099,5,LogisticRegression_StrongL2,0.0004795231655652099,1.11342891080845,1.3631354426178268
2015-12-29,7928.9501953125,0,1,0.5558250325903015,-0.004124151937772491,5,LogisticRegression_StrongL2,-0.004124151937772491,1.1088369608083675,1.3575136649407082
2015-12-30,7896.25,1,1,0.524391666388556,0.006344796283837217,5,LogisticRegression_StrongL2,0.006344796283837217,1.1158723054366857,1.3661268125972823
2015-12-31,7946.35009765625,0,1,0.5731888150265024,-0.01951213966956744,5,LogisticRegression_StrongL2,-0.01951213966956744,1.0940992491596029,1.3394707554235432
2016-01-04,7791.2998046875,0,0,0.3851814202872661,-0.0008535035886758635,5,LogisticRegression_StrongL2,0.0,1.0940992491596029,1.3383275123268628
2016-01-05,7784.64990234375,0,1,0.506203860711766,-0.005607176031205752,5,LogisticRegression_StrongL2,-0.005607176031205752,1.087964442073955,1.3308232743778403
2016-01-06,7741.0,0,0,0.4638270772102417,-0.022309804329221028,5,LogisticRegression_StrongL2,0.0,1.087964442073955,1.3011328675296974
2016-01-07,7568.2998046875,1,0,0.3018255338116494,0.004366937597831466,5,LogisticRegression_StrongL2,0.0,1.087964442073955,1.306814833568687
2016-01-08,7601.35009765625,0,1,0.5306066956164557,-0.00493333414699082,5,LogisticRegression_StrongL2,-0.00493333414699082,1.0825971499411597,1.3003678793264486
2016-01-11,7563.85009765625,0,0,0.4743849311188505,-0.007079766557687717,6,ExtraTrees_Regularized,0.0,1.0825971499411597,1.2911615783017019
2016-01-12,7510.2998046875,1,0,0.4724348518770218,0.006937152844914696,6,ExtraTrees_Regularized,0.0,1.0825971499411597,1.300118563517862
2016-01-13,7562.39990234375,0,0,0.504811008074504,-0.003385181686611949,6,ExtraTrees_Regularized,0.0,1.0825971499411597,1.2957174259662172
2016-01-14,7536.7998046875,0,0,0.486788214022895,-0.013135548583687595,6,ExtraTrees_Regularized,0.0,1.0825971499411597,1.2786974667667073
2016-01-15,7437.7998046875,0,0,0.47169059807504066,-0.01167009155487031,6,ExtraTrees_Regularized,0.0,1.0825971499411597,1.2637749502585591
2016-01-18,7351.0,1,0,0.4892780420043207,0.011440633608522655,6,ExtraTrees_Regularized,0.0,1.0825971499411597,1.2782333364280962
2016-01-19,7435.10009765625,0,1,0.5192292022143615,-0.01691978471256972,6,ExtraTrees_Regularized,-0.01691978471256972,1.0642798392337138,1.256605903563303
2016-01-20,7309.2998046875,0,0,0.4932854186109574,-0.004446390334017725,6,ExtraTrees_Regularized,0.0,1.0642798392337138,1.2510185432200296
2016-01-21,7276.7998046875,1,0,0.49455400743378136,0.020015720445019758,6,ExtraTrees_Regularized,0.0,1.0642798392337138,1.2760585806526576
2016-01-22,7422.4501953125,1,1,0.573442030313992,0.0018457122204607046,6,ExtraTrees_Regularized,0.0018457122204607046,1.0662441935389775,1.278413817568992
2016-01-25,7436.14990234375,1,1,0.5390160498445522,0.00021517824106065397,6,ExtraTrees_Regularized,0.00021517824106065397,1.0664736260890844,1.2786889044056042
2016-01-27,7437.75,0,1,0.5389703784437273,-0.001761298464757477,6,ExtraTrees_Regularized,-0.001761298464757477,1.0645952477287492,1.2764367516013722
2016-01-28,7424.64990234375,1,1,0.5266365756042727,0.018707939656508632,6,ExtraTrees_Regularized,0.018707939656508632,1.0845116313818646,1.3003162533256805
2016-01-29,7563.5498046875,0,1,0.5906181812497711,-0.0010047675458274563,6,ExtraTrees_Regularized,-0.0010047675458274563,1.0834219492915798,1.299009737755027
2016-02-01,7555.9501953125,0,1,0.5241163989712195,-0.013287592960483763,6,ExtraTrees_Regularized,-0.013287592960483763,1.0690258794249394,1.2817490251080335
2016-02-02,7455.5498046875,0,0,0.5041155943630171,-0.01257452534768888,6,ExtraTrees_Regularized,0.0,1.0690258794249394,1.265631639502437
2016-02-03,7361.7998046875,1,0,0.4580575443754642,0.005732320415128722,6,ExtraTrees_Regularized,0.0,1.0690258794249394,1.2728866455875896
2016-02-04,7404.0,1,0,0.5042290560343373,0.011493800331746407,6,ExtraTrees_Regularized,0.0,1.0690258794249394,1.2875169505369197
2016-02-05,7489.10009765625,0,1,0.5245033135930284,-0.013599777854234385,6,ExtraTrees_Regularized,-0.013599777854234385,1.0544873649443327,1.2700070060260564
2016-02-08,7387.25,0,0,0.4934948128664116,-0.012054527014450533,6,ExtraTrees_Regularized,0.0,1.0544873649443327,1.2546976722633738
2016-02-09,7298.2001953125,0,0,0.48640472289821507,-0.011304156886925099,6,ExtraTrees_Regularized,0.0,1.0544873649443327,1.2405143729304489
2016-02-10,7215.7001953125,0,0,0.4811781573346431,-0.03317073758299127,6,ExtraTrees_Regularized,0.0,1.0544873649443327,1.199365596198044
2016-02-11,6976.35009765625,1,0,0.49824113142001597,0.0006593845767279838,6,ExtraTrees_Regularized,0.0,1.0544873649443327,1.2001564393740352
2016-02-12,6980.9501953125,1,1,0.5166120552114659,0.02607094949942601,6,ExtraTrees_Regularized,0.02607094949942601,1.081978851783579,1.2314456572963666
2016-02-15,7162.9501953125,0,1,0.5702799454845663,-0.016012982386442,6,ExtraTrees_Regularized,-0.016012982386442,1.064653143487466,1.2117265396762193
2016-02-16,7048.25,1,1,0.5201172952609158,0.008541154940942874,6,ExtraTrees_Regularized,0.008541154940942874,1.0737465109443542,1.2220760837976465
2016-02-17,7108.4501953125,1,1,0.5584879427838415,0.011718419964794835,6,ExtraTrees_Regularized,0.011718419964794835,1.0863291234953334,1.2363968845765192
2016-02-18,7191.75,1,1,0.560582331274476,0.0026419160844022294,6,ExtraTrees_Regularized,0.0026419160844022294,1.0891991138796502,1.2396633413925866
2016-02-19,7210.75,1,1,0.5515626836258841,0.0033006004489823937,6,ExtraTrees_Regularized,0.0033006004489823937,1.0927941249639526,1.243754974773774
2016-02-22,7234.5498046875,0,1,0.5461574963762444,-0.017278200216274464,6,ExtraTrees_Regularized,-0.017278200216274464,1.073912609277657,1.2222651272996452
2016-02-23,7109.5498046875,0,1,0.511962637126543,-0.012778531956425754,6,ExtraTrees_Regularized,-0.012778531956425754,1.060189582681594,1.2066463733112218
2016-02-24,7018.7001953125,0,0,0.5000588357758243,-0.006853134671341854,6,ExtraTrees_Regularized,0.0,1.060189582681594,1.1983770632142339
2016-02-25,6970.60009765625,1,0,0.49506919071033517,0.008485625558068977,6,ExtraTrees_Regularized,0.0,1.060189582681594,1.2085460422500482
2016-02-26,7029.75,0,1,0.539030386808585,-0.006074212498666354,6,ExtraTrees_Regularized,-0.006074212498666354,1.0537497658675135,1.2012050767749993
2016-02-29,6987.0498046875,1,1,0.528177736414286,0.03366943224623564,6,ExtraTrees_Regularized,0.03366943224623564,1.0892289222138765,1.2416489697213093
2016-03-01,7222.2998046875,1,1,0.5858873893224636,0.020291361052837242,6,ExtraTrees_Regularized,0.020291361052837242,1.111330859543711,1.266843717266808
2016-03-02,7368.85009765625,1,1,0.5655046857463251,0.014486656477644022,6,ExtraTrees_Regularized,0.014486656477644022,1.1274303279389257,1.2851960470097137
2016-03-03,7475.60009765625,1,1,0.542766257165799,0.0013042431206367056,6,ExtraTrees_Regularized,0.0013042431206367056,1.1289007711881374,1.2868722551126957
2016-03-04,7485.35009765625,0,1,0.5502182128541826,-6.71885323921817e-06,6,ExtraTrees_Regularized,-6.71885323921817e-06,1.1288931862695342,1.286863608806876
2016-03-08,7485.2998046875,1,1,0.5301151563378014,0.006212176026787919,6,ExtraTrees_Regularized,0.006212176026787919,1.135906069458082,1.2948578320672517
2016-03-09,7531.7998046875,0,1,0.5297702583045864,-0.006060955352974129,6,ExtraTrees_Regularized,-0.006060955352974129,1.1290213934859243,1.2870097565586431
2016-03-10,7486.14990234375,1,1,0.5225105533349591,0.0032126384433233124,6,ExtraTrees_Regularized,0.0032126384433233124,1.1326485310179717,1.2911444535794956
2016-03-11,7510.2001953125,1,1,0.5108731258876683,0.0038014705260878134,6,ExtraTrees_Regularized,0.0038014705260878134,1.1369542610250531,1.2960527011646998
2016-03-14,7538.75,0,1,0.5282648278143056,-0.010366427105786724,6,ExtraTrees_Regularized,-0.010366427105786724,1.1251681075555233,1.282617265312818
2016-03-15,7460.60009765625,1,0,0.5048403326387787,0.005113516586384925,6,ExtraTrees_Regularized,0.0,1.1251681075555233,1.289175949972979
2016-03-16,7498.75,1,1,0.5179733218078685,0.0018402806717785491,6,ExtraTrees_Regularized,0.0018402806717785491,1.1272387326763593,1.291548395556236
2016-03-17,7512.5498046875,1,1,0.5115017689199427,0.012219591930221929,6,ExtraTrees_Regularized,0.012219591930221929,1.141013129997605,1.307330589908066
2016-03-18,7604.35009765625,1,1,0.5371074983778131,0.013137204502793765,6,ExtraTrees_Regularized,0.013137204502793765,1.1560028528267563,1.3245052592204463
2016-03-21,7704.25,1,1,0.5461530131496626,0.001382341219943628,6,ExtraTrees_Regularized,0.001382341219943628,1.157600843220591,1.3263361774362987
2016-03-22,7714.89990234375,1,1,0.5309155724950612,0.00020740355370829633,6,ExtraTrees_Regularized,0.00020740355370829633,1.1578409337492508,1.3266112642729109
2016-03-23,7716.5,0,1,0.525496084973139,-0.013140659929210097,6,ExtraTrees_Regularized,-0.013140659929210097,1.1426261397867328,1.309178716790841
2016-03-28,7615.10009765625,0,0,0.5032854507577265,-0.0023768693023248355,6,ExtraTrees_Regularized,0.0,1.1426261397867328,1.306066970087644
2016-03-29,7597.0,1,0,0.48961941280721927,0.01819141704784788,6,ExtraTrees_Regularized,0.0,1.1426261397867328,1.3298261790329273
2016-03-30,7735.2001953125,1,1,0.5646044804053515,0.00041365536126503066,6,ExtraTrees_Regularized,0.00041365536126503066,1.143098793215377,1.3303762687614349
2016-03-31,7738.39990234375,0,1,0.538782604991645,-0.0032758836421172832,6,ExtraTrees_Regularized,-0.0032758836421172832,1.1393541345773588,1.3260181109047382
2016-04-01,7713.0498046875,1,0,0.4997370569196796,0.005931505845093277,6,ExtraTrees_Regularized,0.0,1.1393541345773588,1.333883395080269
2016-04-04,7758.7998046875,0,1,0.5233057414040654,-0.02005459778469787,6,ExtraTrees_Regularized,-0.02005459778469787,1.1165048456740774,1.307132900100247
2016-04-05,7603.2001953125,1,0,0.4422785524192647,0.0014664749128432408,6,ExtraTrees_Regularized,0.0,1.1165048456740774,1.309049777705996
2016-04-06,7614.35009765625,0,0,0.46676483277804637,-0.00891736017820488,6,ExtraTrees_Regularized,0.0,1.1165048456740774,1.2973765093469924
2016-04-07,7546.4501953125,1,0,0.4244794514805132,0.0011594855559287076,6,ExtraTrees_Regularized,0.0,1.1165048456740774,1.2988807986701816
2016-04-08,7555.2001953125,1,0,0.47427514390339376,0.015380096361092388,6,ExtraTrees_Regularized,0.0,1.1165048456740774,1.3188577105153017
2016-04-11,7671.39990234375,1,1,0.5208197271934558,0.004894842329530746,6,ExtraTrees_Regularized,0.004894842329530746,1.121969960853809,1.32531331106336
2016-04-12,7708.9501953125,1,1,0.5293060997419162,0.018355287868643932,6,ExtraTrees_Regularized,0.018355287868643932,1.142564042465252,1.3496398184040734
2016-04-13,7850.4501953125,1,1,0.5707719817208925,0.008184244011682829,6,ExtraTrees_Regularized,0.008184244011682829,1.1519150653877623,1.3606856000057757
2016-04-18,7914.7001953125,1,1,0.5715233179612553,6.292681500319475e-06,6,ExtraTrees_Regularized,6.292681500319475e-06,1.1519223140223842,1.3606941623668785
2016-04-20,7914.75,0,1,0.5381405297134336,-0.0003411598992387743,6,ExtraTrees_Regularized,-0.0003411598992387743,1.1515293243218014,1.3602299480835507
2016-04-21,7912.0498046875,0,1,0.5188692738185774,-0.0016114660947212922,6,ExtraTrees_Regularized,-0.0016114660947212922,1.1496736738585795,1.3580379836411895
2016-04-22,7899.2998046875,0,0,0.5072301151582409,-0.005601762319964343,6,ExtraTrees_Regularized,0.0,1.1496736738585795,1.350430577635348
2016-04-25,7855.0498046875,1,0,0.4950146043662191,0.013698206928241197,6,ExtraTrees_Regularized,0.0,1.1496736738585795,1.3689290551300213
2016-04-26,7962.64990234375,1,1,0.5433088486141496,0.0021663642394880167,6,ExtraTrees_Regularized,0.0021663642394880167,1.1521642857927077,1.3718946540814512
2016-04-27,7979.89990234375,0,1,0.5230903432117727,-0.016623003291656557,6,ExtraTrees_Regularized,-0.016623003291656557,1.1330118550774464,1.3490896447308491
2016-04-28,7847.25,1,0,0.4594637799105269,0.00032492971263820003,6,ExtraTrees_Regularized,0.0,1.1330118550774464,1.3495280040414348
2016-04-29,7849.7998046875,0,0,0.4850937625376561,-0.005592486870497626,6,ExtraTrees_Regularized,0.0,1.1330118550774464,1.3419807863974642
2016-05-02,7805.89990234375,0,0,0.4539628936303791,-0.0075455620851691,6,ExtraTrees_Regularized,0.0,1.1330118550774464,1.331854787056598
2016-05-03,7747.0,0,0,0.43235123920786783,-0.0052214012278947175,6,ExtraTrees_Regularized,0.0,1.1330118550774464,1.324900638836083
2016-05-04,7706.5498046875,1,0,0.4397710531661757,0.003756570196288278,6,ExtraTrees_Regularized,0.0,1.1330118550774464,1.329877721088978
2016-05-05,7735.5,0,0,0.46123301407514633,-0.00026498670900398924,6,ExtraTrees_Regularized,0.0,1.1330118550774464,1.329525321168289
2016-05-06,7733.4501953125,1,0,0.4614035452260992,0.01714624210748439,6,ExtraTrees_Regularized,0.0,1.1330118550774464,1.3523216842130714
2016-05-09,7866.0498046875,1,1,0.5418739567990934,0.002765047328716186,6,ExtraTrees_Regularized,0.002765047328716186,1.136144686480732,1.3560609176735698
2016-05-10,7887.7998046875,0,1,0.5279038725740085,-0.00493796850778383,6,ExtraTrees_Regularized,-0.00493796850778383,1.1305344397986044,1.3493647315674613
2016-05-11,7848.85009765625,1,0,0.506459336859533,0.006567816182767139,6,ExtraTrees_Regularized,0.0,1.1305344397986044,1.3582271110879054
2016-05-12,7900.39990234375,0,1,0.515869368412357,-0.010822236982540034,6,ExtraTrees_Regularized,-0.010822236982540034,1.1182995281741808,1.3435280554156013
2016-05-13,7814.89990234375,1,0,0.46113930780102697,0.005867010227795566,6,ExtraTrees_Regularized,0.0,1.1182995281741808,1.351410548258055
2016-05-16,7860.75,1,1,0.5136759799693498,0.003816429729987636,6,ExtraTrees_Regularized,0.003816429729987636,1.1225674397405359,1.356568111651846
2016-05-17,7890.75,0,1,0.5155906755061407,-0.002610664088489645,6,ExtraTrees_Regularized,-0.002610664088489645,1.1196367932386975,1.3530265679991662
2016-05-18,7870.14990234375,0,0,0.501994532724444,-0.011022661712474568,6,ExtraTrees_Regularized,0.0,1.1196367932386975,1.3381126138521209
2016-05-19,7783.39990234375,0,0,0.4489290498803742,-0.0043296897826234915,6,ExtraTrees_Regularized,0.0,1.1196367932386975,1.3323190013399258
2016-05-20,7749.7001953125,0,0,0.44515337431908214,-0.0024065951139995434,6,ExtraTrees_Regularized,0.0,1.1196367932386975,1.3291126489410123
2016-05-23,7731.0498046875,1,0,0.4673012800196032,0.002302441895789764,6,ExtraTrees_Regularized,0.0,1.1196367932386975,1.3321728535881583
2016-05-24,7748.85009765625,1,0,0.48626137198937014,0.024009988881288802,6,ExtraTrees_Regularized,0.0,1.1196367932386975,1.3641583089907647
2016-05-25,7934.89990234375,1,1,0.59402351739185,0.016981940750153468,6,ExtraTrees_Regularized,0.016981940750153468,1.1386503989231689,1.3873243645678754
2016-05-26,8069.64990234375,1,1,0.6118814321618871,0.010781136858828422,6,ExtraTrees_Regularized,0.010781136858828422,1.1509263447083191,1.402281298409869
2016-05-27,8156.64990234375,1,1,0.5798068150746979,0.0026788078338353394,6,ExtraTrees_Regularized,0.0026788078338353394,1.1540094552166913,1.4060377405372901
2016-05-30,8178.5,0,1,0.5733370527460007,-0.0022497893677019265,6,ExtraTrees_Regularized,-0.0022497893677019265,1.1514131770141174,1.4028744517780416
2016-05-31,8160.10009765625,1,1,0.5236109676896432,0.0024325801667495206,6,ExtraTrees_Regularized,0.0024325801667495206,1.154214081872256,1.4062870563458765
2016-06-01,8179.9501953125,1,1,0.5380799702885198,0.00476775519028827,6,ExtraTrees_Regularized,0.00476775519028827,1.1597170920518063,1.4129918887578048
2016-06-02,8218.9501953125,1,1,0.5281715956766441,0.00022504204686080165,6,ExtraTrees_Regularized,0.00022504204686080165,1.159978077159981,1.4133098713446486
2016-06-03,8220.7998046875,0,1,0.5257473680468807,-0.002402442641741276,6,ExtraTrees_Regularized,-0.002402442641741276,1.1571912963639268,1.4099144754437363
2016-06-06,8201.0498046875,1,1,0.5127897794501284,0.007974636440766236,6,ExtraTrees_Regularized,0.007974636440766236,1.166419476244848,1.4211580307979736
2016-06-07,8266.4501953125,1,1,0.5336676434139345,0.0007983607496653278,6,ExtraTrees_Regularized,0.0007983607496653278,1.167350699772327,1.4222926275888343
2016-06-08,8273.0498046875,0,0,0.5077823698016645,-0.0083947512649023,6,ExtraTrees_Regularized,0.0,1.167350699772327,1.4103528347543217
2016-06-09,8203.599609375,0,0,0.4769366221458546,-0.004089644337244347,6,ExtraTrees_Regularized,0.0,1.167350699772327,1.4045849932701522
2016-06-10,8170.0498046875,0,0,0.4747719281380876,-0.007276541569812833,6,ExtraTrees_Regularized,0.0,1.167350699772327,1.3943644721782866
2016-06-13,8110.60009765625,0,0,0.47344797679718725,-0.00021576701833758705,6,ExtraTrees_Regularized,0.0,1.167350699772327,1.394063614313649
2016-06-14,8108.85009765625,1,0,0.48393067028218834,0.012054669964487674,6,ExtraTrees_Regularized,0.0,1.167350699772327,1.4108685910937007
2016-06-15,8206.599609375,0,1,0.5253293326435965,-0.008023982222768011,6,ExtraTrees_Regularized,-0.008023982222768011,1.157983898509618,1.399547806600103
2016-06-16,8140.75,1,0,0.4863804296037244,0.003617626792678852,6,ExtraTrees_Regularized,0.0,1.157983898509618,1.4046108482428945
2016-06-17,8170.2001953125,1,1,0.512695383193884,0.008359624373303065,6,ExtraTrees_Regularized,0.008359624373303065,1.1676642089314915,1.4163528673248718
2016-06-20,8238.5,0,1,0.5247657290864217,-0.002257645126540031,6,ExtraTrees_Regularized,-0.002257645126540031,1.165028037520762,1.4131552451764948
2016-06-21,8219.900390625,0,0,0.5052703401202511,-0.0019708505629796313,6,ExtraTrees_Regularized,0.0,1.165028037520762,1.410370127365961
2016-06-22,8203.7001953125,1,0,0.4936889983120658,0.008136572328440339,6,ExtraTrees_Regularized,0.0,1.165028037520762,1.4218457059171459
2016-06-23,8270.4501953125,0,1,0.5241877142935789,-0.021987932139331257,6,ExtraTrees_Regularized,-0.021987932139331257,1.1394114800913373,1.39058225902284
2016-06-24,8088.60009765625,1,0,0.45639196595949316,0.0007541598771854119,6,ExtraTrees_Regularized,0.0,1.1394114800913373,1.391630980368521
2016-06-27,8094.7001953125,1,0,0.4959297487874561,0.004095260052119798,6,ExtraTrees_Regularized,0.0,1.1394114800913373,1.3973300711297165
2016-06-28,8127.85009765625,1,1,0.5216971744413545,0.009369009200318468,6,ExtraTrees_Regularized,0.009369009200318468,1.1500866367312614,1.4104216694220124
2016-06-29,8204.0,1,1,0.5462845910102918,0.010208434909800168,6,ExtraTrees_Regularized,0.010208434909800168,1.1618272213029635,1.4248198672296788
2016-06-30,8287.75,1,1,0.577064537732313,0.00489874928358125,6,ExtraTrees_Regularized,0.00489874928358125,1.1675187215709666,1.4317997025335025
2016-07-01,8328.349609375,1,1,0.5468628150529032,0.005085111447510116,6,ExtraTrees_Regularized,0.005085111447510116,1.1734556843872095,1.4390805635913972
2016-07-04,8370.7001953125,0,1,0.5510572874747038,-0.0041513850919495665,6,ExtraTrees_Regularized,-0.0041513850919495665,1.1685842179529808,1.4331063859935895
2016-07-05,8335.9501953125,1,0,0.5085189107908037,0.00023394997172565546,6,ExtraTrees_Regularized,0.0,1.1685842179529808,1.4334416611920726
2016-07-07,8337.900390625,0,0,0.506866590905949,-0.0017630571995113087,6,ExtraTrees_Regularized,0.0,1.1685842179529808,1.4309144215512284
2016-07-08,8323.2001953125,1,0,0.48604737986650387,0.017385163388715874,6,ExtraTrees_Regularized,0.0,1.1685842179529808,1.4557911025651664
2016-07-11,8467.900390625,1,1,0.7069974972726798,0.006276575256050743,7,RandomForest_Balanced,0.006276575256050743,1.175918924739996,1.4649284849775057
2016-07-12,8521.0498046875,0,1,0.5996932301628699,-0.00018187954806314632,7,RandomForest_Balanced,-0.00018187954806314632,1.1757050491374053,1.464662044446713
2016-07-13,8519.5,1,1,0.5316093934612989,0.005340689007570898,7,RandomForest_Balanced,0.005340689007570898,1.181984124169479,1.472484348927296
2016-07-14,8565.0,0,1,0.5313473071243093,-0.0027553542761237226,7,RandomForest_Balanced,-0.0027553542761237226,1.1787273391586384,1.468427132879954
2016-07-15,8541.400390625,0,0,0.4638310383487614,-0.003828434895569499,7,RandomForest_Balanced,0.0,1.1787273391586384,1.4628053552028355
2016-07-18,8508.7001953125,1,0,0.46194528180391176,0.0023328603569714446,7,RandomForest_Balanced,0.0,1.1787273391586384,1.4662178758259536
2016-07-19,8528.5498046875,1,1,0.5100153408996253,0.004373522526303297,7,RandomForest_Balanced,0.004373522526303297,1.1838825297288182,1.472630412734347
2016-07-20,8565.849609375,0,0,0.5036092923650081,-0.006508402848794281,7,RandomForest_Balanced,0.0,1.1838825297288182,1.4630459407608858
2016-07-21,8510.099609375,1,0,0.42258639529746234,0.003654550165692383,7,RandomForest_Balanced,0.0,1.1838825297288182,1.468392715546109
2016-07-22,8541.2001953125,1,1,0.517809385610742,0.011058187743255843,7,RandomForest_Balanced,0.011058187743255843,1.1969741250085202,1.484630477875447
2016-07-25,8635.650390625,0,0,0.49101480346529697,-0.005210956669673972,7,RandomForest_Balanced,0.0,1.1969741250085202,1.476894132784761
2016-07-26,8590.650390625,1,0,0.4562157199570313,0.0029275331807177007,7,RandomForest_Balanced,0.0,1.1969741250085202,1.4812177893628955
2016-07-27,8615.7998046875,1,0,0.5074205510042059,0.005861324676151858,7,RandomForest_Balanced,0.0,1.1969741250085202,1.4898996877424433
2016-07-28,8666.2998046875,0,0,0.47607729727242093,-0.003207805558776422,7,RandomForest_Balanced,0.0,1.1969741250085202,1.4851203792420837
2016-07-29,8638.5,0,0,0.4693525336024999,-0.00022575624385023918,7,RandomForest_Balanced,0.0,1.1969741250085202,1.4847851040436006
2016-08-01,8636.5498046875,0,0,0.4593861522191758,-0.001580424402241265,7,RandomForest_Balanced,0.0,1.1969741250085202,1.4824385134330857
2016-08-02,8622.900390625,0,0,0.44332601874225974,-0.009051569392458547,7,RandomForest_Balanced,0.0,1.1969741250085202,1.469020118358693
2016-08-03,8544.849609375,1,0,0.34974193511686397,0.0007314347572768831,7,RandomForest_Balanced,0.0,1.1969741250085202,1.4700946107323996
2016-08-04,8551.099609375,1,0,0.4656505924317544,0.015442549763450941,7,RandomForest_Balanced,0.0,1.1969741250085202,1.4927966199156157
2016-08-05,8683.150390625,1,1,0.6266230739227556,0.0032475792173825013,7,RandomForest_Balanced,0.0032475792173825013,1.2008613933006425,1.4976445951942325
2016-08-08,8711.349609375,0,1,0.5235208602476572,-0.003799596028080332,7,RandomForest_Balanced,-0.003799596028080332,1.1962986051203823,1.4919541507388565
2016-08-09,8678.25,0,1,0.5405786866453538,-0.011863013316336768,7,RandomForest_Balanced,-0.011863013316336768,1.182106898837524,1.4742550787812776
2016-08-10,8575.2998046875,1,0,0.4149918297908856,0.00196501420606765,7,RandomForest_Balanced,0.0,1.182106898837524,1.4771520109544503
2016-08-11,8592.150390625,1,1,0.5104286956928857,0.0058657509204553815,7,RandomForest_Balanced,0.0058657509204553815,1.1890408434674569,1.4858166167223588
2016-08-16,8642.5498046875,0,1,0.5833703594107924,-0.0021405719860551065,7,RandomForest_Balanced,-0.0021405719860551065,1.1864956159476552,1.4826361192961877
2016-08-17,8624.0498046875,1,0,0.4649959589446739,0.0057049989769026865,7,RandomForest_Balanced,0.0,1.1864956159476552,1.4910945568398914
2016-08-18,8673.25,0,1,0.5226362886849899,-0.0007320911278931863,7,RandomForest_Balanced,-0.0007320911278931863,1.1856269930339358,1.4900029397439791
2016-08-19,8666.900390625,0,0,0.4718234779417195,-0.0043556517669032235,7,RandomForest_Balanced,0.0,1.1856269930339358,1.4835130058067922
2016-08-22,8629.150390625,1,0,0.4571829953552847,0.0003997170745508871,7,RandomForest_Balanced,0.0,1.1856269930339358,1.4841059912855314
2016-08-23,8632.599609375,1,0,0.5002451771031206,0.0020503899304304962,7,RandomForest_Balanced,0.0,1.1856269930339358,1.4871489872657548
2016-08-24,8650.2998046875,0,0,0.48381033407720386,-0.006716485056797228,7,RandomForest_Balanced,0.0,1.1856269930339358,1.4771605733155533
2016-08-25,8592.2001953125,0,0,0.41697562652780124,-0.0022870033493540554,7,RandomForest_Balanced,0.0,1.1856269930339358,1.4737823021368468
2016-08-26,8572.5498046875,1,0,0.41022135393612286,0.004071179686342186,7,RandomForest_Balanced,0.0,1.1856269930339358,1.479782334707397
2016-08-29,8607.4501953125,1,1,0.513353939386245,0.015904758198549196,7,RandomForest_Balanced,0.015904758198549196,1.2044841036718135,1.5033179149274027
2016-08-30,8744.349609375,1,1,0.6511748082092487,0.00478601471887985,7,RandomForest_Balanced,0.00478601471887985,1.2102487823206436,1.5105128165954012
2016-08-31,8786.2001953125,0,1,0.6100126130249087,-0.0013145392127147382,7,RandomForest_Balanced,-0.0013145392127147382,1.208657862839143,1.5085271882666784
2016-09-01,8774.650390625,1,1,0.5343302530593214,0.0039887629069979,7,RandomForest_Balanced,0.0039887629069979,1.213478912489687,1.5145443455594343
2016-09-02,8809.650390625,1,1,0.525031594333552,0.015136765190694401,7,RandomForest_Balanced,0.015136765190694401,1.2318470578519025,1.5374696476890615
2016-09-06,8943.0,0,1,0.7329706997278216,-0.002801051625573092,7,RandomForest_Balanced,-0.002801051625573092,1.228396590648049,1.5331631158331327
2016-09-07,8917.9501953125,1,1,0.5176706895467814,0.0038741867728371293,7,RandomForest_Balanced,0.0038741867728371293,1.2331556284713359,1.5391028760970953
2016-09-08,8952.5,0,1,0.5471651469592083,-0.009583893290980194,7,RandomForest_Balanced,-0.009583893290980194,1.2213371965168949,1.52435227836874
2016-09-09,8866.7001953125,0,0,0.4462086372270969,-0.017041355026008564,7,RandomForest_Balanced,0.0,1.2213371965168949,1.4983752500083534
2016-09-12,8715.599609375,1,0,0.39527147048177597,0.0012621047883116798,7,RandomForest_Balanced,0.0,1.2213371965168949,1.5002663565860765
2016-09-14,8726.599609375,1,0,0.41904555687851547,0.001827767518446155,7,RandomForest_Balanced,0.0,1.2213371965168949,1.5030084947016622
2016-09-15,8742.5498046875,1,0,0.4912136804217983,0.004266467508998506,7,RandomForest_Balanced,0.0,1.2213371965168949,1.5094210316100556
2016-09-16,8779.849609375,1,1,0.5309438743669349,0.003251853109136782,7,RandomForest_Balanced,0.003251853109136782,1.2253088056766928,1.5143294470846933
2016-09-19,8808.400390625,0,0,0.500494585570626,-0.0036896597064991488,7,RandomForest_Balanced,0.0,1.2253088056766928,1.5087420867414199
2016-09-20,8775.900390625,1,0,0.4643468507120504,0.0001424355273373923,7,RandomForest_Balanced,0.0,1.2253088056766928,1.508956985216161
2016-09-21,8777.150390625,1,1,0.5264422153130323,0.010288054854791007,7,RandomForest_Balanced,0.010288054854791007,1.237914849883553,1.524481217453585
2016-09-22,8867.4501953125,0,1,0.5741973915329416,-0.00404855847332275,7,RandomForest_Balanced,-0.00404855847332275,1.232903079228805,1.5183092661032418
2016-09-23,8831.5498046875,0,0,0.45503670901825855,-0.012285499419638857,7,RandomForest_Balanced,0.0,1.232903079228805,1.499656078495698
2016-09-26,8723.0498046875,0,0,0.4102986972781694,-0.0019086689214536934,7,RandomForest_Balanced,0.0,1.232903079228805,1.4967937315458042
2016-09-27,8706.400390625,1,0,0.44896849247989523,0.004450748674702076,7,RandomForest_Balanced,0.0,1.232903079228805,1.5034555842627841
2016-09-28,8745.150390625,0,1,0.5135987904178074,-0.0175983698107679,7,RandomForest_Balanced,-0.0175983698107679,1.211205994899702,1.4769972168968635
2016-09-29,8591.25,1,0,0.4816973590725743,0.002316355667103087,7,RandomForest_Balanced,0.0,1.211205994899702,1.480418467770518
2016-09-30,8611.150390625,1,0,0.4951833595964401,0.014742422671912614,7,RandomForest_Balanced,0.0,1.211205994899702,1.5022434225536963
2016-10-03,8738.099609375,1,1,0.5502271949904574,0.0035534936242527237,7,RandomForest_Balanced,0.0035534936242527237,1.2155100076802348,1.5075816349778164
2016-10-04,8769.150390625,0,1,0.583914414835942,-0.0028737328235858284,7,RandomForest_Balanced,-0.0028737328235858284,1.212016956673767,1.5032492481491455
2016-10-05,8743.9501953125,0,1,0.5471326889937257,-0.003934193340149772,7,RandomForest_Balanced,-0.003934193340149772,1.2072486476346727,1.497335174968492
2016-10-06,8709.5498046875,0,0,0.44417387579825435,-0.0013720795655899343,7,RandomForest_Balanced,0.0,1.2072486476346727,1.4952807119720788
2016-10-07,8697.599609375,1,0,0.47146288029944644,0.0012877340663539627,7,RandomForest_Balanced,0.0,1.2072486476346727,1.4972062358836473
2016-10-10,8708.7998046875,0,1,0.5257656581522487,-0.015553256286772621,7,RandomForest_Balanced,-0.015553256286772621,1.1884720000161508,1.4739198035827947
2016-10-13,8573.349609375,1,0,0.38970124276369206,0.0011723284023095193,7,RandomForest_Balanced,0.0,1.1884720000161508,1.4756477216312613
2016-10-14,8583.400390625,0,0,0.4618815325522273,-0.007339748483457642,7,RandomForest_Balanced,0.0,1.1884720000161508,1.4648168385043006
2016-10-17,8520.400390625,1,0,0.45088459660057467,0.01848504680288232,7,RandomForest_Balanced,0.0,1.1884720000161508,1.4918940463217027
2016-10-18,8677.900390625,0,1,0.6483982086690276,-0.002166512682066579,7,RandomForest_Balanced,-0.002166512682066579,1.1858971603558348,1.4886618389500472
2016-10-19,8659.099609375,1,0,0.4579984049677174,0.004654153788272275,7,RandomForest_Balanced,0.0,1.1858971603558348,1.495590300087253
2016-10-20,8699.400390625,0,1,0.5836306895086879,-0.0007300027188475999,7,RandomForest_Balanced,-0.0007300027188475999,1.1850314522045013,1.4944985151019072
2016-10-21,8693.0498046875,1,1,0.5167818016301652,0.0018290923188344355,7,RandomForest_Balanced,0.0018290923188344355,1.1871989841313058,1.4972320908563896
2016-10-24,8708.9501953125,0,1,0.5196331725500726,-0.0020266955521803798,7,RandomForest_Balanced,-0.0020266955521803798,1.1847928932306138,1.4941976572372693
2016-10-25,8691.2998046875,0,0,0.4702023449293479,-0.008750107164233856,7,RandomForest_Balanced,0.0,1.1847928932306138,1.481123267611896
2016-10-26,8615.25,0,0,0.4008459121855228,0.0,7,RandomForest_Balanced,0.0,1.1847928932306138,1.481123267611896
2016-10-27,8615.25,1,0,0.4851981589490964,0.0026406662604103737,7,RandomForest_Balanced,0.0,1.1847928932306138,1.4850344198521874
2016-10-28,8638.0,0,1,0.5205638517618738,-0.0013602685806899384,7,RandomForest_Balanced,-0.0013602685806899384,1.1831812566833275,1.4830143741896193
2016-11-01,8626.25,0,0,0.45839013958421804,-0.013012606868569754,7,RandomForest_Balanced,0.0,1.1831812566833275,1.4637164911578517
2016-11-02,8514.0,0,0,0.3681470845079952,-0.003412004309079175,7,RandomForest_Balanced,0.0,1.1831812566833275,1.458722284182751
2016-11-03,8484.9501953125,0,0,0.3794015601688715,-0.00603423639902867,7,RandomForest_Balanced,0.0,1.1831812566833275,1.449920009079461
2016-11-04,8433.75,1,0,0.37723956546908044,0.007505534867348507,7,RandomForest_Balanced,0.0,1.1831812566833275,1.4608024342624732
2016-11-07,8497.0498046875,1,1,0.5777365204994396,0.005472487636161372,7,RandomForest_Balanced,0.005472487636161372,1.1896562014818648,1.468796657522849
2016-11-08,8543.5498046875,0,1,0.5364016614908499,-0.013056610804363489,7,RandomForest_Balanced,-0.013056610804363489,1.1741233234681185,1.4496191512148233
2016-11-09,8432.0,1,0,0.45181387480591584,0.011118358633776193,7,RandomForest_Balanced,0.0,1.1741233234681185,1.46573653682042
2016-11-10,8525.75,0,1,0.6352057506640563,-0.026912611243878892,7,RandomForest_Balanced,-0.026912611243878892,1.14252459891125,1.4262897392190228
2016-11-11,8296.2998046875,0,0,0.4163065834195241,-0.022642577269069153,7,RandomForest_Balanced,0.0,1.14252459891125,1.3939948635906756
2016-11-15,8108.4501953125,1,0,0.5000012652035046,0.0003884715658204474,7,RandomForest_Balanced,0.0,1.14252459891125,1.3945363909580804
2016-11-16,8111.60009765625,0,1,0.5163450886986982,-0.003901807530291679,7,RandomForest_Balanced,-0.003901807530291679,1.1380666878276746,1.3890951783665744
2016-11-17,8079.9501953125,0,0,0.4825689990967989,-0.000724026450019899,7,RandomForest_Balanced,0.0,1.1380666878276746,1.3880894367158418
2016-11-18,8074.10009765625,0,1,0.5477107218740156,-0.017958657713704862,7,RandomForest_Balanced,-0.017958657713704862,1.1176285377256077,1.3631612136458526
2016-11-21,7929.10009765625,1,1,0.5357516313959633,0.009231779915716665,7,RandomForest_Balanced,0.009231779915716665,1.1279462384134147,1.3757456179598724
2016-11-22,8002.2998046875,1,1,0.5330781421254005,0.0038738863522509437,7,RandomForest_Balanced,0.0038738863522509437,1.1323157739524772,1.3810751001334562
2016-11-23,8033.2998046875,0,0,0.5031618276849436,-0.008439844937436325,7,RandomForest_Balanced,0.0,1.1323157739524772,1.3694190404413755
2016-11-24,7965.5,1,0,0.499939434461508,0.018680535394827613,7,RandomForest_Balanced,0.0,1.1323157739524772,1.3950005212966916
2016-11-25,8114.2998046875,1,1,0.6429764047889165,0.001552826240037497,7,RandomForest_Balanced,0.001552826240037497,1.134074063598279,1.3971667147110272
2016-11-28,8126.89990234375,1,1,0.5308635430893283,0.0018764842908427504,7,RandomForest_Balanced,0.0018764842908427504,1.1362021357632732,1.3997884761028707
2016-11-29,8142.14990234375,1,1,0.5602178025051044,0.01011404833415619,7,RandomForest_Balanced,0.01011404833415619,1.1476937390817545,1.41394600440777
2016-11-30,8224.5,0,1,0.5566032370150917,-0.00384213136056899,7,RandomForest_Balanced,-0.00384213136056899,1.1432841489744998,1.4085134381220838
2016-12-01,8192.900390625,0,1,0.5106664182638693,-0.012950308300941793,7,RandomForest_Balanced,-0.012950308300941793,1.1284782667697002,1.3902727548523834
2016-12-02,8086.7998046875,1,0,0.4260783697861569,0.00518749027126697,7,RandomForest_Balanced,0.0,1.1284782667697002,1.3974847812425877
2016-12-05,8128.75,1,1,0.5231086648791076,0.0017714780678148578,7,RandomForest_Balanced,0.0017714780678148578,1.1304773412692883,1.399960394882664
2016-12-06,8143.14990234375,0,0,0.4936208826991554,-0.005047198952388254,7,RandomForest_Balanced,0.0,1.1304773412692883,1.3928945162442272
2016-12-07,8102.0498046875,1,0,0.45740301226547336,0.017871996368588716,7,RandomForest_Balanced,0.0,1.1304773412692883,1.417788321980371
2016-12-08,8246.849609375,1,1,0.594369164536534,0.0018067979083868924,7,RandomForest_Balanced,0.0018067979083868924,1.1325198853649725,1.4203499789550607
2016-12-09,8261.75,0,1,0.5511749635922994,-0.011008587201561393,7,RandomForest_Balanced,-0.011008587201561393,1.12005244144943,1.404713932354998
2016-12-12,8170.7998046875,1,0,0.4990731991583279,0.006241739024219095,7,RandomForest_Balanced,0.0,1.12005244144943,1.4134817901244425
2016-12-13,8221.7998046875,0,1,0.5702343310258802,-0.004786009184091999,7,RandomForest_Balanced,-0.004786009184091999,1.1146918601779883,1.4067168532953602
2016-12-14,8182.4501953125,0,0,0.49047319868295813,-0.003525850688682164,7,RandomForest_Balanced,0.0,1.1146918601779883,1.401756979709388
2016-12-15,8153.60009765625,0,0,0.43678318611316286,-0.001735417750965862,7,RandomForest_Balanced,0.0,1.1146918601779883,1.3993243457642601
2016-12-16,8139.4501953125,0,0,0.4290068956816744,-0.004312342580149231,7,RandomForest_Balanced,0.0,1.1146918601779883,1.3932899798045815
2016-12-19,8104.35009765625,0,0,0.41612463009400863,-0.0027084460873485483,7,RandomForest_Balanced,0.0,1.1146918601779883,1.389516329010238
2016-12-20,8082.39990234375,0,0,0.4375310070736328,-0.0026106228238139684,7,RandomForest_Balanced,0.0,1.1146918601779883,1.3858888259676616
2016-12-21,8061.2998046875,0,0,0.446095472008008,-0.010196830414798908,7,RandomForest_Balanced,0.0,1.1146918601779883,1.3717571526355046
2016-12-22,7979.10009765625,1,0,0.4141773590914644,0.0008334150796909245,7,RandomForest_Balanced,0.0,1.1146918601779883,1.3729003957321848
2016-12-23,7985.75,0,0,0.4925481639742388,-0.009704786651222541,7,RandomForest_Balanced,0.0,1.1146918601779883,1.359576690298225
2016-12-26,7908.25,1,0,0.4195131633700235,0.01575571051196545,7,RandomForest_Balanced,0.0,1.1146918601779883,1.38099778704938
2016-12-27,8032.85009765625,1,1,0.5474754130366196,0.00024897763255693484,7,RandomForest_Balanced,0.00024897763255693484,1.1149693935183658,1.3813416246089658
2016-12-28,8034.85009765625,1,1,0.5300204630588778,0.008556475748073389,7,RandomForest_Balanced,0.008556475748073389,1.1245096020938499,1.3931610407197368
2016-12-29,8103.60009765625,1,1,0.5988911135548008,0.01014360358861044,7,RandomForest_Balanced,0.01014360358861044,1.135916181729076,1.4072927140518938
2016-12-30,8185.7998046875,0,1,0.5739248804067775,-0.0007696016073948098,7,RandomForest_Balanced,-0.0007696016073948098,1.1350419788097514,1.4062096593170845
2017-01-02,8179.5,1,1,0.5200913947135732,0.0015587749862460143,7,RandomForest_Balanced,0.0015587749862460143,1.1368112538546593,1.4084016237594454
2017-01-03,8192.25,0,0,0.45031108792836655,-0.00021361652781592966,7,RandomForest_Balanced,0.0,1.1368112538546593,1.4081007658948077
2017-01-04,8190.5,1,0,0.4548490643829996,0.01017029542610337,7,RandomForest_Balanced,0.0,1.1368112538546593,1.4224215666736804
2017-01-05,8273.7998046875,0,1,0.556854053092504,-0.0036259035398709116,7,RandomForest_Balanced,-0.0036259035398709116,1.1326892859051425,1.4172640032798896
2017-01-06,8243.7998046875,0,0,0.4536922133453966,-0.0009401004613908137,7,RandomForest_Balanced,0.0,1.1326892859051425,1.4159316327364935
2017-01-09,8236.0498046875,1,0,0.49220482982725694,0.0063804622280927425,7,RandomForest_Balanced,0.0,1.1326892859051425,1.4249659310367304
2017-01-10,8288.599609375,1,0,0.5003323305822234,0.01110570972035907,8,ExtraTrees_Deep,0.0,1.1326892859051425,1.4407911890282254
2017-01-11,8380.650390625,1,0,0.5535436494068147,0.003167988574872327,8,ExtraTrees_Deep,0.0,1.1326892859051425,1.4453555990538436
2017-01-12,8407.2001953125,0,0,0.5357082460510272,-0.0008148474852923693,8,ExtraTrees_Deep,0.0,1.1326892859051425,1.4441778546786013
2017-01-13,8400.349609375,1,0,0.5314369640048152,0.0014821044232022906,8,ExtraTrees_Deep,0.0,1.1326892859051425,1.4463182770649112
2017-01-16,8412.7998046875,0,0,0.5305918474831021,-0.0017592008642893786,8,ExtraTrees_Deep,0.0,1.1326892859051425,1.4437739127018612
2017-01-17,8398.0,1,0,0.5160249605956009,0.002262443438914019,8,ExtraTrees_Deep,0.0,1.1326892859051425,1.4470403695179288
2017-01-18,8417.0,1,0,0.5229763740573358,0.0021503634757038537,8,ExtraTrees_Deep,0.0,1.1326892859051425,1.4501520322764092
2017-01-19,8435.099609375,0,0,0.5088990549360797,-0.010165855054597661,8,ExtraTrees_Deep,0.0,1.1326892859051425,1.435409996909157
2017-01-20,8349.349609375,1,0,0.46477944929000603,0.005048344194100052,8,ExtraTrees_Deep,0.0,1.1326892859051425,1.4426564406332065
2017-01-23,8391.5,1,0,0.5181562806926551,0.010045856484240057,8,ExtraTrees_Deep,0.0,1.1326892859051425,1.4571491601918722
2017-01-24,8475.7998046875,1,0,0.5293507992226871,0.014977960574563243,8,ExtraTrees_Deep,0.0,1.1326892859051425,1.478974282864484
2017-01-25,8602.75,1,1,0.6303154053384477,0.00447531312661642,8,ExtraTrees_Deep,0.00447531312661642,1.1377584251347315,1.4855931558865156
2017-01-27,8641.25,0,0,0.5221867075458335,-0.0009836539852451365,8,ExtraTrees_Deep,0.0,1.1377584251347315,1.4841318462582749
2017-01-30,8632.75,0,0,0.538750805874491,-0.008276643631809133,8,ExtraTrees_Deep,0.0,1.1377584251347315,1.4718482158641761
2017-01-31,8561.2998046875,1,0,0.5331116115888233,0.01811647640847469,8,ExtraTrees_Deep,0.0,1.1377584251347315,1.498512919343735
2017-02-01,8716.400390625,1,1,0.6457657392678441,0.002047818890261066,8,ExtraTrees_Deep,0.002047818890261066,1.140088348330276,1.5015816024072672
2017-02-02,8734.25,1,0,0.5265180523331405,0.0007671174184962215,8,ExtraTrees_Deep,0.0,1.140088348330276,1.5027334918097672
2017-02-03,8740.9501953125,1,0,0.5279328279180664,0.006875638006406781,8,ExtraTrees_Deep,0.0,1.140088348330276,1.513065743319555
2017-02-06,8801.0498046875,0,0,0.5237013924515636,-0.0037211469911869743,8,ExtraTrees_Deep,0.0,1.140088348330276,1.5074354032813333
2017-02-07,8768.2998046875,1,0,0.4919852351807558,8.55353964515082e-05,8,ExtraTrees_Deep,0.0,1.140088348330276,1.507564342366178
2017-02-08,8769.0498046875,1,0,0.4805291869733865,0.0010663168924529565,8,ExtraTrees_Deep,0.0,1.140088348330276,1.5091718836909027
2017-02-09,8778.400390625,1,0,0.485535321700677,0.0017257602055471555,8,ExtraTrees_Deep,0.0,1.140088348330276,1.5117763524711072
2017-02-10,8793.5498046875,1,0,0.4888197480531984,0.001307776751758416,8,ExtraTrees_Deep,0.0,1.140088348330276,1.5137534184387271
2017-02-13,8805.0498046875,0,0,0.5105477768860649,-0.0014480326951941125,8,ExtraTrees_Deep,0.0,1.140088348330276,1.511561453996366
2017-02-14,8792.2998046875,0,0,0.4933762528014713,-0.007688501401983627,8,ExtraTrees_Deep,0.0,1.140088348330276,1.4999398116381306
2017-02-15,8724.7001953125,1,0,0.46838670916395253,0.006109070053333943,8,ExtraTrees_Deep,0.0,1.140088348330276,1.5091030490232125
2017-02-16,8778.0,1,0,0.5157924953151137,0.004978377228582742,8,ExtraTrees_Deep,0.0,1.140088348330276,1.5166159332780544
2017-02-17,8821.7001953125,1,0,0.5314597064104072,0.0065180179247708026,8,ExtraTrees_Deep,0.0,1.140088348330276,1.5265012631161539
2017-02-20,8879.2001953125,1,0,0.5296238873896051,0.003226575978951818,8,ExtraTrees_Deep,0.0,1.140088348330276,1.531426635423564
2017-02-21,8907.849609375,1,0,0.5209427677847465,0.0021386509747480797,8,ExtraTrees_Deep,0.0,1.140088348330276,1.5347018224901676
2017-02-22,8926.900390625,1,0,0.49676624302935113,0.0014114204061503877,8,ExtraTrees_Deep,0.0,1.140088348330276,1.5368679319597864
2017-02-23,8939.5,0,0,0.48753026994607945,-0.004787717958219084,8,ExtraTrees_Deep,0.0,1.140088348330276,1.5295098417625315
2017-02-27,8896.7001953125,0,0,0.5166409424662984,-0.0019221268068030373,8,ExtraTrees_Deep,0.0,1.140088348330276,1.5265699298944106
2017-02-28,8879.599609375,1,0,0.49924558218360016,0.007455313102474381,8,ExtraTrees_Deep,0.0,1.140088348330276,1.537950986694596
2017-03-01,8945.7998046875,0,0,0.49230715827483756,-0.0051476453411544165,8,ExtraTrees_Deep,0.0,1.140088348330276,1.5300341604630137
2017-03-02,8899.75,0,0,0.45078660712864954,-0.0002472199008398679,8,ExtraTrees_Deep,0.0,1.140088348330276,1.5296559055695824
2017-03-03,8897.5498046875,1,0,0.48158033260248945,0.00740657732427441,8,ExtraTrees_Deep,0.0,1.140088348330276,1.5409854203137165
2017-03-06,8963.4501953125,0,0,0.5084325308462172,-0.0018463654426456033,8,ExtraTrees_Deep,0.0,1.140088348330276,1.5381401980860285
2017-03-07,8946.900390625,0,0,0.4814599114686195,-0.0025260799775062015,8,ExtraTrees_Deep,0.0,1.140088348330276,1.534254732929046
2017-03-08,8924.2998046875,1,0,0.4593579713616066,0.0003025666294942386,8,ExtraTrees_Deep,0.0,1.140088348330276,1.534718947212374
2017-03-09,8927.0,1,0,0.4705236039717235,0.0008457269729471584,8,ExtraTrees_Deep,0.0,1.140088348330276,1.5360169004219244
2017-03-10,8934.5498046875,1,0,0.4683321050576208,0.017062996865551794,8,ExtraTrees_Deep,0.0,1.140088348330276,1.5622259519792583
2017-03-14,9087.0,0,1,0.6148890755461003,-0.0002421255983823256,8,ExtraTrees_Deep,-0.0002421255983823256,1.1398123037567278,1.5618476970858268
2017-03-15,9084.7998046875,1,0,0.5107619945344687,0.0075841396735512046,8,ExtraTrees_Deep,0.0,1.1398123037567278,1.5736929681693401
2017-03-16,9153.7001953125,1,0,0.5335115783737884,0.0006936658662091144,8,ExtraTrees_Deep,0.0,1.1398123037567278,1.5747845852652524
2017-03-17,9160.0498046875,0,0,0.5015721909333472,-0.0036244557639315556,8,ExtraTrees_Deep,0.0,1.1398123037567278,1.5690768481982373
2017-03-20,9126.849609375,0,0,0.4952827159720317,-0.0005861397529225432,8,ExtraTrees_Deep,0.0,1.1398123037567278,1.5681571498821179
2017-03-21,9121.5,0,0,0.5158933983933067,-0.009981889457600146,8,ExtraTrees_Deep,0.0,1.1398123037567278,1.5525039785598493
2017-03-22,9030.4501953125,1,0,0.45873293891603484,0.006184587497530369,8,ExtraTrees_Deep,0.0,1.1398123037567278,1.5621055752555166
2017-03-23,9086.2998046875,1,0,0.49550212386000914,0.002388232369495924,8,ExtraTrees_Deep,0.0,1.1398123037567278,1.5658362463549118
2017-03-24,9108.0,0,0,0.4953381256057929,-0.006895015885759803,8,ExtraTrees_Deep,0.0,1.1398123037567278,1.5550397805617961
2017-03-27,9045.2001953125,1,0,0.5091680668450468,0.006146863328001739,8,ExtraTrees_Deep,0.0,1.1398123037567278,1.5645983975625153
2017-03-28,9100.7998046875,1,0,0.5387933417468279,0.004724859454424246,8,ExtraTrees_Deep,0.0,1.1398123037567278,1.5719909050936156
2017-03-29,9143.7998046875,1,0,0.5099041833211686,0.003275464899958447,8,ExtraTrees_Deep,0.0,1.1398123037567278,1.5771399061263036
2017-03-30,9173.75,0,0,0.512678237185226,0.0,8,ExtraTrees_Deep,0.0,1.1398123037567278,1.5771399061263036
2017-03-31,9173.75,1,0,0.48919969501328503,0.006987285393105225,8,ExtraTrees_Deep,0.0,1.1398123037567278,1.5881598327552633
2017-04-03,9237.849609375,1,0,0.5047265500441432,0.002955317785461098,8,ExtraTrees_Deep,0.0,1.1398123037567278,1.5928533497551598
2017-04-05,9265.150390625,0,0,0.48862803102534674,-0.00034540133484917135,8,ExtraTrees_Deep,0.0,1.1398123037567278,1.5923031760819355
2017-04-06,9261.9501953125,0,0,0.4858412549046479,-0.006872244968150865,8,ExtraTrees_Deep,0.0,1.1398123037567278,1.5813604785923359
2017-04-07,9198.2998046875,0,0,0.46307202565246514,-0.0018318178068531532,8,ExtraTrees_Deep,0.0,1.1398123037567278,1.5784637143085967
2017-04-10,9181.4501953125,1,0,0.47117711719135097,0.006050221207523521,8,ExtraTrees_Deep,0.0,1.1398123037567278,1.5880137689482128
2017-04-11,9237.0,0,0,0.5048660287303467,-0.003632110499891761,8,ExtraTrees_Deep,0.0,1.1398123037567278,1.5822459274640432
2017-04-12,9203.4501953125,0,0,0.4647660350862327,-0.005720723153564311,8,ExtraTrees_Deep,0.0,1.1398123037567278,1.5731943365521668
2017-04-13,9150.7998046875,0,0,0.45918668637257626,-0.0012567207506942735,8,ExtraTrees_Deep,0.0,1.1398123037567278,1.5712172705845469
2017-04-17,9139.2998046875,0,0,0.5022158608772987,-0.003736545992832463,8,ExtraTrees_Deep,0.0,1.1398123037567278,1.565346344988275
2017-04-18,9105.150390625,0,0,0.47360344426333134,-0.00018125901870869043,8,ExtraTrees_Deep,0.0,1.1398123037567278,1.565062611845843
2017-04-19,9103.5,1,0,0.4843766650347723,0.003614037526775471,8,ExtraTrees_Deep,0.0,1.1398123037567278,1.5707188068568072
2017-04-20,9136.400390625,0,0,0.5154756387470786,-0.0018606890321317682,8,ExtraTrees_Deep,0.0,1.1398123037567278,1.5677961876003257
2017-04-21,9119.400390625,1,0,0.48634104990735216,0.010806610135114969,8,ExtraTrees_Deep,0.0,1.1398123037567278,1.584738749771042
2017-04-24,9217.9501953125,1,0,0.5458921908219192,0.00961704198701141,8,ExtraTrees_Deep,0.0,1.1398123037567278,1.599979248866034
2017-04-25,9306.599609375,1,0,0.5489207489293955,0.004862141050359314,8,ExtraTrees_Deep,0.0,1.1398123037567278,1.6077585736516686
2017-04-26,9351.849609375,0,0,0.5270904804340113,-0.001037144431864756,8,ExtraTrees_Deep,0.0,1.1398123037567278,1.606091095799223
2017-04-27,9342.150390625,0,0,0.5195012557144626,-0.004078352878555069,8,ExtraTrees_Deep,0.0,1.1398123037567278,1.5995408895554486
2017-04-28,9304.0498046875,1,0,0.4931793979119193,0.0010479307618374012,8,ExtraTrees_Deep,0.0,1.1398123037567278,1.6012170976584306
2017-05-02,9313.7998046875,0,0,0.4870542100371151,-0.00019858805361794296,8,ExtraTrees_Deep,0.0,1.1398123037567278,1.6008991150715868
2017-05-03,9311.9501953125,1,0,0.4743203773955495,0.005149318274558334,8,ExtraTrees_Deep,0.0,1.1398123037567278,1.6091426541405491
2017-05-04,9359.900390625,0,0,0.4969737407608063,-0.007970232889681239,8,ExtraTrees_Deep,0.0,1.1398123037567278,1.5963174124343291
2017-05-05,9285.2998046875,1,0,0.44668174015532,0.0030962920535411165,8,ExtraTrees_Deep,0.0,1.1398123037567278,1.601260077353379
2017-05-08,9314.0498046875,1,0,0.49031614813088203,0.0003006001413146109,8,ExtraTrees_Deep,0.0,1.1398123037567278,1.6017414163589128
2017-05-09,9316.849609375,1,0,0.4770835714751453,0.009708238203339103,8,ExtraTrees_Deep,0.0,1.1398123037567278,1.617291503569079
2017-05-10,9407.2998046875,1,0,0.5093253814324353,0.0016051987553300506,8,ExtraTrees_Deep,0.0,1.1398123037567278,1.6198875778776138
2017-05-11,9422.400390625,0,0,0.48661827077985037,-0.002281796475279485,8,ExtraTrees_Deep,0.0,1.1398123037567278,1.6161913241120636
2017-05-12,9400.900390625,1,0,0.47710931450017763,0.004733589140501593,8,ExtraTrees_Deep,0.0,1.1398123037567278,1.6238417098128533
2017-05-15,9445.400390625,1,0,0.5065009448543464,0.007077477566896029,8,ExtraTrees_Deep,0.0,1.1398123037567278,1.6353344130862437
2017-05-16,9512.25,1,0,0.5122552425671401,0.0014192225814082526,8,ExtraTrees_Deep,0.0,1.1398123037567278,1.6376553166134498
2017-05-17,9525.75,0,0,0.5076008801122924,-0.010109419697924005,8,ExtraTrees_Deep,0.0,1.1398123037567278,1.6210995716972678
2017-05-18,9429.4501953125,0,0,0.4839530013669111,-0.00016435790585866972,8,ExtraTrees_Deep,0.0,1.1398123037567278,1.6208331311664752
2017-05-19,9427.900390625,1,0,0.4922229058931264,0.001097763971423804,8,ExtraTrees_Deep,0.0,1.1398123037567278,1.6226124233815598
2017-05-22,9438.25,0,0,0.4993515090344697,-0.00552004973114717,8,ExtraTrees_Deep,0.0,1.1398123037567278,1.6136555221101163
2017-05-23,9386.150390625,0,0,0.47352834491874213,-0.0027274851639997877,8,ExtraTrees_Deep,0.0,1.1398123037567278,1.6092543006137547
2017-05-24,9360.5498046875,1,0,0.46787784325064613,0.015939255537936958,8,ExtraTrees_Deep,0.0,1.1398123037567278,1.6349046161367613
2017-05-25,9509.75,1,1,0.5974485879042651,0.008974958266515953,8,ExtraTrees_Deep,0.008974958266515953,1.1500420716146058,1.649577816836323
2017-05-26,9595.099609375,1,1,0.5848805314364606,0.00102143611312,8,ExtraTrees_Deep,0.00102143611312,1.1512167661181603,1.6512627551898413
2017-05-29,9604.900390625,1,0,0.5286512462802377,0.0020457696866569286,8,ExtraTrees_Deep,0.0,1.1512167661181603,1.6546408584791144
2017-05-30,9624.5498046875,0,0,0.522031167156916,-0.0003428528870922376,8,ExtraTrees_Deep,0.0,1.1512167661181603,1.654073560083684
2017-05-31,9621.25,0,0,0.5176474930002528,-0.0005353140834091219,8,ExtraTrees_Deep,0.0,1.1512167661181603,1.6531881112119766
2017-06-01,9616.099609375,1,0,0.48822367457403765,0.00388935141525959,8,ExtraTrees_Deep,0.0,1.1512167661181603,1.6596179407320093
2017-06-02,9653.5,1,0,0.4928239276096529,0.002237489964779682,8,ExtraTrees_Deep,0.0,1.1512167661181603,1.6633313192197654
2017-06-05,9675.099609375,0,0,0.4982612119657094,-0.003922359487981697,8,ExtraTrees_Deep,0.0,1.1512167661181603,1.6568071358381666
2017-06-06,9637.150390625,1,0,0.47408645000452676,0.002775716774745085,8,ExtraTrees_Deep,0.0,1.1512167661181603,1.66140596319763
2017-06-07,9663.900390625,0,0,0.4834405983155066,-0.0017229472523487832,8,ExtraTrees_Deep,0.0,1.1512167661181603,1.6585434483583026
2017-06-08,9647.25,1,0,0.4600147231668699,0.0021767861307626646,8,ExtraTrees_Deep,0.0,1.1512167661181603,1.6621537427339563
2017-06-09,9668.25,0,0,0.48025704728207896,-0.005362874292141773,8,ExtraTrees_Deep,0.0,1.1512167661181603,1.6532398211574613
2017-06-12,9616.400390625,0,0,0.4772377163195124,-0.0009878956380873216,8,ExtraTrees_Deep,0.0,1.1512167661181603,1.6516065927494274
2017-06-13,9606.900390625,1,0,0.48204536815649734,0.0011710332721861505,8,ExtraTrees_Deep,0.0,1.1512167661181603,1.653540679022099
2017-06-14,9618.150390625,0,0,0.4882450130455519,-0.0041692616884621,8,ExtraTrees_Deep,0.0,1.1512167661181603,1.6466466352187386
2017-06-15,9578.0498046875,1,0,0.46499745163715617,0.001044053873587636,8,ExtraTrees_Deep,0.0,1.1512167661181603,1.6483658230166687
2017-06-16,9588.0498046875,1,0,0.4979311013790084,0.007248606485755094,8,ExtraTrees_Deep,0.0,1.1512167661181603,1.6603141782122843
2017-06-19,9657.5498046875,0,0,0.5121566461060032,-0.0004193408027297618,8,ExtraTrees_Deep,0.0,1.1512167661181603,1.659617940732009
2017-06-20,9653.5,0,0,0.5006657183111208,-0.0020614689620345183,8,ExtraTrees_Deep,0.0,1.1512167661181603,1.6561966898583544
2017-06-21,9633.599609375,0,0,0.48544664635026646,-0.00037365154469337636,8,ExtraTrees_Deep,0.0,1.1512167661181603,1.655577849406873
2017-06-22,9630.0,0,0,0.49616163762807525,-0.005716490621754944,8,ExtraTrees_Deep,0.0,1.1512167661181603,1.6461137541571533
2017-06-23,9574.9501953125,0,0,0.4772920476691622,-0.006637089842891464,8,ExtraTrees_Deep,0.0,1.1512167661181603,1.635188349279193
2017-06-27,9511.400390625,0,0,0.5044991925022683,-0.0021185514012070916,8,ExtraTrees_Deep,0.0,1.1512167661181603,1.63172411871059
2017-06-28,9491.25,1,0,0.48291442006286395,0.0013538374160411148,8,ExtraTrees_Deep,0.0,1.1512167661181603,1.6339332078751572
2017-06-29,9504.099609375,1,0,0.5037677812096724,0.0017677404426008625,8,ExtraTrees_Deep,0.0,1.1512167661181603,1.6368215776872266
2017-06-30,9520.900390625,1,0,0.5336491913204726,0.009883477981521338,8,ExtraTrees_Deep,0.0,1.1512167661181603,1.6529990677099773
2017-07-03,9615.0,0,0,0.5192826560167957,-0.00017682738559543498,8,ExtraTrees_Deep,0.0,1.1512167661181603,1.6527067722064424
2017-07-04,9613.2998046875,1,0,0.5017060234851756,0.0025277277502206985,8,ExtraTrees_Deep,0.0,1.1512167661181603,1.6568843649775262
2017-07-05,9637.599609375,1,0,0.5087564102358776,0.003833962481337938,8,ExtraTrees_Deep,0.0,1.1512167661181603,1.6632367974687654
2017-07-06,9674.5498046875,0,0,0.4951475108047841,-0.0009044348498532528,8,ExtraTrees_Deep,0.0,1.1512167661181603,1.6617325081455763
2017-07-07,9665.7998046875,1,0,0.48688072397428345,0.010888907501369838,8,ExtraTrees_Deep,0.0,1.1512167661181603,1.6798269597187927
2017-07-10,9771.0498046875,1,1,0.5457956370657973,0.001535147225716127,9,HistGradientBoosting,0.001535147225716127,1.1529840533428644,1.682405741415688
2017-07-11,9786.0498046875,1,0,0.48441965205159565,0.0030706776776372458,9,HistGradientBoosting,0.0,1.1529840533428644,1.687571867170582
2017-07-12,9816.099609375,1,0,0.4968552528146341,0.007701693029408263,9,HistGradientBoosting,0.0,1.1529840533428644,1.700569027656595
2017-07-13,9891.7001953125,0,0,0.5204776598914612,-0.0005409167111671831,9,HistGradientBoosting,0.0,1.1529840533428644,1.6996491614510423
2017-07-14,9886.349609375,1,0,0.49008159443305066,0.0029940865038224906,9,HistGradientBoosting,0.0,1.1529840533428644,1.704738058066576
2017-07-17,9915.9501953125,0,0,0.4562457358832732,-0.008955249163058343,9,HistGradientBoosting,0.0,1.1529840533428644,1.6894717039988416
2017-07-18,9827.150390625,1,0,0.47042405274945487,0.007372352703497453,9,HistGradientBoosting,0.0,1.1529840533428644,1.7019270852833
2017-07-19,9899.599609375,0,0,0.4771073872242546,-0.002656653372384299,9,HistGradientBoosting,0.0,1.1529840533428644,1.69740565495263
2017-07-20,9873.2998046875,1,0,0.5213488930105156,0.004248852576378193,9,HistGradientBoosting,0.0,1.1529840533428644,1.7046176813428344
2017-07-21,9915.25,1,0,0.5105667164954923,0.005158759549683589,9,HistGradientBoosting,0.0,1.1529840533428644,1.7134113940850213
2017-07-24,9966.400390625,0,0,0.479100629668346,-0.00018568247962835738,9,HistGradientBoosting,0.0,1.1529840533428644,1.713093243608744
2017-07-25,9964.5498046875,1,0,0.4785951299216212,0.0056300171143817135,9,HistGradientBoosting,0.0,1.1529840533428644,1.722737987888793
2017-07-26,10020.650390625,0,0,0.4923110659050849,-1.0037865166290239e-05,9,HistGradientBoosting,0.0,1.1529840533428644,1.7227206952771537
2017-07-27,10020.5498046875,0,0,0.505209880078976,-0.0006037397952625145,9,HistGradientBoosting,0.0,1.1529840533428644,1.7216806202372925
2017-07-28,10014.5,1,0,0.468805369549529,0.006250897136651945,9,HistGradientBoosting,0.0,1.1529840533428644,1.732442668696563
2017-07-31,10077.099609375,1,0,0.5118712039041755,0.0037263481265050746,9,HistGradientBoosting,0.0,1.1529840533428644,1.7388983531893378
2017-08-01,10114.650390625,0,0,0.4614915044869333,-0.0032774628232060676,9,HistGradientBoosting,0.0,1.1529840533428644,1.7331991784834255
2017-08-02,10081.5,0,0,0.453581431622689,-0.006730110536626532,9,HistGradientBoosting,0.0,1.1529840533428644,1.7215345564302418
2017-08-03,10013.650390625,1,0,0.4660549493540986,0.0052678092346210015,9,HistGradientBoosting,0.0,1.1529840533428644,1.730603272064324
2017-08-04,10066.400390625,0,0,0.529394079546659,-0.000894063384204502,9,HistGradientBoosting,0.0,1.1529840533428644,1.7290560030461868
2017-08-07,10057.400390625,0,0,0.5230757377491293,-0.007840056363968673,9,HistGradientBoosting,0.0,1.1529840533428644,1.7155001065258464
2017-08-08,9978.5498046875,0,0,0.476387323763968,-0.007065154895241621,9,HistGradientBoosting,0.0,1.1529840533428644,1.7033798325504377
2017-08-09,9908.0498046875,0,0,0.4524385931103914,-0.008861461782919355,9,HistGradientBoosting,0.0,1.1529840533428644,1.6882853972624965
2017-08-10,9820.25,0,0,0.44276757998412514,-0.011145357329243155,9,HistGradientBoosting,0.0,1.1529840533428644,1.6694688532362627
2017-08-11,9710.7998046875,1,0,0.45001150244793486,0.008583287433983067,9,HistGradientBoosting,0.0,1.1529840533428644,1.6837983842656716
2017-08-14,9794.150390625,1,1,0.5585249083621909,0.010531736796816515,9,HistGradientBoosting,0.010531736796816515,1.165126977923598,1.7015317056676627
2017-08-16,9897.2998046875,1,1,0.5549290105372144,0.0006921671640436333,9,HistGradientBoosting,0.0006921671640436333,1.1659334405596582,1.702709450042905
2017-08-17,9904.150390625,0,1,0.565636552124551,-0.006739598791147605,9,HistGradientBoosting,-0.006739598791147605,1.1580755169531038,1.69123387149172
2017-08-18,9837.400390625,0,0,0.5075621717192099,-0.008442350412935062,9,HistGradientBoosting,0.0,1.1580755169531038,1.6769558825183621
2017-08-21,9754.349609375,1,0,0.49044515584426035,0.0011482257414410224,9,HistGradientBoosting,0.0,1.1580755169531038,1.6788814064299307
2017-08-22,9765.5498046875,1,1,0.5442840576882214,0.008903768559017866,9,HistGradientBoosting,0.008903768559017866,1.1683867533299193,1.6938297779108211
2017-08-23,9852.5,1,1,0.54694710374868,0.00046179189926420783,9,HistGradientBoosting,0.00046179189926420783,1.1689263048678147,1.694611974780993
2017-08-24,9857.0498046875,1,0,0.5015355721931194,0.005655850493267112,9,HistGradientBoosting,0.0,1.1689263048678147,1.7041964467544544
2017-08-28,9912.7998046875,0,1,0.5889619711882752,-0.011777701789638884,9,HistGradientBoosting,-0.011777701789638884,1.155159039435017,1.6841249292136182
2017-08-29,9796.0498046875,1,1,0.5471823339438884,0.009019001301445284,9,HistGradientBoosting,0.009019001301445284,1.1655774203150577,1.6993140541419922
2017-08-30,9884.400390625,1,1,0.5996321107718587,0.0033891787742403867,9,HistGradientBoosting,0.0033891787742403867,1.1695277705677234,1.7050733332650587
2017-08-31,9917.900390625,1,1,0.5950513928373509,0.00569677026131532,9,HistGradientBoosting,0.00569677026131532,1.176190301590876,1.7147867443233649
2017-09-01,9974.400390625,0,1,0.5492656988198124,-0.006170875324781666,9,HistGradientBoosting,-0.006170875324781666,1.1689321778815414,1.7042050091155572
2017-09-04,9912.849609375,1,0,0.5061171206838304,0.003969654285916446,9,HistGradientBoosting,0.0,1.1689321778815414,1.710970113834073
2017-09-05,9952.2001953125,0,0,0.5001131174486613,-0.0036172905783141696,9,HistGradientBoosting,0.0,1.1689321778815414,1.7047810377615238
2017-09-06,9916.2001953125,1,0,0.4786435196034442,0.0013815972895521167,9,HistGradientBoosting,0.0,1.1689321778815414,1.707136358622575
2017-09-07,9929.900390625,1,0,0.4859759126905722,0.0004934001218306339,9,HistGradientBoosting,0.0,1.1689321778815414,1.707978659909901
2017-09-08,9934.7998046875,1,0,0.4881112228176423,0.007171760015373785,9,HistGradientBoosting,0.0,1.1689321778815414,1.7202278729701546
2017-09-11,10006.0498046875,1,0,0.5081823577963709,0.008694739852208588,9,HistGradientBoosting,0.0,1.1689321778815414,1.7351848068121483
2017-09-12,10093.0498046875,0,1,0.6041707293842239,-0.0013623236054590704,9,HistGradientBoosting,-0.0013623236054590704,1.1673397139824326,1.732820923589994
2017-09-13,10079.2998046875,1,0,0.5220733697683344,0.0007242372812548137,9,HistGradientBoosting,0.0,1.1673397139824326,1.7340758971045964
2017-09-14,10086.599609375,0,0,0.4504055290321402,-0.00011889227256378643,9,HistGradientBoosting,0.0,1.1673397139824326,1.7338697288803915
2017-09-15,10085.400390625,1,0,0.4835094324492673,0.006712596042585561,9,HistGradientBoosting,0.0,1.1673397139824326,1.745508495960833
2017-09-18,10153.099609375,0,0,0.4562457358832732,-0.0005466118624873895,9,HistGradientBoosting,0.0,1.1673397139824326,1.7445543803108683
2017-09-19,10147.5498046875,0,0,0.46253286537086385,-0.0006306363787978997,9,HistGradientBoosting,0.0,1.1673397139824326,1.743454200853853
2017-09-20,10141.150390625,0,0,0.4850916657417479,-0.0018982067377479872,9,HistGradientBoosting,0.0,1.1673397139824326,1.7401447643428372
2017-09-21,10121.900390625,0,0,0.49122907629542945,-0.01556031910231781,9,HistGradientBoosting,0.0,1.1673397139824326,1.713067556525435
2017-09-22,9964.400390625,0,0,0.4802521480576704,-0.009212875602266135,9,HistGradientBoosting,0.0,1.1673397139824326,1.697285278228888
2017-09-25,9872.599609375,0,0,0.46076158732819966,-0.00011137992205778602,9,HistGradientBoosting,0.0,1.1673397139824326,1.6970962347268892
2017-09-26,9871.5,0,0,0.5141725073384947,-0.013751709466646389,9,HistGradientBoosting,0.0,1.1673397139824326,1.6737582603699854
2017-09-27,9735.75,1,1,0.5453759204160241,0.003410132276660871,9,HistGradientBoosting,0.003410132276660871,1.1713204968189121,1.6794659974370008
2017-09-28,9768.9501953125,1,1,0.5693929169673667,0.002011415113154058,9,HistGradientBoosting,0.002011415113154058,1.1736765085685608,1.682844100726274
2017-09-29,9788.599609375,1,1,0.591672252923674,0.007243159742390093,9,HistGradientBoosting,0.007243159742390093,1.1821776350060136,1.6950332093693732
2017-10-03,9859.5,1,1,0.5846139621352545,0.005618985813175215,9,HistGradientBoosting,0.005618985813175215,1.1888202743657654,1.7045575769256804
2017-10-04,9914.900390625,0,1,0.5515260009801056,-0.0026425071639926134,9,HistGradientBoosting,-0.0026425071639926134,1.1856788082740541,1.7000532713172165
2017-10-05,9888.7001953125,1,0,0.4822908067840289,0.009202422785872022,9,HistGradientBoosting,0.0,1.1856788082740541,1.7156978802783824
2017-10-06,9979.7001953125,1,0,0.5182258529904139,0.0009068212982741297,9,HistGradientBoosting,0.0,1.1856788082740541,1.7172537116576228
2017-10-09,9988.75,1,0,0.4999433213652673,0.0028231956263296,9,HistGradientBoosting,0.0,1.1856788082740541,1.7221018548256728
2017-10-10,10016.9501953125,0,0,0.49869762953773505,-0.0032095987299651796,9,HistGradientBoosting,0.0,1.1856788082740541,1.7165745988995535
2017-10-11,9984.7998046875,1,0,0.4906037016870652,0.011177047924897598,9,HistGradientBoosting,0.0,1.1856788082740541,1.7357608354581158
2017-10-12,10096.400390625,1,0,0.4656910954708554,0.007037142143597297,9,HistGradientBoosting,0.0,1.1856788082740541,1.7479756311845238
2017-10-13,10167.4501953125,1,0,0.5182325954937514,0.006235527378509298,9,HistGradientBoosting,0.0,1.1856788082740541,1.758875181089742
2017-10-16,10230.849609375,1,1,0.5307055379206527,0.00035193420634405115,9,HistGradientBoosting,0.00035193420634405115,1.186096089204423,1.759494189430657
2017-10-17,10234.4501953125,0,0,0.5236195572958164,-0.0023059945074831445,9,HistGradientBoosting,0.0,1.186096089204423,1.7554368054938814
2017-10-18,10210.849609375,0,0,0.5234202000805207,-0.006297204164917303,9,HistGradientBoosting,0.0,1.186096089204423,1.7443824615310761
2017-10-19,10146.5498046875,1,0,0.5093588727291383,0.00377466285828576,9,HistGradientBoosting,0.0,1.186096089204423,1.7509669172192626
2017-10-23,10184.849609375,1,0,0.5191304487699988,0.0022435859942857572,9,HistGradientBoosting,0.0,1.186096089204423,1.7548953620711933
2017-10-24,10207.7001953125,1,0,0.4989872381739566,0.008586597606260904,9,HistGradientBoosting,0.0,1.186096089204423,1.7699639423863922
2017-10-25,10295.349609375,1,1,0.5565587255965395,0.004706027201677676,9,HistGradientBoosting,0.004706027201677676,1.1916778896640225,1.7782934408452513
2017-10-26,10343.7998046875,0,0,0.5185974503469389,-0.002006032637116295,9,HistGradientBoosting,0.0,1.1916778896640225,1.774726126164546
2017-10-27,10323.0498046875,1,0,0.5022724007705849,0.00393300300838062,9,HistGradientBoosting,0.0,1.1916778896640225,1.7817061293578027
2017-10-30,10363.650390625,0,0,0.5028051691859544,-0.002735579151063039,9,HistGradientBoosting,0.0,1.1916778896640225,1.7768321312170103
2017-10-31,10335.2998046875,1,0,0.5007112415905349,0.010178727013297362,9,HistGradientBoosting,0.0,1.1916778896640225,1.7949180204291237
2017-11-01,10440.5,0,0,0.4990224369136621,-0.0015995589591015769,9,HistGradientBoosting,0.0,1.1916778896640225,1.7920469432286934
2017-11-02,10423.7998046875,1,0,0.46579555790893223,0.0027533333189682097,9,HistGradientBoosting,0.0,1.1916778896640225,1.7969810457866402
2017-11-03,10452.5,0,0,0.4736397740823428,-6.698831021290097e-05,9,HistGradientBoosting,0.0,1.1916778896640225,1.7968606690628983
2017-11-06,10451.7998046875,0,0,0.48178537629253976,-0.009725541625559164,9,HistGradientBoosting,0.0,1.1916778896640225,1.779385225830597
2017-11-07,10350.150390625,0,0,0.46044691087829737,-0.004540996818999998,9,HistGradientBoosting,0.0,1.1916778896640225,1.7713050431803248
2017-11-08,10303.150390625,1,0,0.43758260441855196,0.0005629156585715833,9,HistGradientBoosting,0.0,1.1916778896640225,1.7723021385252378
2017-11-09,10308.9501953125,1,0,0.519990719780964,0.0012416205767800115,9,HistGradientBoosting,0.0,1.1916778896640225,1.774502665328702
2017-11-10,10321.75,0,0,0.5256566040377469,-0.009378235734008311,9,HistGradientBoosting,0.0,1.1916778896640225,1.7578609610226232
2017-11-13,10224.9501953125,0,0,0.47377392943101204,-0.0037506868204679744,9,HistGradientBoosting,0.0,1.1916778896640225,1.7512677750839005
2017-11-14,10186.599609375,0,0,0.4519199244291737,-0.00672940994209803,9,HistGradientBoosting,0.0,1.1916778896640225,1.7394827763069751
2017-11-15,10118.0498046875,1,0,0.45768747880754623,0.009557197007243445,9,HistGradientBoosting,0.0,1.1916778896640225,1.7561073558908478
2017-11-16,10214.75,1,1,0.5444062389275672,0.006740214824151325,9,HistGradientBoosting,0.006740214824151325,1.1997100546415493,1.7679438967238243
2017-11-17,10283.599609375,1,1,0.5484046835260923,0.0014732575363192169,9,HistGradientBoosting,0.0014732575363192169,1.201477536520948,1.7705485333934623
2017-11-20,10298.75,1,0,0.5028935006799345,0.0027333793542905216,9,HistGradientBoosting,0.0,1.201477536520948,1.7753881142004093
2017-11-21,10326.900390625,1,0,0.48919051452718293,0.00149119420929833,9,HistGradientBoosting,0.0,1.201477536520948,1.778035562675562
2017-11-22,10342.2998046875,1,0,0.48039183819872416,0.0006236712756650942,9,HistGradientBoosting,0.0,1.201477536520948,1.7791444723831138
2017-11-23,10348.75,1,0,0.49825046405840434,0.003957018510689636,9,HistGradientBoosting,0.0,1.201477536520948,1.786184579993525
2017-11-24,10389.7001953125,1,1,0.5349365722790949,0.000948016707878141,9,HistGradientBoosting,0.000948016707878141,1.20261655729971,1.7878779128187132
2017-11-27,10399.5498046875,0,0,0.5217660863193435,-0.0028174108723719726,9,HistGradientBoosting,0.0,1.20261655729971,1.782840726148664
2017-11-28,10370.25,0,0,0.5186436088114713,-0.0008630645657047298,9,HistGradientBoosting,0.0,1.20261655729971,1.7813020194916298
2017-11-29,10361.2998046875,0,1,0.5306718326445604,-0.013005125084696312,9,HistGradientBoosting,-0.013005125084696312,1.1869763785431005,1.758135963914519
2017-11-30,10226.5498046875,0,0,0.4822834461601156,-0.010242946252702612,9,HistGradientBoosting,0.0,1.1869763785431005,1.7401274717311992
2017-12-01,10121.7998046875,1,0,0.45146432627918065,0.0005878594150563465,9,HistGradientBoosting,0.0,1.1869763785431005,1.7411504220488545
2017-12-04,10127.75,0,0,0.49257662833549637,-0.0009380168349337747,9,HistGradientBoosting,0.0,1.1869763785431005,1.7395171936408207
2017-12-05,10118.25,0,0,0.5114488711536603,-0.007328380957675518,9,HistGradientBoosting,0.0,1.1869763785431005,1.7267693489633942
2017-12-06,10044.099609375,1,0,0.456918195332791,0.012206229598028528,9,HistGradientBoosting,0.0,1.1869763785431005,1.7478466920996796
2017-12-07,10166.7001953125,1,1,0.5560246707942251,0.009732773998600175,9,HistGradientBoosting,0.009732773998600175,1.1985289513771373,1.7648580889380867
2017-12-08,10265.650390625,1,1,0.5654902040738254,0.0055134947345070184,9,HistGradientBoosting,0.0055134947345070184,1.2051370344397094,1.774588624718599
2017-12-11,10322.25,0,0,0.5227235258920849,-0.007953654423696332,9,HistGradientBoosting,0.0,1.2051370344397094,1.7604741600533647
2017-12-12,10240.150390625,0,0,0.5054930514250167,-0.004609326378225087,9,HistGradientBoosting,0.0,1.2051370344397094,1.752359560069247
2017-12-13,10192.9501953125,1,0,0.4993042826732922,0.005802972930222028,9,HistGradientBoosting,0.0,1.2051370344397094,1.7625284551603446
2017-12-14,10252.099609375,1,1,0.5361933908358176,0.007915489872025061,9,HistGradientBoosting,0.007915489872025061,1.2146762844302192,1.7764797312963223
2017-12-15,10333.25,1,1,0.5463338082087941,0.005371011056540809,9,HistGradientBoosting,0.005371011056540809,1.221200324184012,1.7860212235748354
2017-12-18,10388.75,1,1,0.5456988258808407,0.007166424768379365,9,HistGradientBoosting,0.007166424768379365,1.229951964434397,1.7988206103083133
2017-12-19,10463.2001953125,0,0,0.5017138923534096,-0.001815888030940238,9,HistGradientBoosting,0.0,1.229951964434397,1.795554153492246
2017-12-20,10444.2001953125,0,0,0.4800427276772306,-0.00037345038892977467,9,HistGradientBoosting,0.0,1.229951964434397,1.7948836030952797
2017-12-21,10440.2998046875,1,0,0.4872651730756977,0.0050477664720738336,9,HistGradientBoosting,0.0,1.229951964434397,1.8039437563682592
2017-12-22,10493.0,1,0,0.47682410713547646,0.003669112741827796,9,HistGradientBoosting,0.0,1.229951964434397,1.8105626293902908
2017-12-26,10531.5,0,0,0.5201731346449646,-0.003869344347908643,9,HistGradientBoosting,0.0,1.229951964434397,1.803556939113725
2017-12-27,10490.75,0,0,0.49527619145279633,-0.0012248513571480046,9,HistGradientBoosting,0.0,1.229951964434397,1.8013478499491578
2017-12-28,10477.900390625,1,0,0.4896008816429213,0.005039158869532878,9,HistGradientBoosting,0.0,1.229951964434397,1.810425127944343
2017-12-29,10530.7001953125,0,0,0.47561128639330896,-0.008403999578242116,9,HistGradientBoosting,0.0,1.229951964434397,1.7952103159326598
2018-01-02,10442.2001953125,1,0,0.4816561102178193,9.576525840304662e-05,9,HistGradientBoosting,0.0,1.229951964434397,1.7953822347124528
2018-01-03,10443.2001953125,1,0,0.5254631066162014,0.0058985376343401175,9,HistGradientBoosting,0.0,1.229951964434397,1.8059723643919299
2018-01-04,10504.7998046875,1,0,0.5209426568789371,0.005145248428569005,9,HistGradientBoosting,0.0,1.229951964434397,1.8152645408618564
2018-01-05,10558.849609375,1,0,0.491024215976174,0.006132296831134809,9,HistGradientBoosting,0.0,1.229951964434397,1.826396281853455
2018-01-08,10623.599609375,1,0,0.4987586495550435,0.0012613794869653638,9,HistGradientBoosting,0.0,1.229951964434397,1.8287000606584547
2018-01-09,10637.0,0,0,0.4946221845305132,-0.0004512366915013777,9,HistGradientBoosting,0.0,1.229951964434397,1.8278748840933348
2018-01-10,10632.2001953125,1,0,0.43079225889030986,0.0017870242895141608,10,GradientBoosting_Shallow,0.0,1.229951964434397,1.8311413409094024
2018-01-11,10651.2001953125,1,0,0.4182201102178186,0.00282125996474325,10,GradientBoosting_Shallow,0.0,1.229951964434397,1.8363074666642965
2018-01-12,10681.25,1,1,0.4819995631267473,0.005645388385020489,10,GradientBoosting_Shallow,0.005645388385020489,1.2368955209685482,1.8466741355079295
2018-01-15,10741.5498046875,0,1,0.4988954732243026,-0.003826227138756466,10,GradientBoosting_Shallow,-0.003826227138756466,1.232162877758412,1.8396083408142094
2018-01-16,10700.4501953125,1,1,0.5086584494400204,0.008233261943837888,10,GradientBoosting_Shallow,0.008233261943837888,1.24230759748847,1.8547543181582018
2018-01-17,10788.5498046875,1,1,0.6148489023906192,0.002637073177355065,10,GradientBoosting_Shallow,0.002637073177355065,1.2455836535318314,1.8596454410212002
2018-01-18,10817.0,1,1,0.5698654448494955,0.007183155709762357,10,GradientBoosting_Shallow,0.007183155709762357,1.2545308748646853,1.8730035637890052
2018-01-19,10894.7001953125,1,1,0.5668689530372668,0.006562824007838586,10,GradientBoosting_Shallow,0.006562824007838586,1.2627641402088219,1.885295756544207
2018-01-22,10966.2001953125,1,1,0.5636486422709792,0.010714741469905364,10,GradientBoosting_Shallow,0.010714741469905364,1.2762943315086268,1.9054962131698878
2018-01-23,11083.7001953125,1,1,0.631697820457252,0.00020749430668232094,10,GradientBoosting_Shallow,0.00020749430668232094,1.2765591553160658,1.9058915927855253
2018-01-24,11086.0,0,1,0.48761296246165475,-0.001474797886974577,10,GradientBoosting_Shallow,-0.001474797886974577,1.2746764885712076,1.9030807878916827
2018-01-25,11069.650390625,1,1,0.511384982327602,0.005487978197707966,10,GradientBoosting_Shallow,0.005487978197707966,1.2816718853496174,1.9135248537641092
2018-01-29,11130.400390625,0,1,0.5373482106351901,-0.0072549052294663685,10,GradientBoosting_Shallow,-0.0072549052294663685,1.2723734772861344,1.899642412295822
2018-01-30,11049.650390625,0,1,0.492848091876793,-0.001986505865481769,10,GradientBoosting_Shallow,-0.001986505865481769,1.269845899910422,1.8958687615014784
2018-01-31,11027.7001953125,0,1,0.5397280008476493,-0.000979334267002474,10,GradientBoosting_Shallow,-0.000979334267002474,1.2686022963068273,1.8940120722576006
2018-02-01,11016.900390625,0,1,0.5157383194026646,-0.023264327729431322,10,GradientBoosting_Shallow,-0.023264327729431322,1.2390891167272362,1.8499491546851003
2018-02-02,10760.599609375,0,0,0.4200720681892954,-0.00874020111347329,10,GradientBoosting_Shallow,0.0,1.2390891167272362,1.8337802270234527
2018-02-05,10666.5498046875,0,0,0.4680568780606513,-0.015778279553294694,10,GradientBoosting_Shallow,0.0,1.2390891167272362,1.8048463299621724
2018-02-06,10498.25,0,1,0.5353751680302522,-0.0020527044686019513,10,GradientBoosting_Shallow,-0.0020527044686019513,1.2365456329603342,1.8011415138355193
2018-02-07,10476.7001953125,1,1,0.5098244298952326,0.009559251691416026,10,GradientBoosting_Shallow,0.009559251691416026,1.2483660838937234,1.8183590788981312
2018-02-08,10576.849609375,0,1,0.5568411260620912,-0.011525115565078292,10,GradientBoosting_Shallow,-0.011525115565078292,1.233978520509324,1.797402280375021
2018-02-09,10454.9501953125,1,1,0.5105709937113205,0.008110971654893273,10,GradientBoosting_Shallow,0.008110971654893273,1.2439872853119223,1.8119809593235832
2018-02-12,10539.75,0,1,0.584655767815574,-0.0036860086221209842,10,GradientBoosting_Shallow,-0.0036860086221209842,1.2394019374524536,1.8053019818843974
2018-02-14,10500.900390625,1,1,0.5161610823151874,0.004247217640005241,10,GradientBoosting_Shallow,0.004247217640005241,1.2446659472242583,1.8129694923073931
2018-02-15,10545.5,0,1,0.5529094438575834,-0.00883791146104973,10,GradientBoosting_Shallow,-0.00883791146104973,1.2336656997841067,1.7969466284527962
2018-02-16,10452.2998046875,0,1,0.515856215209587,-0.0070701582851038225,10,GradientBoosting_Shallow,-0.0070701582851038225,1.2249434880157297,1.7842419313597513
2018-02-19,10378.400390625,0,0,0.46751472889729295,-0.001734371321447492,10,GradientBoosting_Shallow,0.0,1.2249434880157297,1.781147393323477
2018-02-20,10360.400390625,1,1,0.5210268713259327,0.003576097765586983,10,GradientBoosting_Shallow,0.003576097765586983,1.2293240056861932,1.7875169505369222
2018-02-21,10397.4501953125,0,1,0.5456374369547662,-0.0014186170381128571,10,GradientBoosting_Shallow,-0.0014186170381128571,1.2275800657063656,1.784981148534975
2018-02-22,10382.7001953125,1,1,0.5306554229161072,0.010435590678416817,10,GradientBoosting_Shallow,0.010435590678416817,1.2403905887970612,1.8036084811697763
2018-02-23,10491.0498046875,1,1,0.5869405898727938,0.008726467454819975,10,GradientBoosting_Shallow,0.008726467454819975,1.2512148169014639,1.8193476118819416
2018-02-26,10582.599609375,0,1,0.5820450973192809,-0.0026741826897078713,10,GradientBoosting_Shallow,-0.0026741826897078713,1.247868839897,1.8144823439916855
2018-02-27,10554.2998046875,0,1,0.5411935854752771,-0.005822290104475547,10,GradientBoosting_Shallow,-0.005822290104475547,1.2406033854987844,1.803917901395517
2018-02-28,10492.849609375,0,1,0.5884987218111001,-0.0032879533476946055,10,GradientBoosting_Shallow,-0.0032879533476946055,1.2365243394442724,1.7979867034926575
2018-03-01,10458.349609375,0,1,0.5659115300688631,-0.009513929416818057,10,GradientBoosting_Shallow,-0.009513929416818057,1.224760134156622,1.780880784903251
2018-03-05,10358.849609375,0,1,0.4741737718205163,-0.010580287725753812,10,GradientBoosting_Shallow,-0.010580287725753812,1.2118018195422122,1.7620385537937084
2018-03-06,10249.25,0,1,0.5262836562823995,-0.00927383024977435,10,GradientBoosting_Shallow,-0.00927383024977435,1.20056377517141,1.7456977073522677
2018-03-07,10154.2001953125,1,1,0.5503307221775207,0.008710700361544088,10,GradientBoosting_Shallow,0.008710700361544088,1.2110215264818522,1.7609039570028477
2018-03-08,10242.650390625,0,1,0.5610875047641005,-0.001542645765246653,10,GradientBoosting_Shallow,-0.001542645765246653,1.2091533492524025,1.7581875059705712
2018-03-09,10226.849609375,1,1,0.518182259954185,0.019023530088059015,10,GradientBoosting_Shallow,0.019023530088059015,1.2321557143729829,1.7916344388908518
2018-03-12,10421.400390625,1,1,0.669373876349859,0.0005228873803659884,10,GradientBoosting_Shallow,0.0005228873803659884,1.2327999930466744,1.792571261929177
2018-03-13,10426.849609375,0,1,0.5449337423767115,-0.001529629691374823,10,GradientBoosting_Shallow,-0.001529629691374823,1.2309142655737835,1.7898292917030247
2018-03-14,10410.900390625,0,1,0.5378881121479825,-0.004874698450260895,10,GradientBoosting_Shallow,-0.004874698450260895,1.224913929710987,1.7811044136285283
2018-03-15,10360.150390625,0,1,0.5297537273357992,-0.01592640973139836,10,GradientBoosting_Shallow,-0.01592640973139836,1.2054054485807126,1.7527378149626784
2018-03-16,10195.150390625,0,1,0.4717255486590255,-0.009896900659531527,10,GradientBoosting_Shallow,-0.009896900659531527,1.1934756706016514,1.7353911429257884
2018-03-19,10094.25,1,0,0.46306441009877425,0.002981856935879268,10,GradientBoosting_Shallow,0.0,1.1934756706016514,1.740565831041785
2018-03-20,10124.349609375,1,1,0.47259423473841833,0.003052086486265315,10,GradientBoosting_Shallow,0.003052086486265315,1.197118261567581,1.745878188493163
2018-03-21,10155.25,0,1,0.5206509308855248,-0.003988084980675044,10,GradientBoosting_Shallow,-0.003988084980675044,1.1923440522085316,1.7389154779115452
2018-03-22,10114.75,0,1,0.4936068852163452,-0.011537625281148767,10,GradientBoosting_Shallow,-0.011537625281148767,1.178587233327943,1.718852522731812
2018-03-23,9998.0498046875,1,1,0.4932524566718272,0.013262645068574441,10,GradientBoosting_Shallow,0.013262645068574441,1.1942184174859247,1.7416490536660278
2018-03-26,10130.650390625,1,1,0.5858236869376184,0.005281003483202706,10,GradientBoosting_Shallow,0.005281003483202706,1.2005250891083727,1.7508467083849548
2018-03-27,10184.150390625,0,1,0.5454705266810542,-0.006917631084606968,10,GradientBoosting_Shallow,-0.006917631084606968,1.192220299434106,1.7387349967706494
2018-03-28,10113.7001953125,1,1,0.5101731484520529,0.009699675438319622,10,GradientBoosting_Shallow,0.009699675438319622,1.203784449389593,1.7556001619125723
2018-04-02,10211.7998046875,1,1,0.5584960986349148,0.0032511600254110373,10,GradientBoosting_Shallow,0.0032511600254110373,1.2076981452706599,1.7613078989795876
2018-04-03,10245.0,0,1,0.5166244769543322,-0.011381123413860439,10,GradientBoosting_Shallow,-0.011381123413860439,1.1939531836326442,1.7412622364114938
2018-04-04,10128.400390625,1,1,0.4968675758049759,0.019425574859986305,10,GradientBoosting_Shallow,0.019425574859986305,1.2171464105806191,1.7750872563357725
2018-04-05,10325.150390625,1,1,0.6846277466252353,0.0006246125727966678,10,GradientBoosting_Shallow,0.0006246125727966678,1.217906655531602,1.7761959981538908
2018-04-06,10331.599609375,1,1,0.47073418814948254,0.004621743176794313,10,GradientBoosting_Shallow,0.004621743176794313,1.2235355073067775,1.7844051198890079
2018-04-09,10379.349609375,1,1,0.5141778715534518,0.002206341580816895,10,GradientBoosting_Shallow,0.002206341580816895,1.2262350445721544,1.7883421271020414
2018-04-10,10402.25,1,1,0.4761098916634301,0.0014324199692374862,10,GradientBoosting_Shallow,0.0014324199692374862,1.2279915281369784,1.790903784076731
2018-04-11,10417.150390625,1,1,0.5074273561031039,0.003983815001590951,10,GradientBoosting_Shallow,0.003983815001590951,1.232883619208597,1.798038413438142
2018-04-12,10458.650390625,1,1,0.5186973917492943,0.002098666456015641,10,GradientBoosting_Shallow,0.002098666456015641,1.2354710307044012,1.8018118963430523
2018-04-13,10480.599609375,1,1,0.5108922995098869,0.004556037037927396,10,GradientBoosting_Shallow,0.004556037037927396,1.241099882479577,1.8100210180781695
2018-04-16,10528.349609375,1,1,0.5327476385222014,0.001932932196645476,10,GradientBoosting_Shallow,0.001932932196645476,1.2434988444016746,1.8135196659806179
2018-04-17,10548.7001953125,0,1,0.4966335653955723,-0.002132964212026689,10,GradientBoosting_Shallow,-0.002132964212026689,1.2408465058688694,1.8096514934352745
2018-04-18,10526.2001953125,1,1,0.5341864658018762,0.0037145036812440413,10,GradientBoosting_Shallow,0.0037145036812440413,1.245455634782778,1.8163734505694087
2018-04-19,10565.2998046875,0,1,0.5086629257955704,-0.00011831183431687542,10,GradientBoosting_Shallow,-0.00011831183431687542,1.2453082826420667,1.8161585520946673
2018-04-20,10564.0498046875,1,1,0.5168720175496655,0.0019547797489403163,10,GradientBoosting_Shallow,0.0019547797489403163,1.247742586054163,1.8197087420531666
2018-04-23,10584.7001953125,1,1,0.5422691554532001,0.0028011576629851653,10,GradientBoosting_Shallow,0.0028011576629851653,1.2512377097605216,1.82480603314037
2018-04-24,10614.349609375,0,1,0.5187221655007432,-0.00412647089076601,10,GradientBoosting_Shallow,-0.00412647089076601,1.246074513773766,1.817276024163322
2018-04-25,10570.5498046875,1,1,0.5302595875423158,0.0044699661676110836,10,GradientBoosting_Shallow,0.0044699661676110836,1.2516444246926572,1.8253991865085428
2018-04-26,10617.7998046875,1,1,0.5442100704095683,0.007016519558704637,10,GradientBoosting_Shallow,0.007016519558704637,1.2604266122790568,1.8382071356031235
2018-04-27,10692.2998046875,1,1,0.6081181429614078,0.004400344691688707,10,GradientBoosting_Shallow,0.004400344691688707,1.2659729238316622,1.8462958806144991
2018-04-30,10739.349609375,0,0,0.45884234391918577,-0.0019833421447520427,10,GradientBoosting_Shallow,0.0,1.2659729238316622,1.8426340441827942
2018-05-02,10718.0498046875,0,1,0.5159421141328996,-0.003582686660562606,10,GradientBoosting_Shallow,-0.003582686660562606,1.261437339524817,1.836032463772402
2018-05-03,10679.650390625,0,1,0.5103669904060741,-0.0057492884485150775,10,GradientBoosting_Shallow,-0.0057492884485150775,1.2541849724001615,1.8254765835373366
2018-05-04,10618.25,1,1,0.5083486719537803,0.00915875968262192,10,GradientBoosting_Shallow,0.00915875968262192,1.2656717511599302,1.8421956848722087
2018-05-07,10715.5,1,1,0.5910077541633306,0.00021462411343375898,10,GradientBoosting_Shallow,0.00021462411343375898,1.265943394837421,1.842591064487846
2018-05-08,10717.7998046875,1,1,0.5430095844038432,0.0022299717349214543,10,GradientBoosting_Shallow,0.0022299717349214543,1.268766412825919,1.8466999904806727
2018-05-09,10741.7001953125,0,1,0.5485305872907972,-0.0023413789407356056,10,GradientBoosting_Shallow,-0.0023413789407356056,1.2657957498662158,1.8423761660131046
2018-05-10,10716.5498046875,1,1,0.5258683784691525,0.00839357787271755,10,GradientBoosting_Shallow,0.00839357787271755,1.2764203050636729,1.8578402938333745
2018-05-11,10806.5,1,1,0.612167314359859,9.217542682682378e-06,10,GradientBoosting_Shallow,9.217542682682378e-06,1.2764320705223158,1.8578574185555805
2018-05-14,10806.599609375,0,1,0.5014013681226224,-0.0004395462191344457,10,GradientBoosting_Shallow,-0.0004395462191344457,1.2758710196317358,1.8570408043515636
2018-05-15,10801.849609375,0,1,0.5330889867046109,-0.005624036826737067,10,GradientBoosting_Shallow,-0.005624036826737067,1.2686954740311602,1.846596738479137
2018-05-16,10741.099609375,0,1,0.5222029636272745,-0.005437005165795927,10,GradientBoosting_Shallow,-0.005437005165795927,1.2617975701850308,1.8365567824728841
2018-05-17,10682.7001953125,0,1,0.49409666379252914,-0.008078463600931896,10,GradientBoosting_Shallow,-0.008078463600931896,1.2516041844425467,1.8217202253546323
2018-05-18,10596.400390625,0,0,0.42911512990208617,-0.007521440524559053,10,GradientBoosting_Shallow,0.0,1.2516041844425467,1.8080182650272412
2018-05-21,10516.7001953125,1,1,0.5304618378346379,0.0019017372016476575,10,GradientBoosting_Shallow,0.0019017372016476575,1.253984406681839,1.8114566406231019
2018-05-22,10536.7001953125,0,1,0.47940753579358275,-0.010093348388598211,10,GradientBoosting_Shallow,-0.010093348388598211,1.2413275051913297,1.793172977658453
2018-05-23,10430.349609375,1,1,0.4800963460312268,0.008005484296034426,10,GradientBoosting_Shallow,0.008005484296034426,1.2512649330403744,1.807528195771171
2018-05-24,10513.849609375,1,1,0.55391553379816,0.00868385840031305,10,GradientBoosting_Shallow,0.00868385840031305,1.2621307405401743,1.8232245146778212
2018-05-25,10605.150390625,1,1,0.606097211587672,0.007873532851907061,10,GradientBoosting_Shallow,0.007873532851907061,1.2720681683892192,1.8375797327905394
2018-05-28,10688.650390625,0,1,0.5936856653389355,-0.005178444790938985,10,GradientBoosting_Shallow,-0.005178444790938985,1.2654808336089047,1.8280639275953352
2018-05-29,10633.2998046875,0,1,0.5285087122925133,-0.0017821556488181178,10,GradientBoosting_Shallow,-0.0017821556488181178,1.2632255497928175,1.8248060331403706
2018-05-30,10614.349609375,1,1,0.5379966838263913,0.011475105468772284,10,GradientBoosting_Shallow,0.011475105468772284,1.2777211962075379,1.8457458748307083
2018-05-31,10736.150390625,0,1,0.6443029608727608,-0.0037210912532843476,10,GradientBoosting_Shallow,-0.0037210912532843476,1.272966679040194,1.8388776860000902
2018-06-01,10696.2001953125,0,1,0.5189849834513458,-0.006329368754912523,10,GradientBoosting_Shallow,-0.006329368754912523,1.264909603515832,1.8272387510302153
2018-06-04,10628.5,0,1,0.49729400371745497,-0.003325926459519235,10,GradientBoosting_Shallow,-0.003325926459519235,1.2607026071965988,1.821161489320305
2018-06-05,10593.150390625,1,1,0.5219159858965279,0.0086376570355291,10,GradientBoosting_Shallow,0.0086376570355291,1.2715921239413603,1.8368920576713672
2018-06-06,10684.650390625,1,1,0.5853966953079107,0.007833594520176401,10,GradientBoosting_Shallow,0.007833594520176401,1.2815532610353668,1.851281525228497
2018-06-07,10768.349609375,0,1,0.5977803269203213,-6.493276828523076e-05,10,GradientBoosting_Shallow,-6.493276828523076e-05,1.2814700462344228,1.8511613163941887
2018-06-08,10767.650390625,1,1,0.5661951276791092,0.0017923877528847054,10,GradientBoosting_Shallow,0.0017923877528847054,1.283766937450982,1.8544793152663075
2018-06-11,10786.9501953125,1,1,0.5528078438396418,0.005182133323169635,10,GradientBoosting_Shallow,0.005182133323169635,1.29041958887673,1.8640894743230778
2018-06-12,10842.849609375,1,1,0.5024781425281671,0.0012773935299743577,10,GradientBoosting_Shallow,0.0012773935299743577,1.2920679625105134,1.8664706501568713
2018-06-13,10856.7001953125,0,1,0.500907639600413,-0.0044811397339686865,10,GradientBoosting_Shallow,-0.0044811397339686865,1.2862780254247195,1.858106734364167
2018-06-14,10808.0498046875,1,1,0.5012529078584503,0.000892889170515776,10,GradientBoosting_Shallow,0.000892889170515776,1.2874265291438935,1.8597658177449432
2018-06-15,10817.7001953125,0,1,0.5613308669386625,-0.00165012762557748,10,GradientBoosting_Shallow,-0.00165012762557748,1.2853021110622518,1.8566969667919775
2018-06-18,10799.849609375,0,1,0.5128305208835775,-0.008277838793689818,10,GradientBoosting_Shallow,-0.008277838793689818,1.2746625873856892,1.8413275286121407
2018-06-19,10710.4501953125,1,1,0.48164902548911454,0.005751355755517995,10,GradientBoosting_Shallow,0.005751355755517995,1.2819936253939932,1.851917658291618
2018-06-20,10772.0498046875,0,1,0.5266842125435138,-0.0028731945983977436,10,GradientBoosting_Shallow,-0.0028731945983977436,1.2783102082343307,1.846596738479137
2018-06-21,10741.099609375,1,1,0.531594387093411,0.007517852262492797,10,GradientBoosting_Shallow,0.007517852262492797,1.2879203555254728,1.8604791799474243
2018-06-22,10821.849609375,0,1,0.5870262587436009,-0.005488841206131911,10,GradientBoosting_Shallow,-0.005488841206131911,1.2808511652078485,1.8502673051613783
2018-06-25,10762.4501953125,1,1,0.5278777917590556,0.0006225529680423669,10,GradientBoosting_Shallow,0.0006225529680423669,1.281648562902369,1.8514191945638783
2018-06-26,10769.150390625,0,1,0.53436473364555,-0.009076853461448153,10,GradientBoosting_Shallow,-0.009076853461448153,1.2700152267078286,1.8346141338391095
2018-06-27,10671.400390625,0,1,0.48684803378814456,-0.007712275637441368,10,GradientBoosting_Shallow,-0.007712275637441368,1.2602205192157103,1.8204650839505965
2018-06-28,10589.099609375,1,1,0.4701679674083928,0.011823497741172861,10,GradientBoosting_Shallow,0.011823497741172861,1.275120733678037,1.8419893487585703
2018-06-29,10714.2998046875,0,1,0.5879712142614325,-0.005319993003655044,10,GradientBoosting_Shallow,-0.005319993003655044,1.2683371002960544,1.8321899783103677
2018-07-02,10657.2998046875,1,1,0.4858981542881568,0.003997315147197256,10,GradientBoosting_Shallow,0.003997315147197256,1.27340704339882,1.8395138190632108
2018-07-03,10699.900390625,1,1,0.5129476666990358,0.006542116977213297,10,GradientBoosting_Shallow,0.006542116977213297,1.2817378212363424,1.8515481336487227
2018-07-04,10769.900390625,0,1,0.574547178328814,-0.0018709913642785958,10,GradientBoosting_Shallow,-0.0018709913642785958,1.27933970084154,1.8480839030801197
2018-07-05,10749.75,1,1,0.4955619718581349,0.0021303184376380013,10,GradientBoosting_Shallow,0.0021303184376380013,1.282065101794245,1.8520209102931533
2018-07-06,10772.650390625,1,1,0.6014140097332569,0.007449420253147654,10,GradientBoosting_Shallow,0.007449420253147654,1.291615743529405,1.865817392371544
2018-07-09,10852.900390625,1,1,0.5191649904764247,0.008693492612951825,10,GradientBoosting_Shallow,0.008693492612951825,1.30284439545455,1.882037862089243
2018-07-10,10947.25,1,1,0.5816366355449539,9.589665783638068e-05,11,HistGradientBoosting,9.589665783638068e-05,1.302969333877755,1.882218343230139
2018-07-11,10948.2998046875,1,0,0.4669631292087143,0.006841280560560881,11,HistGradientBoosting,0.0,1.302969333877755,1.8950951269924103
2018-07-12,11023.2001953125,0,1,0.5903391577440782,-0.0003900686380828855,11,HistGradientBoosting,-0.0003900686380828855,1.3024610864042256,1.894355909817187
2018-07-13,11018.900390625,0,1,0.5296049505708653,-0.0074463674542162295,11,HistGradientBoosting,-0.0074463674542162295,1.2927624825600421,1.880249839623622
2018-07-16,10936.849609375,1,1,0.4898622595479657,0.006510119262449043,11,HistGradientBoosting,0.006510119262449043,1.3011785204995276,1.8924904903227724
2018-07-17,11008.0498046875,0,1,0.5357559473820804,-0.002507220612614547,11,HistGradientBoosting,-0.002507220612614547,1.29791617889224,1.8877455991562582
2018-07-18,10980.4501953125,0,1,0.5106808837226088,-0.0021265599790679657,11,HistGradientBoosting,-0.0021265599790679657,1.295156082290023,1.8837311949144309
2018-07-19,10957.099609375,1,1,0.5099552202709966,0.00484622644956767,11,HistGradientBoosting,0.00484622644956767,1.3014327019523353,1.8928601828551008
2018-07-20,11010.2001953125,1,1,0.5623054728128981,0.006770976309698584,11,HistGradientBoosting,0.006770976309698584,1.3102446719459215,1.9056766943107843
2018-07-23,11084.75,1,1,0.5912870416067314,0.00447008770495505,11,HistGradientBoosting,0.00447008770495505,1.3161015805444698,1.9141952362716423
2018-07-24,11134.2998046875,0,0,0.445360649204627,-0.0002065513528324292,11,HistGradientBoosting,0.0,1.3161015805444698,1.913799856656005
2018-07-25,11132.0,1,0,0.44011993912437486,0.0031710209025781477,11,HistGradientBoosting,0.0,1.3161015805444698,1.9198685560048123
2018-07-26,11167.2998046875,1,1,0.5142222235911209,0.009944194803553685,11,HistGradientBoosting,0.009944194803553685,1.329189151042669,1.9389601029229415
2018-07-27,11278.349609375,1,1,0.6910653660723666,0.0036530340643325943,11,HistGradientBoosting,0.0036530340643325943,1.3340447242893692,1.9460431902283009
2018-07-30,11319.5498046875,1,0,0.43612776685747584,0.0032642813495284972,11,HistGradientBoosting,0.0,1.3340447242893692,1.95239562271954
2018-07-31,11356.5,0,1,0.49146442932099954,-0.0009069523785937283,11,HistGradientBoosting,-0.0009069523785937283,1.3328348092535245,1.9506248928655585
2018-08-01,11346.2001953125,0,0,0.46618705757649465,-0.008945726168478219,11,HistGradientBoosting,0.0,1.3328348092535245,1.9331751367165662
2018-08-02,11244.7001953125,1,0,0.47515215406125433,0.010324829240302646,11,HistGradientBoosting,0.0,1.3328348092535245,1.9531348398947634
2018-08-03,11360.7998046875,1,1,0.5825770227898938,0.0023149606664707445,11,HistGradientBoosting,0.0023149606664707445,1.3359202694118495,1.9576562702254334
2018-08-06,11387.099609375,1,0,0.46501736428357404,0.00020642534254866618,11,HistGradientBoosting,0.0,1.3359202694118495,1.9580603800916072
2018-08-07,11389.4501953125,1,0,0.4452776424037424,0.005316306199962151,11,HistGradientBoosting,0.0,1.3359202694118495,1.9684700286301884
2018-08-08,11450.0,1,1,0.523336034897809,0.001807877319869089,11,HistGradientBoosting,0.001807877319869089,1.3383354493680726,1.972028780949791
2018-08-09,11470.7001953125,0,0,0.47441740320126313,-0.003591776841080363,11,HistGradientBoosting,0.0,1.3383354493680726,1.9649456936444316
2018-08-10,11429.5,0,0,0.4676746601297561,-0.006452600726191027,11,HistGradientBoosting,0.0,1.3383354493680726,1.9522666836346956
2018-08-13,11355.75,1,0,0.4299335274105396,0.006987615029830696,11,HistGradientBoosting,0.0,1.3383354493680726,1.965908371655499
2018-08-14,11435.099609375,0,1,0.535675459063105,-0.004376857779749166,11,HistGradientBoosting,-0.004376857779749166,1.3324777454445917,1.9573038703047447
2018-08-16,11385.0498046875,1,1,0.5120572115848402,0.0075274326228431665,11,HistGradientBoosting,0.0075274326228431665,1.342507881894864,1.9720373433108938
2018-08-17,11470.75,1,1,0.5681241262892645,0.007061438877143944,11,HistGradientBoosting,0.007061438877143944,1.3519879192449484,1.985962764474129
2018-08-20,11551.75,1,1,0.5326610716705352,0.00165779129785526,11,HistGradientBoosting,0.00165779129785526,1.354229233052278,1.9892550762629386
2018-08-21,11570.900390625,1,0,0.4759810729690194,0.0010240870610727093,11,HistGradientBoosting,0.0,1.354229233052278,1.9912922466477128
2018-08-23,11582.75,0,0,0.4718314854034353,-0.0022145337355118366,11,HistGradientBoosting,0.0,1.354229233052278,1.9868824627902482
2018-08-24,11557.099609375,1,0,0.4732927587028349,0.011668203138797129,11,HistGradientBoosting,0.0,1.354229233052278,2.010065810978998
2018-08-27,11691.9501953125,1,1,0.6045895694653892,0.003981355027167455,11,HistGradientBoosting,0.003981355027167455,1.359620900417228,2.018068596600477
2018-08-28,11738.5,0,0,0.4309341859367718,-0.003969809547642367,11,HistGradientBoosting,0.0,1.359620900417228,2.0100572486178954
2018-08-29,11691.900390625,0,0,0.4210384247376936,-0.0012915424723947133,11,HistGradientBoosting,0.0,1.359620900417228,2.0074611743093604
2018-08-30,11676.7998046875,1,1,0.4851252314199944,0.00031688436681198695,11,HistGradientBoosting,0.00031688436681198695,1.360051743025361,2.008097307372481
2018-08-31,11680.5,0,1,0.5510696219242884,-0.00840292715423141,11,HistGradientBoosting,-0.00840292715423141,1.3486233273027333,1.9912234119800218
2018-09-03,11582.349609375,0,0,0.4044901995163756,-0.00535727264157837,11,HistGradientBoosting,0.0,1.3486233273027333,1.9805558852717509
2018-09-04,11520.2998046875,0,0,0.4236643007628567,-0.0037628889968090995,11,HistGradientBoosting,0.0,1.3486233273027333,1.9731032733234963
2018-09-05,11476.9501953125,1,0,0.45333550672278167,0.005223530144531363,11,HistGradientBoosting,0.0,1.3486233273027333,1.9834098377499751
2018-09-06,11536.900390625,1,1,0.542487406612887,0.0045245444601755835,11,HistGradientBoosting,0.0045245444601755835,1.3547252335071445,1.9923838637436246
2018-09-07,11589.099609375,0,1,0.5505990585884043,-0.013029485041085365,11,HistGradientBoosting,-0.013029485041085365,1.3370738613423823,1.9664241279948773
2018-09-10,11438.099609375,0,1,0.4986694482845639,-0.013166488710376734,11,HistGradientBoosting,-0.013166488710376734,1.319469293442078,1.9405332269138202
2018-09-11,11287.5,1,1,0.5183851582705132,0.0073001453488372725,11,HistGradientBoosting,0.0073001453488372725,1.3291016110675327,1.9546994015245394
2018-09-12,11369.900390625,1,1,0.58070809301989,0.012779338401883056,11,HistGradientBoosting,0.012779338401883056,1.3460866503258526,1.9796791666505797
2018-09-14,11515.2001953125,0,1,0.5957861749960386,-0.011936413868727347,11,HistGradientBoosting,-0.011936413868727347,1.3300192029643945,1.9560488967901413
2018-09-17,11377.75,0,1,0.5349380471202889,-0.008687975159851424,11,HistGradientBoosting,-0.008687975159851424,1.3184640291669145,1.9390547925633737
2018-09-18,11278.900390625,0,1,0.5292120514273843,-0.003949922395540484,11,HistGradientBoosting,-0.003949922395540484,1.3132561985703937,1.9313956766120475
2018-09-19,11234.349609375,0,1,0.5201155365747749,-0.00812241056873042,11,HistGradientBoosting,-0.00812241056873042,1.3025893925436747,1.9157080879559336
2018-09-21,11143.099609375,0,1,0.581871218234783,-0.015767535507102526,11,HistGradientBoosting,-0.015767535507102526,1.2820507680455673,1.885502092657845
2018-09-24,10967.400390625,1,1,0.52115370121263,0.009122472156029238,11,HistGradientBoosting,0.009122472156029238,1.293746240479679,1.902702532998251
2018-09-25,11067.4501953125,0,1,0.5927898888550173,-0.0012333817079910325,11,HistGradientBoosting,-0.0012333817079910325,1.292150557531889,1.9003557744983028
2018-09-26,11053.7998046875,0,1,0.5276852062180389,-0.006898080420062014,11,HistGradientBoosting,-0.006898080420062014,1.2832371990712061,1.8872469675390844
2018-09-27,10977.5498046875,0,1,0.638972708148164,-0.004290539347394984,11,HistGradientBoosting,-0.004290539347394984,1.27773141937655,1.879149660166606
2018-09-28,10930.4501953125,1,1,0.6171425382531331,0.007122269255513958,11,HistGradientBoosting,0.007122269255513958,1.2868317665815798,1.89253347001772
2018-10-01,11008.2998046875,0,1,0.5343624726365235,-0.01363060666494631,11,HistGradientBoosting,-0.01363060666494631,1.2692914689273482,1.8667370906876626
2018-10-03,10858.25,0,1,0.5420271393135485,-0.023852830796859514,11,HistGradientBoosting,-0.023852830796859514,1.239015274287127,1.822210126721268
2018-10-04,10599.25,0,1,0.5572452900414643,-0.026681114672028716,11,HistGradientBoosting,-0.026681114672028716,1.205956965673477,1.773591529373686
2018-10-05,10316.4501953125,1,1,0.5324622047500648,0.003063031253653259,11,HistGradientBoosting,0.003063031253653259,1.2096508495498957,1.7790240956593721
2018-10-08,10348.0498046875,0,1,0.6056537655393683,-0.004541918611438267,11,HistGradientBoosting,-0.004541918611438267,1.204156713842983,1.7709439130090998
2018-10-09,10301.0498046875,1,1,0.5285031019950199,0.015440154906845027,11,HistGradientBoosting,0.015440154906845027,1.2227490800368361,1.7982875613572946
2018-10-10,10460.099609375,0,1,0.6174791675950009,-0.021553257346415555,11,HistGradientBoosting,-0.021553257346415555,1.1963948544447094,1.7595286067645028
2018-10-11,10234.650390625,1,1,0.5629507480593822,0.02323964183406524,11,HistGradientBoosting,0.02323964183406524,1.2241986423541231,1.8004194213825018
2018-10-12,10472.5,1,1,0.6569896258196758,0.003819527333492445,11,HistGradientBoosting,0.003819527333492445,1.228874502530219,1.807296172574223
2018-10-15,10512.5,1,1,0.5689449785427378,0.006872770511296089,11,HistGradientBoosting,0.006872770511296089,1.2373202749732923,1.8197173044142694
2018-10-16,10584.75,0,1,0.5721549126187205,-0.012442447418455793,11,HistGradientBoosting,-0.012442447418455793,1.2219249825121479,1.7970755675376406
2018-10-17,10453.0498046875,0,1,0.5964575891638388,-0.014302046081609565,11,HistGradientBoosting,-0.014302046081609565,1.2044489551039892,1.7713737099585827
2018-10-19,10303.5498046875,0,1,0.5073108402470875,-0.0056582251546914986,11,HistGradientBoosting,-0.0056582251546914986,1.1976339117286778,1.7613508786745358
2018-10-22,10245.25,0,1,0.5706802557617272,-0.009609350217173795,11,HistGradientBoosting,-0.009609350217173795,1.186125428038913,1.7444254412260254
2018-10-23,10146.7998046875,1,1,0.49562396044373924,0.007682244334463961,11,HistGradientBoosting,0.007682244334463961,1.1952375333884286,1.7578265436887788
2018-10-24,10224.75,0,1,0.5750766526608682,-0.009765481735494741,11,HistGradientBoosting,-0.009765481735494741,1.1835654630865462,1.740660520682218
2018-10-25,10124.900390625,0,1,0.5482440094592322,-0.0093729702973544,11,HistGradientBoosting,-0.0093729702973544,1.1724719391560614,1.7243453613240862
2018-10-26,10030.0,1,1,0.4873816435650967,0.022018904224825553,11,HistGradientBoosting,0.022018904224825553,1.1982884864906342,1.7623135566856034
2018-10-29,10250.849609375,0,1,0.5872125279510378,-0.005116572845048073,11,HistGradientBoosting,-0.005116572845048073,1.1921573561601224,1.7532965509970058
2018-10-30,10198.400390625,1,1,0.5576078782354915,0.01845379780568379,11,HistGradientBoosting,0.01845379780568379,1.21415718696326,1.7856515310425072
2018-10-31,10386.599609375,0,1,0.6048585693808681,-0.0005920526730374132,11,HistGradientBoosting,-0.0005920526730374132,1.2134383419552308,1.7845943312804402
2018-11-01,10380.4501953125,1,1,0.5438293050867831,0.01662257430466929,11,HistGradientBoosting,0.01662257430466929,1.2336088109585164,1.8142588831558408
2018-11-02,10553.0,0,1,0.6538745455792253,-0.0027480337344830685,11,HistGradientBoosting,-0.0027480337344830685,1.2302188123308468,1.809273238541843
2018-11-05,10524.0,1,1,0.5354748234378722,0.0005701254275940482,11,HistGradientBoosting,0.0005701254275940482,1.2309201913572612,1.8103047512206012
2018-11-06,10530.0,1,1,0.5513121273050867,0.006495763592117676,11,HistGradientBoosting,0.006495763592117676,1.2389159579210822,1.8220640629142175
2018-11-07,10598.400390625,0,1,0.5932479698807291,-0.0012454893970770264,11,HistGradientBoosting,-0.0012454893970770264,1.237372901231622,1.8197947014430629
2018-11-09,10585.2001953125,0,1,0.5330253511668628,-0.009730567027500525,11,HistGradientBoosting,-0.009730567027500525,1.225332561278175,1.802087067124381
2018-11-12,10482.2001953125,1,1,0.502049512727367,0.009568583199961456,11,HistGradientBoosting,0.009568583199961456,1.237057257838387,1.819330487159735
2018-11-13,10582.5,0,1,0.5569880234164312,-0.0005858913595558901,11,HistGradientBoosting,-0.0005858913595558901,1.2363324766797434,1.8182645571471316
2018-11-14,10576.2998046875,1,1,0.5695499162859479,0.0038198983927342223,11,HistGradientBoosting,0.0038198983927342223,1.2410551411202975,1.8252101430065435
2018-11-15,10616.7001953125,1,1,0.5471273507105702,0.006169525256907837,11,HistGradientBoosting,0.006169525256907837,1.2487118621586544,1.8364708230829867
2018-11-16,10682.2001953125,1,1,0.5377354008583494,0.0076014485618920435,11,HistGradientBoosting,0.0076014485618920435,1.2582038811474778,1.8504306615800676
2018-11-19,10763.400390625,0,1,0.5912906862758929,-0.009959695953136949,11,HistGradientBoosting,-0.009959695953136949,1.245672553044192,1.8320009348083681
2018-11-20,10656.2001953125,0,1,0.5149771875609863,-0.00526926949530282,11,HistGradientBoosting,-0.00526926949530282,1.2391087686593003,1.8223476281672162
2018-11-21,10600.0498046875,0,1,0.5156478158428575,-0.006915043423200262,11,HistGradientBoosting,-0.006915043423200262,1.230540277717953,1.8097460151862739
2018-11-22,10526.75,1,0,0.44081493073965283,0.009675313783931383,11,HistGradientBoosting,0.0,1.230540277717953,1.8272558757524204
2018-11-26,10628.599609375,1,1,0.5118206334093276,0.0053628890065369195,11,HistGradientBoosting,0.0053628890065369195,1.2371395286454276,1.837055246200623
2018-11-27,10685.599609375,1,1,0.5274001622808112,0.004047503329813518,11,HistGradientBoosting,0.004047503329813518,1.242146855007064,1.8444907334266716
2018-11-28,10728.849609375,1,1,0.5549027562741204,0.012102936537020215,11,HistGradientBoosting,0.012102936537020215,1.2571804795628738,1.8668144877164565
2018-11-29,10858.7001953125,1,1,0.6957074245943327,0.001662243580064171,11,HistGradientBoosting,0.001662243580064171,1.259270219744009,1.869917588113834
2018-11-30,10876.75,1,1,0.5753905272704398,0.000643574597191332,11,HistGradientBoosting,0.000643574597191332,1.260080654068436,1.8711210195723853
2018-12-03,10883.75,0,1,0.5350950487689923,-0.0013092913747559942,11,HistGradientBoosting,-0.0013092913747559942,1.2584308413365672,1.8686711769603346
2018-12-04,10869.5,0,1,0.5288595428385341,-0.007967211865771207,11,HistGradientBoosting,-0.007967211865771207,1.248404656205218,1.8537830777860316
2018-12-05,10782.900390625,0,0,0.44470405805011504,-0.01685539079615528,11,HistGradientBoosting,0.0,1.248404656205218,1.8225368395586485
2018-12-06,10601.150390625,1,0,0.3787676055563033,0.008730166187373989,11,HistGradientBoosting,0.0,1.248404656205218,1.8384478890506069
2018-12-07,10693.7001953125,0,1,0.5409248768762565,-0.019193543511718203,11,HistGradientBoosting,-0.019193543511718203,1.2244433471161116,1.8031615594980877
2018-12-10,10488.4501953125,1,0,0.43506723047473156,0.005787336945131116,11,HistGradientBoosting,0.0,1.2244433471161116,1.8135970630094111
2018-12-11,10549.150390625,1,1,0.5566109876505007,0.01786392380162427,11,HistGradientBoosting,0.01786392380162427,1.2463167097683996,1.845995022749861
2018-12-12,10737.599609375,1,1,0.5374348594858896,0.005024418610784842,11,HistGradientBoosting,0.005024418610784842,1.252578726639892,1.8552700744975816
2018-12-13,10791.5498046875,1,1,0.5057637165573841,0.001288081033454791,11,HistGradientBoosting,0.001288081033454791,1.2541921495405859,1.8576598126924782
2018-12-14,10805.4501953125,1,1,0.4852324838104828,0.007672000015183311,11,HistGradientBoosting,0.007672000015183311,1.263814311730904,1.8719117788036603
2018-12-17,10888.349609375,1,1,0.5479656860705155,0.0018690239262686426,11,HistGradientBoosting,0.0018690239262686426,1.2661764109178897,1.8754104267061085
2018-12-18,10908.7001953125,1,1,0.5324787132904469,0.005371823253533137,11,HistGradientBoosting,0.005371823253533137,1.2729780868051335,1.8854848000462068
2018-12-19,10967.2998046875,0,1,0.5007564584320098,-0.001422374664029169,11,HistGradientBoosting,-0.001422374664029169,1.2711674350265976,1.882802934237209
2018-12-20,10951.7001953125,0,1,0.5282624728838208,-0.018052009440243655,11,HistGradientBoosting,-0.018052009440243655,1.248220308489367,1.8488145578942405
2018-12-21,10754.0,0,0,0.4535837009212488,-0.008415473312255894,11,HistGradientBoosting,0.0,1.248220308489367,1.8332559083229714
2018-12-24,10663.5,1,0,0.472952151037672,0.006222123071693231,11,HistGradientBoosting,0.0,1.248220308489367,1.8446626522064657
2018-12-26,10729.849609375,1,1,0.5190884103754966,0.004655255863871277,11,HistGradientBoosting,0.004655255863871277,1.2540310933998653,1.8532500288350142
2018-12-27,10779.7998046875,1,1,0.5634869064706953,0.007430619064249022,11,HistGradientBoosting,0.007430619064249022,1.2633493207496433,1.8670208238300958
2018-12-28,10859.900390625,1,1,0.5951707329450255,0.00024396301689710853,11,HistGradientBoosting,0.00024396301689710853,1.2636575312613283,1.867476307862887
2018-12-31,10862.5498046875,0,1,0.5467024037519961,-0.006448744166611009,11,HistGradientBoosting,-0.006448744166611009,1.2555085271280126,1.855433430916272
2019-01-02,10792.5,0,1,0.49459837529382833,-0.011141996757007222,11,HistGradientBoosting,-0.011141996757007222,1.2415196551903573,1.8347601976461603
2019-01-03,10672.25,1,0,0.43766920884129573,0.0051628859308019415,11,HistGradientBoosting,0.0,1.2415196551903573,1.844232855256983
2019-01-04,10727.349609375,1,1,0.5265093544682634,0.004143632577580325,11,HistGradientBoosting,0.004143632577580325,1.2466640564793103,1.85187467859667
2019-01-07,10771.7998046875,1,1,0.5025306365120729,0.0028175965472634346,11,HistGradientBoosting,0.0028175965472634346,1.2501766528204439,1.8570925142970485
2019-01-08,10802.150390625,1,1,0.5355329641855616,0.004906430486840696,11,HistGradientBoosting,0.004906430486840696,1.2563105576637785,1.8662042096260791
2019-01-09,10855.150390625,0,1,0.5204459240016087,-0.0030907707440862575,11,HistGradientBoosting,-0.0030907707440862575,1.2524275897466646,1.8604362002524761
2019-01-10,10821.599609375,0,1,0.5105401799132059,-0.0024626132017869784,12,GradientBoosting_Shallow,-0.0024626132017869784,1.249343345029872,1.855854665504652
2019-01-11,10794.9501953125,0,1,0.5170030700981125,-0.005312723532749919,12,GradientBoosting_Shallow,-0.005312723532749919,1.2427059292402474,1.8459950227498616
2019-01-14,10737.599609375,1,1,0.4977406141709508,0.013895116296032572,12,GradientBoosting_Shallow,0.013895116296032572,1.2599734726488099,1.8716453382728682
2019-01-15,10886.7998046875,1,1,0.5710305546766775,0.0003214902508350548,12,GradientBoosting_Shallow,0.0003214902508350548,1.2603785418365772,1.8722470540021439
2019-01-16,10890.2998046875,1,1,0.5477304947926736,0.001368225934293088,12,GradientBoosting_Shallow,0.001368225934293088,1.2621030244445444,1.8748087109768334
2019-01-17,10905.2001953125,1,1,0.5506258356219644,0.0001604738994844812,12,GradientBoosting_Shallow,0.0001604738994844812,1.2623055590384282,1.8751095688414714
2019-01-18,10906.9501953125,1,1,0.5195722197653997,0.0050334340103701525,12,GradientBoosting_Shallow,0.0050334340103701525,1.2686592907707717,1.8845478091184487
2019-01-21,10961.849609375,0,1,0.5354274952630923,-0.0035668806605010372,12,GradientBoosting_Shallow,-0.0035668806605010372,1.2641341344817565,1.8778258519843145
2019-01-22,10922.75,0,1,0.499522804916654,-0.008354123274816327,12,GradientBoosting_Shallow,-0.008354123274816327,1.2535734020863927,1.8621382633282006
2019-01-23,10831.5,1,1,0.5071051327775283,0.001689498655541799,12,GradientBoosting_Shallow,0.001689498655541799,1.2556913126638405,1.8652843434205266
2019-01-24,10849.7998046875,0,1,0.5309846997072566,-0.006382606245884936,12,GradientBoosting_Shallow,-0.006382606245884936,1.2476767294487288,1.8533789679198593
2019-01-25,10780.5498046875,0,1,0.5545453306523473,-0.011038398055380982,12,GradientBoosting_Shallow,-0.011038398055380982,1.2339043770646378,1.8329206331244887
2019-01-28,10661.5498046875,0,1,0.5443594873509917,-0.0008769465552643796,12,GradientBoosting_Shallow,-0.0008769465552643796,1.2328223088716455,1.8313132596891972
2019-01-29,10652.2001953125,0,0,0.48116390299757694,-3.758759858607519e-05,12,GradientBoosting_Shallow,0.0,1.2328223088716455,1.8312444250215067
2019-01-30,10651.7998046875,1,1,0.5342308544313846,0.016818790618479573,12,GradientBoosting_Shallow,0.016818790618479573,1.2535568891543483,1.8620437415772015
2019-01-31,10830.9501953125,1,1,0.6111196272521379,0.005788983808607595,12,GradientBoosting_Shallow,0.005788983808607595,1.2608137096888312,1.8728230826481111
2019-02-01,10893.650390625,1,1,0.6548369327816952,0.0017073807867935553,12,GradientBoosting_Shallow,0.0017073807867935553,1.2629663987924797,1.876020704796488
2019-02-04,10912.25,1,1,0.526809092775532,0.0020252110586724825,12,GradientBoosting_Shallow,0.0020252110586724825,1.265524172310046,1.8798200426741405
2019-02-05,10934.349609375,1,1,0.5420562589103252,0.011715428033110209,12,GradientBoosting_Shallow,0.011715428033110209,1.280350329674906,1.9018429390992875
2019-02-06,11062.4501953125,1,1,0.6580095420591066,0.0006282690714798367,12,GradientBoosting_Shallow,0.0006282690714798367,1.2811547341876997,1.9030378081967358
2019-02-07,11069.400390625,0,1,0.5540680867424822,-0.011364733121095205,12,GradientBoosting_Shallow,-0.011364733121095205,1.2665947525468289,1.881410291387226
2019-02-08,10943.599609375,0,1,0.5070885788427341,-0.005007475295473629,12,GradientBoosting_Shallow,-0.005007475295473629,1.2602523106140742,1.8719891758324545
2019-02-11,10888.7998046875,0,1,0.5137619939053585,-0.005271417887377283,12,GradientBoosting_Shallow,-0.005271417887377283,1.2536089940412947,1.8621211386059946
2019-02-12,10831.400390625,0,1,0.511547489354145,-0.007879921603800577,12,GradientBoosting_Shallow,-0.007879921603800577,1.2437306534464299,1.8474477700169996
2019-02-14,10746.0498046875,0,1,0.5417166502364171,-0.002014639281967212,12,GradientBoosting_Shallow,-0.002014639281967212,1.24122498481581,1.8437258291681407
2019-02-15,10724.400390625,0,1,0.5382399379637149,-0.00778133902809619,12,GradientBoosting_Shallow,-0.00778133902809619,1.2315665923988146,1.8293791734165257
2019-02-18,10640.9501953125,0,1,0.514100769633888,-0.0034395975233135756,12,GradientBoosting_Shallow,-0.0034395975233135756,1.227330498997804,1.8230868453424407
2019-02-19,10604.349609375,1,1,0.5251017514485876,0.012362906803977669,12,GradientBoosting_Shallow,0.012362906803977669,1.2425038715745933,1.8456254981069669
2019-02-20,10735.4501953125,1,1,0.5807385425770913,0.005067269008080633,12,GradientBoosting_Shallow,0.005067269008080633,1.2487999729354435,1.8549777789940476
2019-02-21,10789.849609375,1,1,0.5710973048589809,0.00016689586186968697,12,GradientBoosting_Shallow,0.00016689586186968697,1.2490083924832294,1.8552873671092218
2019-02-22,10791.650390625,1,1,0.5447333028105172,0.008196078963680797,12,GradientBoosting_Shallow,0.008196078963680797,1.259245363894322,1.8704934488703684
2019-02-25,10880.099609375,0,1,0.5605249552386316,-0.004117591409631749,12,GradientBoosting_Shallow,-0.004117591409631749,1.254060306001332,1.8627915211135273
2019-02-26,10835.2998046875,0,1,0.5125373409702151,-0.002644081343287419,12,GradientBoosting_Shallow,-0.002644081343287419,1.2507444685428766,1.857866148806117
2019-02-27,10806.650390625,0,1,0.4977406141709508,-0.0013094150466157473,12,GradientBoosting_Shallow,-0.0013094150466157473,1.249106724916295,1.8554334309162723
2019-02-28,10792.5,1,1,0.5445659377336811,0.006578642575862936,12,GradientBoosting_Shallow,0.006578642575862936,1.257324151598626,1.8676396642815776
2019-03-01,10863.5,1,1,0.525943120976899,0.011409784628572783,12,GradientBoosting_Shallow,0.011409784628572783,1.2716699493766692,1.8889490306148105
2019-03-05,10987.4501953125,1,1,0.5988358116282596,0.005965879573721855,12,GradientBoosting_Shallow,0.005965879573721855,1.2792565791521715,1.9002182730523571
2019-03-06,11053.0,1,1,0.5724938624840012,0.00047047817900125466,12,GradientBoosting_Shallow,0.00047047817900125466,1.2798584414580063,1.9011122842851678
2019-03-07,11058.2001953125,0,1,0.5399721649591334,-0.0020618006804727917,12,GradientBoosting_Shallow,-0.0020618006804727917,1.2772196284524993,1.8971925696837735
2019-03-08,11035.400390625,1,1,0.5330472009294737,0.012020353532001593,12,GradientBoosting_Shallow,0.012020353532001593,1.29257225992451,1.919997495089659
2019-03-11,11168.0498046875,1,1,0.6337547547424403,0.011922438828049886,12,GradientBoosting_Shallow,0.011922438828049886,1.3079828736242942,1.9428885477748745
2019-03-12,11301.2001953125,1,1,0.6871132965212056,0.0035836901656514097,12,GradientBoosting_Shallow,0.0035836901656514097,1.3126702789853422,1.949851258356492
2019-03-13,11341.7001953125,1,1,0.5509998376288169,0.00013664659273393553,12,GradientBoosting_Shallow,0.00013664659273393553,1.3128496509063485,1.9501176988872844
2019-03-14,11343.25,1,1,0.5457581239648924,0.007369987382364052,12,GradientBoosting_Shallow,0.007369987382364052,1.3225253362684695,1.9644900417222084
2019-03-15,11426.849609375,1,1,0.5936581712945227,0.0030936423551506387,12,GradientBoosting_Shallow,0.0030936423551506387,1.3266167566645095,1.970567471321552
2019-03-18,11462.2001953125,1,1,0.5356659201604942,0.006124495656707252,12,GradientBoosting_Shallow,0.006124495656707252,1.3347416152288163,1.9826362032409095
2019-03-19,11532.400390625,0,1,0.5590725845003799,-0.0009842344657688962,12,GradientBoosting_Shallow,-0.0009842344657688962,1.3334279165282121,1.9806848243565987
2019-03-20,11521.0498046875,0,1,0.49678772880311883,-0.005568018119008533,12,GradientBoosting_Shallow,-0.005568018119008533,1.3260033657285912,1.969656335366536
2019-03-22,11456.900390625,0,1,0.5116220352110047,-0.008959700017030503,12,GradientBoosting_Shallow,-0.008959700017030503,1.3141227733500902,1.9520088054650082
2019-03-25,11354.25,1,1,0.51579138972839,0.011361384503600025,12,GradientBoosting_Shallow,0.011361384503600025,1.3290530274630579,1.9741863280583092
2019-03-26,11483.25,0,1,0.5603590271586664,-0.0033266013813597617,12,GradientBoosting_Shallow,-0.0033266013813597617,1.324631797825999,1.9676189970923288
2019-03-27,11445.0498046875,1,1,0.5203305014442674,0.010917400749215211,12,GradientBoosting_Shallow,0.010917400749215211,1.3390933340080189,1.9891002822053547
2019-03-28,11570.0,1,1,0.6341822103085776,0.008569610252809001,12,GradientBoosting_Shallow,0.008569610252809001,1.3505688419726023,2.006146096377607
2019-04-01,11669.150390625,1,1,0.5330914481278227,0.0037748939051200914,12,GradientBoosting_Shallow,0.0037748939051200914,1.3556670960626098,2.0137190850496034
2019-04-02,11713.2001953125,0,1,0.5320010429926986,-0.005912133221091298,12,GradientBoosting_Shallow,-0.005912133221091298,1.3476522115872378,2.001813709548936
2019-04-03,11643.9501953125,0,1,0.5004015830729882,-0.003946272059030087,12,GradientBoosting_Shallow,-0.003946272059030087,1.342334009319361,1.9939140080395596
2019-04-04,11598.0,1,1,0.5177107630854009,0.005858785593421345,12,GradientBoosting_Shallow,0.005858785593421345,1.3501984564747207,2.0055959227043827
2019-04-05,11665.9501953125,0,1,0.547924183402408,-0.005267483083991831,12,GradientBoosting_Shallow,-0.005267483083991831,1.3430863089452083,1.9950314801082143
2019-04-08,11604.5,1,1,0.5261082777236907,0.005812417192683883,12,GradientBoosting_Shallow,0.005812417192683883,1.3508928868985797,2.006627435383141
2019-04-09,11671.9501953125,0,1,0.5502691442092986,-0.007509489773200095,12,GradientBoosting_Shallow,-0.007509489773200095,1.340748370579726,1.9915586871785087
2019-04-10,11584.2998046875,1,1,0.49957184962856516,0.0010704480058416621,12,GradientBoosting_Shallow,0.0010704480058416621,1.3421835719993487,1.9936905472037156
2019-04-11,11596.7001953125,1,1,0.5552609541548664,0.0040313191867198395,12,GradientBoosting_Shallow,0.0040313191867198395,1.3475943423852499,2.00172775015904
2019-04-12,11643.4501953125,1,1,0.5539306966261789,0.0040279653604204935,12,GradientBoosting_Shallow,0.0040279653604204935,1.3530224057162763,2.0097906401976733
2019-04-15,11690.349609375,1,1,0.5315897048565897,0.008280400884877803,12,GradientBoosting_Shallow,0.008280400884877803,1.3642259736418287,2.026432512393185
2019-04-16,11787.150390625,0,1,0.521356615128864,-0.0029142400664389223,12,GradientBoosting_Shallow,-0.0029142400664389223,1.360250291649765,2.0205270015736345
2019-04-18,11752.7998046875,0,0,0.4842321954858145,-0.013473352052831178,12,GradientBoosting_Shallow,0.0,1.360250291649765,1.9933037299491816
2019-04-22,11594.4501953125,0,1,0.4962733292318779,-0.0015955909670886115,12,GradientBoosting_Shallow,-0.0015955909670886115,1.358079888571429,1.9901232325230107
2019-04-23,11575.9501953125,1,1,0.5468106394278301,0.012975193636658888,12,GradientBoosting_Shallow,0.012975193636658888,1.3757012380996954,2.0159454668258103
2019-04-24,11726.150390625,0,1,0.5730889849520916,-0.007193374050953438,12,GradientBoosting_Shallow,-0.007193374050953438,1.3658053045116845,2.0014440170166083
2019-04-25,11641.7998046875,1,1,0.5597761037528931,0.009693568677590747,12,GradientBoosting_Shallow,0.009693568677590747,1.3790448320311863,2.0208451520499118
2019-04-26,11754.650390625,0,1,0.5819619369601355,-0.0005529726349993158,12,GradientBoosting_Shallow,-0.0005529726349993158,1.3782822579766358,2.019727679981257
2019-04-30,11748.150390625,0,1,0.5656241147681035,-0.001991836148409698,12,GradientBoosting_Shallow,-0.001991836148409698,1.3755369455524862,2.015704713378327
2019-05-02,11724.75,0,1,0.49053087749372176,-0.0010661208128105448,12,GradientBoosting_Shallow,-0.0010661208128105448,1.374070456986043,2.013555728630914
2019-05-03,11712.25,0,1,0.5241958206873386,-0.00973339879186319,12,GradientBoosting_Shallow,-0.00973339879186319,1.3606960812600801,1.9939569877345087
2019-05-06,11598.25,0,1,0.5229001460192327,-0.008652133673183404,12,GradientBoosting_Shallow,-0.008652133673183404,1.348923156876441,1.9767050053380515
2019-05-07,11497.900390625,0,1,0.5013921459295059,-0.012041345863927244,12,GradientBoosting_Shallow,-0.012041345863927244,1.3326803066006312,1.95290281669782
2019-05-08,11359.4501953125,0,0,0.4790501439252483,-0.005075103956069027,12,GradientBoosting_Shallow,0.0,1.3326803066006312,1.9429916318869784
2019-05-09,11301.7998046875,0,1,0.49226619134185784,-0.0020261741013145596,12,GradientBoosting_Shallow,-0.0020261741013145596,1.329980064278065,1.939054792563378
2019-05-10,11278.900390625,0,1,0.503553608083636,-0.011588026384304118,12,GradientBoosting_Shallow,-0.011588026384304118,1.3145682202026123,1.9165849744665424
2019-05-13,11148.2001953125,1,1,0.4999232710687051,0.006624352638199937,12,GradientBoosting_Shallow,0.006624352638199937,1.3232763836602053,1.9292811091984843
2019-05-14,11222.0498046875,0,1,0.5193265229793498,-0.005796606308085428,12,GradientBoosting_Shallow,-0.005796606308085428,1.31560587142734,1.9180978261508344
2019-05-15,11157.0,1,1,0.4965519507634032,0.008971910851931497,12,GradientBoosting_Shallow,0.008971910851931497,1.3274093700220637,1.9353068288523432
2019-05-16,11257.099609375,1,1,0.5502524410858335,0.013329435330307948,12,GradientBoosting_Shallow,0.013329435330307948,1.3451029873766176,1.961103376071834
2019-05-17,11407.150390625,1,1,0.6707459317706536,0.036915407876193296,12,GradientBoosting_Shallow,0.036915407876193296,1.3947580127911114,2.0334983070869055
2019-05-20,11828.25,0,1,0.7526969578808838,-0.010073374389702572,12,GradientBoosting_Shallow,-0.010073374389702572,1.380708093145229,2.0130141173187925
2019-05-21,11709.099609375,1,1,0.597626614474648,0.0024596922232125173,12,GradientBoosting_Shallow,0.0024596922232125173,1.3841042101044647,2.0179655124883786
2019-05-22,11737.900390625,0,1,0.5976799692391174,-0.006887993870017373,12,GradientBoosting_Shallow,-0.006887993870017373,1.3745705087898,2.004065778408452
2019-05-23,11657.0498046875,1,1,0.6003573105567821,0.016046067214389392,12,GradientBoosting_Shallow,0.016046067214389392,1.3966269595647585,2.0362231525908516
2019-05-24,11844.099609375,1,1,0.6463393877895433,0.006809330661248669,12,GradientBoosting_Shallow,0.006809330661248669,1.4061370543428493,2.050088469336933
2019-05-27,11924.75,1,1,0.6674001648860528,0.0003354368016101894,12,GradientBoosting_Shallow,0.0003354368016101894,1.4066087244589836,2.0507761444561052
2019-05-28,11928.75,0,1,0.5755458001290426,-0.005671205333752538,12,GradientBoosting_Shallow,-0.005671205333752538,1.398631557558329,2.039145771847333
2019-05-29,11861.099609375,1,1,0.5393091323997627,0.007149487319284775,12,GradientBoosting_Shallow,0.007149487319284775,1.4086310561434439,2.0537246186853286
2019-05-30,11945.900390625,0,1,0.5126212028331043,-0.0019337668306382838,12,GradientBoosting_Shallow,-0.0019337668306382838,1.4059070921304666,2.0497531941384497
2019-05-31,11922.7998046875,1,1,0.5091503131313632,0.013901936014629301,12,GradientBoosting_Shallow,0.013901936014629301,1.425451922567778,2.0782487318891443
2019-06-03,12088.5498046875,0,1,0.6039119872361708,-0.005534114111566901,12,GradientBoosting_Shallow,-0.005534114111566901,1.4175633089677355,2.0667474662546503
2019-06-04,12021.650390625,0,1,0.5153578473373441,-0.014798333410505293,12,GradientBoosting_Shallow,-0.014798333410505293,1.3965857344911319,2.036163048173697
2019-06-06,11843.75,1,0,0.46571213274739615,0.0022712730870713127,12,GradientBoosting_Shallow,0.0,1.3965857344911319,2.0407877305059032
2019-06-07,11870.650390625,1,1,0.5590248037885291,0.004384747505377318,12,GradientBoosting_Shallow,0.004384747505377318,1.4027094103064874,2.0497360694162436
2019-06-10,11922.7001953125,1,1,0.5522209599036297,0.0035981290613484873,12,GradientBoosting_Shallow,0.0035981290613484873,1.4077565398003382,2.0571112843357047
2019-06-11,11965.599609375,0,1,0.560640956048572,-0.004964181988503125,12,GradientBoosting_Shallow,-0.004964181988503125,1.400768180141264,2.046899409549659
2019-06-12,11906.2001953125,1,1,0.5339251399605858,0.0006592875347493088,12,GradientBoosting_Shallow,0.0006592875347493088,1.4016916891415045,2.0482489048152606
2019-06-13,11914.0498046875,0,1,0.5256196404188572,-0.007617057296864349,12,GradientBoosting_Shallow,-0.007617057296864349,1.391014923232775,2.032647275549043
2019-06-14,11823.2998046875,0,1,0.5208376730419548,-0.012784029548381648,12,GradientBoosting_Shallow,-0.012784029548381648,1.3732321473519276,2.0066618527169866
2019-06-17,11672.150390625,1,0,0.484081348728916,0.0016577587443133979,12,GradientBoosting_Shallow,0.0,1.3732321473519276,2.009988413950208
2019-06-18,11691.5,0,1,0.5403258145396252,-4.259905700743083e-06,12,GradientBoosting_Shallow,-4.259905700743083e-06,1.3732262975124747,2.0099798515891054
2019-06-19,11691.4501953125,1,1,0.5272053496936661,0.012000205478679637,12,GradientBoosting_Shallow,0.012000205478679637,1.389705295251351,2.0341000228161805
2019-06-20,11831.75,0,1,0.5525355839369058,-0.009098433505187353,12,GradientBoosting_Shallow,-0.009098433505187353,1.3770611540306996,2.0155928990156875
2019-06-21,11724.099609375,0,1,0.4909206583208322,-0.002085381356743965,12,GradientBoosting_Shallow,-0.002085381356743965,1.3741894563729877,2.0113896191612946
2019-06-24,11699.650390625,1,1,0.5254841420977504,0.008273734808782462,12,GradientBoosting_Shallow,0.008273734808782462,1.3855591355120427,2.0280313234673732
2019-06-25,11796.4501953125,1,1,0.5635793490621533,0.004331778503613437,12,GradientBoosting_Shallow,0.004331778503613437,1.3915610707907389,2.036816305959024
2019-06-26,11847.5498046875,0,1,0.5566844821120609,-0.0005064338279993086,12,GradientBoosting_Shallow,-0.0005064338279993086,1.3908563371907634,2.0357847932802655
2019-06-27,11841.5498046875,0,1,0.538262465343191,-0.004450447465215945,12,GradientBoosting_Shallow,-0.004450447465215945,1.3846664041304333,2.026724640007286
2019-06-28,11788.849609375,1,1,0.5150526414214328,0.006510389269786421,12,GradientBoosting_Shallow,0.006510389269786421,1.393681121430118,2.0399194063564012
2019-07-01,11865.599609375,1,1,0.5182306966563273,0.003767209141051886,12,GradientBoosting_Shallow,0.003767209141051886,1.3989314096904808,2.0476042093910363
2019-07-02,11910.2998046875,1,1,0.5046175785261513,0.0005415644793391738,12,GradientBoosting_Shallow,0.0005415644793391738,1.3996890212510011,2.0487131190985877
2019-07-03,11916.75,1,1,0.5410120751217498,0.0025174649128327786,12,GradientBoosting_Shallow,0.0025174649128327786,1.4032126892508778,2.0538706824923785
2019-07-04,11946.75,0,1,0.5364090079260248,-0.011350334557515662,12,GradientBoosting_Shallow,-0.011350334557515662,1.387285755772529,2.030558563108217
2019-07-05,11811.150390625,0,1,0.5315359812465793,-0.02138240331360608,12,GradientBoosting_Shallow,-0.02138240331360608,1.3576222522313801,1.9871403409599406
2019-07-08,11558.599609375,0,0,0.4349810198370847,-0.00023352472109261502,12,GradientBoosting_Shallow,0.0,1.3576222522313801,1.986676294566046
2019-07-09,11555.900390625,0,1,0.5051577015264366,-0.004932545113165099,12,GradientBoosting_Shallow,-0.004932545113165099,1.350925719225612,1.9768769241178434
2019-07-10,11498.900390625,1,0,0.5005638985448909,0.007305046321514741,13,VotingEnsemble(HGB+ET+LR),0.0,1.350925719225612,1.991318101620458
2019-07-11,11582.900390625,0,1,0.5383795132765673,-0.0026245922523520093,13,VotingEnsemble(HGB+ET+LR),-0.0026245922523520093,1.3473800900494295,1.9860917035589767
2019-07-12,11552.5,1,0,0.527951781327303,0.0031031905972733753,13,VotingEnsemble(HGB+ET+LR),0.0,1.3473800900494295,1.9922549246587835
2019-07-15,11588.349609375,1,0,0.5070970972117558,0.006407297199588324,13,VotingEnsemble(HGB+ET+LR),0.0,1.3473800900494295,2.0050198940584156
2019-07-16,11662.599609375,1,1,0.5480993437828542,0.0021350634900458854,13,VotingEnsemble(HGB+ET+LR),0.0021350634900458854,1.3502568320869088,2.0093007388310355
2019-07-17,11687.5,0,1,0.5350829444895239,-0.007751838235294128,13,VotingEnsemble(HGB+ET+LR),-0.007751838235294128,1.3397898595484705,1.9937249645375603
2019-07-18,11596.900390625,0,0,0.529112758836135,-0.01531878214359883,13,VotingEnsemble(HGB+ET+LR),0.0,1.3397898595484705,1.9631835261515551
2019-07-19,11419.25,0,0,0.5252343505083602,-0.006397075524881224,13,VotingEnsemble(HGB+ET+LR),0.0,1.3397898595484705,1.950624892865561
2019-07-22,11346.2001953125,0,0,0.5141288474756559,-0.0013352832106081625,13,VotingEnsemble(HGB+ET+LR),0.0,1.3397898595484705,1.9480202561959232
2019-07-23,11331.0498046875,0,0,0.4932082926225085,-0.005273121293252303,13,VotingEnsemble(HGB+ET+LR),0.0,1.3397898595484705,1.9377481091032898
2019-07-24,11271.2998046875,0,0,0.5037157541224834,-0.0016989534831232112,13,VotingEnsemble(HGB+ET+LR),0.0,1.3397898595484705,1.9344559652039133
2019-07-25,11252.150390625,1,1,0.5399493707772024,0.0028571795564771296,13,VotingEnsemble(HGB+ET+LR),0.0028571795564771296,1.3436178797451477,1.939983053240599
2019-07-26,11284.2998046875,0,1,0.5371322970660133,-0.008427603929443195,13,VotingEnsemble(HGB+ET+LR),-0.008427603929443195,1.3322944004221373,1.9236336444380553
2019-07-29,11189.2001953125,0,0,0.5158797293392556,-0.009276785013729971,13,VotingEnsemble(HGB+ET+LR),0.0,1.3322944004221373,1.9057885086734256
2019-07-30,11085.400390625,1,1,0.5316865381503485,0.00294076968140633,13,VotingEnsemble(HGB+ET+LR),0.00294076968140633,1.336212371401606,1.9113929937389051
2019-07-31,11118.0,0,1,0.536185396119203,-0.012412304371289817,13,VotingEnsemble(HGB+ET+LR),-0.012412304371289817,1.3196268967430864,1.887668202127467
2019-08-01,10980.0,1,0,0.48085238973842337,0.0015801101434427256,13,VotingEnsemble(HGB+ET+LR),0.0,1.3196268967430864,1.890650925801103
2019-08-02,10997.349609375,0,0,0.4979797830551,-0.012252952282714391,13,VotingEnsemble(HGB+ET+LR),0.0,1.3196268967430864,1.8674848702239923
2019-08-05,10862.599609375,1,0,0.47479393753306015,0.007884888857643269,13,VotingEnsemble(HGB+ET+LR),0.0,1.3196268967430864,1.8822097808690388
2019-08-06,10948.25,0,0,0.4964206251533955,-0.00847167355513434,13,VotingEnsemble(HGB+ET+LR),0.0,1.3196268967430864,1.8662643140432353
2019-08-07,10855.5,1,0,0.5061937618229412,0.016300510829763803,13,VotingEnsemble(HGB+ET+LR),0.0,1.3196268967430864,1.8966853757054989
2019-08-08,11032.4501953125,1,1,0.5595428550349126,0.006997556657477588,13,VotingEnsemble(HGB+ET+LR),0.006997556657477588,1.3288610607197775,1.9099575390834074
2019-08-09,11109.650390625,0,1,0.6274564257830703,-0.01654424529912324,13,VotingEnsemble(HGB+ET+LR),-0.01654424529912324,1.3068760573627765,1.8783587330459017
2019-08-13,10925.849609375,1,0,0.510420363535938,0.009477595331455646,13,VotingEnsemble(HGB+ET+LR),0.0,1.3068760573627765,1.8961610570050165
2019-08-14,11029.400390625,1,1,0.5439155818440888,0.0016682152620135504,13,VotingEnsemble(HGB+ET+LR),0.0016682152620135504,1.3090562079472292,1.899324261819548
2019-08-16,11047.7998046875,1,1,0.570841268648435,0.0005521991749806165,13,VotingEnsemble(HGB+ET+LR),0.0005521991749806165,1.309779067705261,1.9003730671099455
2019-08-19,11053.900390625,0,1,0.543724699689181,-0.0033382235519596737,13,VotingEnsemble(HGB+ET+LR),-0.0033382235519596737,1.3054067323735834,1.8940291969798093
2019-08-20,11017.0,0,1,0.5328758748261538,-0.008922556475220111,13,VotingEnsemble(HGB+ET+LR),-0.008922556475220111,1.2937591670808475,1.8771296145040413
2019-08-21,10918.7001953125,0,0,0.5038684469492503,-0.016242829527789215,13,VotingEnsemble(HGB+ET+LR),0.0,1.2937591670808475,1.8466397181740875
2019-08-22,10741.349609375,1,0,0.5159061562176799,0.008192639025843995,13,VotingEnsemble(HGB+ET+LR),0.0,1.2937591670808475,1.861768570795874
2019-08-23,10829.349609375,1,1,0.5531883755065595,0.021100066785376237,13,VotingEnsemble(HGB+ET+LR),0.021100066785376237,1.321057571910446,1.9010520119785814
2019-08-26,11057.849609375,1,1,0.6059507433695948,0.004295591066795668,13,VotingEnsemble(HGB+ET+LR),0.004295591066795668,1.3267322950150673,1.9092181540187505
2019-08-27,11105.349609375,0,1,0.6172291861664199,-0.005335266523260329,13,VotingEnsemble(HGB+ET+LR),-0.005335266523260329,1.319653824616145,1.8990319663160133
2019-08-28,11046.099609375,0,0,0.5256855976735073,-0.0088537862364102,13,VotingEnsemble(HGB+ET+LR),0.0,1.319653824616145,1.8822183432301416
2019-08-29,10948.2998046875,1,0,0.5127198031941287,0.006845829640179435,13,VotingEnsemble(HGB+ET+LR),0.0,1.319653824616145,1.895103689353516
2019-08-30,11023.25,0,1,0.549806819725093,-0.02044311880570615,13,VotingEnsemble(HGB+ET+LR),-0.02044311880570615,1.2926759846971128,1.85636185948293
2019-09-03,10797.900390625,1,0,0.46532097169314374,0.004329545403159107,13,VotingEnsemble(HGB+ET+LR),0.0,1.2926759846971128,1.8643990624382543
2019-09-04,10844.650390625,1,0,0.5020174556780482,0.000299686931614751,13,VotingEnsemble(HGB+ET+LR),0.0,1.2926759846971128,1.8649577984725818
2019-09-05,10847.900390625,1,0,0.5255692807802296,0.009061643373168504,13,VotingEnsemble(HGB+ET+LR),0.0,1.2926759846971128,1.8818573809483499
2019-09-06,10946.2001953125,1,1,0.5586906727575046,0.005193547382711383,13,VotingEnsemble(HGB+ET+LR),0.005193547382711383,1.2993895586741302,1.8916308964238102
2019-09-09,11003.0498046875,1,1,0.5415517413134004,0.0029673946046386845,13,VotingEnsemble(HGB+ET+LR),0.0029673946046386845,1.3032453602398637,1.897244111739826
2019-09-11,11035.7001953125,0,0,0.5203770526794779,-0.00479356902496042,13,VotingEnsemble(HGB+ET+LR),0.0,1.3032453602398637,1.8881495411330014
2019-09-12,10982.7998046875,1,0,0.502951114852117,0.008476944640087414,13,VotingEnsemble(HGB+ET+LR),0.0,1.3032453602398637,1.9041552802653923
2019-09-13,11075.900390625,0,1,0.5310782707982916,-0.006536749886833726,13,VotingEnsemble(HGB+ET+LR),-0.006536749886833726,1.2947263712787993,1.8917082934526037
2019-09-16,11003.5,0,0,0.5002436379401838,-0.01689465993774708,13,VotingEnsemble(HGB+ET+LR),0.0,1.2947263712787993,1.8597485251333061
2019-09-17,10817.599609375,1,0,0.46908984212540067,0.002130859163064436,13,VotingEnsemble(HGB+ET+LR),0.0,1.2947263712787993,1.863711387319082
2019-09-18,10840.650390625,0,0,0.5079644819915278,-0.012531589991591652,13,VotingEnsemble(HGB+ET+LR),0.0,1.2947263712787993,1.8403561203505387
2019-09-19,10704.7998046875,1,0,0.49475088208507173,0.05319112930777714,13,VotingEnsemble(HGB+ET+LR),0.0,1.2947263712787993,1.9382467407204633
2019-09-20,11274.2001953125,1,1,0.6598495335767547,0.028915576657539077,13,VotingEnsemble(HGB+ET+LR),0.028915576657539077,1.3321641309180488,1.9942922629329911
2019-09-23,11600.2001953125,0,1,0.6565287237726115,-0.0010344649056013289,13,VotingEnsemble(HGB+ET+LR),-0.0010344649056013289,1.3307860538761132,1.9922292375754747
2019-09-24,11588.2001953125,0,1,0.624229124257123,-0.012771612287114875,13,VotingEnsemble(HGB+ET+LR),-0.012771612287114875,1.3137897703589079,1.9667852581661063
2019-09-25,11440.2001953125,1,1,0.5300762234908452,0.01145084856589107,13,VotingEnsemble(HGB+ET+LR),0.01145084856589107,1.3288337780667046,1.9893066183189934
2019-09-26,11571.2001953125,0,1,0.5958385502797189,-0.005081564893442914,13,VotingEnsemble(HGB+ET+LR),-0.005081564893442914,1.3220812229908596,1.97919782764505
2019-09-27,11512.400390625,0,1,0.5371247370337301,-0.003296462425282254,13,VotingEnsemble(HGB+ET+LR),-0.003296462425282254,1.317723031916099,1.9726734763740177
2019-09-30,11474.4501953125,0,0,0.4972072664413949,-0.009983032105041145,13,VotingEnsemble(HGB+ET+LR),0.0,1.317723031916099,1.9529802137266128
2019-10-01,11359.900390625,0,0,0.4828391973858488,-0.004040562773145462,13,VotingEnsemble(HGB+ET+LR),0.0,1.317723031916099,1.9450890745783393
2019-10-03,11314.0,0,0,0.4922611967562249,-0.012307760296977222,13,VotingEnsemble(HGB+ET+LR),0.0,1.317723031916099,1.9211493844921599
2019-10-04,11174.75,0,0,0.4790114533481408,-0.0043266837625002275,13,VotingEnsemble(HGB+ET+LR),0.0,1.317723031916099,1.9128371786449403
2019-10-07,11126.400390625,1,0,0.45396566930764326,0.01679783285706482,13,VotingEnsemble(HGB+ET+LR),0.0,1.317723031916099,1.9449686978545975
2019-10-09,11313.2998046875,0,1,0.5463491338351948,-0.006960833829169011,13,VotingEnsemble(HGB+ET+LR),-0.006960833829169011,1.3085505808580624,1.9314300939458964
2019-10-10,11234.5498046875,1,1,0.543238145678207,0.006275284833450412,13,VotingEnsemble(HGB+ET+LR),0.006275284833450412,1.3167621084719237,1.9435503679213049
2019-10-11,11305.0498046875,1,1,0.5482543196276503,0.003193315072573366,13,VotingEnsemble(HGB+ET+LR),0.003193315072573366,1.3209669447599006,1.9497567366054935
2019-10-14,11341.150390625,1,0,0.5298460637951726,0.007684353972992053,13,VotingEnsemble(HGB+ET+LR),0.0,1.3209669447599006,1.9647393575307959
2019-10-15,11428.2998046875,1,1,0.565855836116171,0.003123841334461419,13,VotingEnsemble(HGB+ET+LR),0.003123841334461419,1.3250934359033988,1.9708768915472938
2019-10-16,11464.0,1,1,0.5578898720513028,0.010672506051552677,13,VotingEnsemble(HGB+ET+LR),0.010672506051552677,1.3392355036169505,1.9919110870991976
2019-10-17,11586.349609375,1,1,0.5682864250907089,0.006516288783389612,13,VotingEnsemble(HGB+ET+LR),0.006516288783389612,1.3479623489074868,2.0048909549735714
2019-10-18,11661.849609375,0,1,0.5662285252783659,-0.006302602285396697,13,VotingEnsemble(HGB+ET+LR),-0.006302602285396697,1.3394666783266338,1.9922549246587837
2019-10-22,11588.349609375,1,0,0.49609335578380964,0.001359123648397631,13,VotingEnsemble(HGB+ET+LR),0.0,1.3394666783266338,1.994962645440524
2019-10-23,11604.099609375,0,1,0.5364254174430152,-0.0018527934715960592,13,VotingEnsemble(HGB+ET+LR),-0.0018527934715960592,1.3369849232096098,1.9912663916749738
2019-10-24,11582.599609375,1,1,0.5353236293536129,0.00011230477560042473,13,VotingEnsemble(HGB+ET+LR),0.00011230477560042473,1.337135073001392,1.9914900204002515
2019-10-25,11583.900390625,1,1,0.5523261792244734,0.017519938181983052,13,VotingEnsemble(HGB+ET+LR),0.017519938181983052,1.3605615968213378,2.0263808024477
2019-10-29,11786.849609375,1,1,0.5667005181722672,0.004857107869982835,13,VotingEnsemble(HGB+ET+LR),0.004857107869982835,1.3671699912608553,2.0362231525908507
2019-10-30,11844.099609375,1,1,0.6180668718629472,0.0028157974888274317,13,VotingEnsemble(HGB+ET+LR),0.0028157974888274317,1.3710196650890478,2.041956744630608
2019-10-31,11877.4501953125,1,1,0.5413771957148074,0.0011070906504571099,13,VotingEnsemble(HGB+ET+LR),0.0011070906504571099,1.3725375081418607,2.0442173758512268
2019-11-01,11890.599609375,1,0,0.5160690637339497,0.004263888868356602,13,VotingEnsemble(HGB+ET+LR),0.0,1.3725375081418607,2.05293369156462
2019-11-04,11941.2998046875,0,0,0.4777647715182764,-0.002018173043904281,13,VotingEnsemble(HGB+ET+LR),0.0,1.3725375081418607,2.0487905161273816
2019-11-05,11917.2001953125,1,0,0.4763969187029886,0.004099084396871566,13,VotingEnsemble(HGB+ET+LR),0.0,1.3725375081418607,2.0571886813644977
2019-11-06,11966.0498046875,1,0,0.5144531290205262,0.003844209304726398,13,VotingEnsemble(HGB+ET+LR),0.0,1.3725375081418607,2.065096945234977
2019-11-07,12012.0498046875,0,0,0.5002944390696525,-0.008649599006986697,13,VotingEnsemble(HGB+ET+LR),0.0,1.3725375081418607,2.0472346847481413
2019-11-08,11908.150390625,1,0,0.5132012689339525,0.0004450569159482054,13,VotingEnsemble(HGB+ET+LR),0.0,1.3725375081418607,2.0481458207031573
2019-11-11,11913.4501953125,0,0,0.5031677993393174,-0.006127528029514329,13,VotingEnsemble(HGB+ET+LR),0.0,1.3725375081418607,2.035595749778266
2019-11-13,11840.4501953125,1,0,0.5174917061420338,0.002672990768123773,13,VotingEnsemble(HGB+ET+LR),0.0,1.3725375081418607,2.0410368784250554
2019-11-14,11872.099609375,1,1,0.5490370049223633,0.001966845520657623,13,VotingEnsemble(HGB+ET+LR),0.001966845520657623,1.375237077391684,2.0450512826668827
2019-11-15,11895.4501953125,0,1,0.5581590403567137,-0.0009205364347466549,13,VotingEnsemble(HGB+ET+LR),-0.0009205364347466549,1.3739711215555304,2.0431687384502624
2019-11-18,11884.5,1,0,0.5108590950606221,0.004678329704657314,13,VotingEnsemble(HGB+ET+LR),0.0,1.3739711215555304,2.0527273554509815
2019-11-19,11940.099609375,1,1,0.5335339998163783,0.004941332311304558,13,VotingEnsemble(HGB+ET+LR),0.004941332311304558,1.380760369453272,2.06287056345877
2019-11-20,11999.099609375,0,1,0.5424839531811254,-0.002558460196964596,13,VotingEnsemble(HGB+ET+LR),-0.002558460196964596,1.3772277490064797,2.057592791230671
2019-11-21,11968.400390625,0,0,0.517869408254136,-0.004511881140131235,13,VotingEnsemble(HGB+ET+LR),0.0,1.3772277490064797,2.048309177121847
2019-11-22,11914.400390625,1,1,0.53535488479832,0.013374538722098483,13,VotingEnsemble(HGB+ET+LR),0.013374538722098483,1.3956475348647155,2.075704367526093
2019-11-25,12073.75,0,1,0.5379609955235409,-0.0029858001604721185,13,VotingEnsemble(HGB+ET+LR),-0.0029858001604721185,1.391480410231154,2.069506729092441
2019-11-26,12037.7001953125,1,1,0.5338395503918283,0.005233557820665036,13,VotingEnsemble(HGB+ET+LR),0.005233557820665036,1.3987628034144215,2.080337612219402
2019-11-27,12100.7001953125,1,1,0.5497546756419726,0.004169196368656758,13,VotingEnsemble(HGB+ET+LR),0.004169196368656758,1.404594520215029,2.089010948237847
2019-11-28,12151.150390625,0,1,0.573119845763946,-0.007826467690735917,13,VotingEnsemble(HGB+ET+LR),-0.007826467690735917,1.3936015065839813,2.0726613715458697
2019-11-29,12056.0498046875,0,0,0.5233987123409451,-0.0006510929783939412,13,VotingEnsemble(HGB+ET+LR),0.0,1.3936015065839813,2.071311876280268
2019-12-02,12048.2001953125,0,0,0.4595997562200817,-0.004481997238144242,13,VotingEnsemble(HGB+ET+LR),0.0,1.3936015065839813,2.0620282621714443
2019-12-03,11994.2001953125,1,0,0.4790633414520154,0.004085307832292884,13,VotingEnsemble(HGB+ET+LR),0.0,1.3936015065839813,2.0704522823813027
2019-12-04,12043.2001953125,0,0,0.5078163159737707,-0.00205923710353606,13,VotingEnsemble(HGB+ET+LR),0.0,1.3936015065839813,2.0661887302203223
2019-12-05,12018.400390625,0,0,0.5080024539960029,-0.008062669529681155,13,VotingEnsemble(HGB+ET+LR),0.0,1.3936015065839813,2.0495297333026046
2019-12-06,11921.5,1,0,0.48768682671118785,0.001342112989137334,13,VotingEnsemble(HGB+ET+LR),0.0,1.3936015065839813,2.052280433779293
2019-12-09,11937.5,0,0,0.50390086803538,-0.006760225785340301,13,VotingEnsemble(HGB+ET+LR),0.0,1.3936015065839813,2.038406554672109
2019-12-10,11856.7998046875,1,0,0.4765374393757939,0.0044995771891509495,13,VotingEnsemble(HGB+ET+LR),0.0,1.3936015065839813,2.0475785223077274
2019-12-11,11910.150390625,1,1,0.5402743019240658,0.005176207859728388,13,VotingEnsemble(HGB+ET+LR),0.005176207859728388,1.4008150776556907,2.0581772143483077
2019-12-12,11971.7998046875,1,1,0.5459265135372858,0.009597587037832866,13,VotingEnsemble(HGB+ET+LR),0.009597587037832866,1.4142595222873997,2.0779307493023
2019-12-13,12086.7001953125,0,1,0.5819303802495713,-0.0027095898360001147,13,VotingEnsemble(HGB+ET+LR),-0.0027095898360001147,1.4104274590603434,2.0723004092640784
2019-12-16,12053.9501953125,1,0,0.5178500516184047,0.009212731336046609,13,VotingEnsemble(HGB+ET+LR),0.0,1.4104274590603434,2.091391956182208
2019-12-17,12165.0,1,1,0.5450308976680841,0.004656834412248179,13,VotingEnsemble(HGB+ET+LR),0.004656834412248179,1.4169955861876753,2.1011312222132563
2019-12-18,12221.650390625,1,1,0.5651282025846286,0.003113311498149862,13,VotingEnsemble(HGB+ET+LR),0.003113311498149862,1.421407134838981,2.1076726982064944
2019-12-19,12259.7001953125,1,1,0.5417636070404264,0.000986941701855537,13,VotingEnsemble(HGB+ET+LR),0.000986941701855537,1.4228099808156685,2.1097528482862167
2019-12-20,12271.7998046875,0,0,0.5256590251021288,-0.0007374472230261553,13,VotingEnsemble(HGB+ET+LR),0.0,1.4228099808156685,2.1081970169069764
2019-12-23,12262.75,0,0,0.49812880218253897,-0.003930618769240168,13,VotingEnsemble(HGB+ET+LR),0.0,1.4228099808156685,2.099910498143066
2019-12-24,12214.5498046875,0,0,0.5069718587463046,-0.007204522590446127,13,VotingEnsemble(HGB+ET+LR),0.0,1.4228099808156685,2.084781645521279
2019-12-26,12126.5498046875,1,0,0.513175771362696,0.009833794601157297,13,VotingEnsemble(HGB+ET+LR),0.0,1.4228099808156685,2.105282960011598
2019-12-27,12245.7998046875,1,1,0.5880757953658171,0.0008206736062803532,13,VotingEnsemble(HGB+ET+LR),0.0008206736062803532,1.4239776434136762,2.1070107101706315
2019-12-30,12255.849609375,0,1,0.550296936751517,-0.007131240742024536,13,VotingEnsemble(HGB+ET+LR),-0.007131240742024536,1.4138229160272324,2.0919851095503805
2019-12-31,12168.4501953125,1,0,0.5290442641068427,0.001154609211690083,13,VotingEnsemble(HGB+ET+LR),0.0,1.4138229160272324,2.0944005348285857
2020-01-01,12182.5,1,0,0.5294330770821478,0.008183886337984836,13,VotingEnsemble(HGB+ET+LR),0.0,1.4138229160272324,2.1115408707518375
2020-01-02,12282.2001953125,0,1,0.5507636729896029,-0.004522789386603554,13,VotingEnsemble(HGB+ET+LR),-0.004522789386603554,1.4074284927480876,2.1019908161122216
2020-01-03,12226.650390625,0,0,0.5233708981872568,-0.019105853072941215,13,VotingEnsemble(HGB+ET+LR),0.0,1.4074284927480876,2.06183048841891
2020-01-06,11993.0498046875,1,0,0.4603256629590124,0.004994592001242859,13,VotingEnsemble(HGB+ET+LR),0.0,1.4074284927480876,2.0721284904842854
2020-01-07,12052.9501953125,0,0,0.5202152657158411,-0.0022899444111396106,13,VotingEnsemble(HGB+ET+LR),0.0,1.4074284927480876,2.067383431428338
2020-01-08,12025.349609375,1,0,0.516631967906843,0.015845758122611686,13,VotingEnsemble(HGB+ET+LR),0.0,1.4074284927480876,2.1001426892294464
2020-01-09,12215.900390625,1,1,0.5788612228227374,0.0033480474426501594,13,VotingEnsemble(HGB+ET+LR),0.0033480474426501594,1.4121406301139459,2.1071740665893213
2020-01-10,12256.7998046875,1,1,0.6004386076699091,0.0059354808073293075,14,GradientBoosting_Shallow,0.0059354808073293075,1.4205223637212372,2.1196811578192643
2020-01-13,12329.5498046875,1,1,0.5624446251135313,0.0026562202609821117,14,GradientBoosting_Shallow,0.0026562202609821117,1.4242955840049318,2.125311497857486
2020-01-14,12362.2998046875,0,0,0.48382855410800396,-0.0015369308543056182,14,GradientBoosting_Shallow,0.0,1.4242955840049318,2.1220450410414182
2020-01-15,12343.2998046875,1,0,0.5057444437068312,0.000988406301843714,14,GradientBoosting_Shallow,0.0,1.4242955840049318,2.1241424837327796
2020-01-16,12355.5,0,0,0.501780621275183,-0.000254978804985595,14,GradientBoosting_Shallow,0.0,1.4242955840049318,2.123600872420658
2020-01-17,12352.349609375,0,0,0.46961943985474136,-0.010346193941151438,14,GradientBoosting_Shallow,0.0,1.4242955840049318,2.1016296859409955
2020-01-20,12224.5498046875,0,0,0.5135611528827754,-0.004474618385662321,14,GradientBoosting_Shallow,0.0,1.4242955840049318,2.0922256951084304
2020-01-21,12169.849609375,0,1,0.5500405176942297,-0.005172555189302153,14,GradientBoosting_Shallow,-0.005172555189302153,1.416928336490787,2.081403542232006
2020-01-22,12106.900390625,1,1,0.5913725156452915,0.0060667236352978104,14,GradientBoosting_Shallow,0.0060667236352978104,1.4255244491192989,2.0940308422962572
2020-01-23,12180.349609375,1,1,0.5378876219102322,0.005574584704263197,14,GradientBoosting_Shallow,0.005574584704263197,1.4334711559089126,2.1057041945999773
2020-01-24,12248.25,0,0,0.5123941252105482,-0.010552527912150667,14,GradientBoosting_Shallow,0.0,1.4334711559089126,2.083483692311728
2020-01-27,12119.0,0,1,0.5252685992152685,-0.005214967844912932,14,GradientBoosting_Shallow,-0.005214967844912932,1.4259956499242374,2.0726183918509222
2020-01-28,12055.7998046875,1,0,0.5105136865573324,0.006113256399948197,14,GradientBoosting_Shallow,0.0,1.4259956499242374,2.085288839499555
2020-01-29,12129.5,0,0,0.48743389400239134,-0.0077249841553650445,14,GradientBoosting_Shallow,0.0,1.4259956499242374,2.0691800162550615
2020-01-30,12035.7998046875,0,0,0.48001947791457145,-0.006123414854723341,14,GradientBoosting_Shallow,0.0,1.4259956499242374,2.0565095686064288
2020-01-31,11962.099609375,0,1,0.5233985960347667,-0.021250384719316173,14,GradientBoosting_Shallow,-0.021250384719316173,1.395692693755276,2.0128079490945874
2020-02-03,11707.900390625,1,0,0.49144030884572093,0.02321082268667074,14,GradientBoosting_Shallow,0.0,1.395692693755276,2.0595268775033433
2020-02-04,11979.650390625,1,0,0.45420883013944674,0.009140500467834434,14,GradientBoosting_Shallow,0.0,1.395692693755276,2.07835198389068
2020-02-05,12089.150390625,1,1,0.6713391956033514,0.004036661230167438,14,GradientBoosting_Shallow,0.004036661230167438,1.401326632341386,2.086741586766693
2020-02-06,12137.9501953125,0,0,0.5159777143586913,-0.0032625431230384194,14,GradientBoosting_Shallow,0.0,1.401326632341386,2.079933502353229
2020-02-07,12098.349609375,0,1,0.541159140386269,-0.005525514763038308,14,GradientBoosting_Shallow,-0.005525514763038308,1.393583581346545,2.068440799079838
2020-02-10,12031.5,1,0,0.47112065094730265,0.006350030388978967,14,GradientBoosting_Shallow,0.0,1.393583581346545,2.081575461011799
2020-02-11,12107.900390625,1,1,0.521630957979825,0.0077056964194832656,14,GradientBoosting_Shallow,0.0077056964194832656,1.4043221133595776,2.0976154495886017
2020-02-12,12201.2001953125,0,1,0.5342993328383675,-0.0021759994314084485,14,GradientBoosting_Shallow,-0.0021759994314084485,1.4012663092393929,2.093051039562983
2020-02-13,12174.650390625,0,0,0.517184378412877,-0.005026854435148831,14,GradientBoosting_Shallow,0.0,1.4012663092393929,2.082529576661763
2020-02-14,12113.4501953125,0,0,0.46652707569237944,-0.00558473346026378,14,GradientBoosting_Shallow,0.0,1.4012663092393929,2.0708992040529908
2020-02-17,12045.7998046875,0,1,0.5533869114027825,-0.004424762618648104,14,GradientBoosting_Shallow,-0.004424762618648104,1.3950660384554994,2.061735966667909
2020-02-18,11992.5,1,0,0.47921571804976426,0.011123651500938081,14,GradientBoosting_Shallow,0.0,1.3950660384554994,2.0846699990480726
2020-02-19,12125.900390625,0,1,0.5298375150754708,-0.003715252459506435,14,GradientBoosting_Shallow,-0.003715252459506435,1.3898830159249538,2.07692492370685
2020-02-20,12080.849609375,0,0,0.49921439796154127,-0.02081386879900149,14,GradientBoosting_Shallow,0.0,1.3898830159249538,2.0336960808394395
2020-02-24,11829.400390625,0,0,0.49389702821492143,-0.002662856861702312,14,GradientBoosting_Shallow,0.0,1.3898830159249538,2.028280639275959
2020-02-25,11797.900390625,0,1,0.5212050770646292,-0.010120477938589723,14,GradientBoosting_Shallow,-0.010120477938589723,1.3758167355250648,2.007753469812898
2020-02-26,11678.5,0,0,0.4759883749771884,-0.003870376787472707,14,GradientBoosting_Shallow,0.0,1.3758167355250648,1.9999827073883665
2020-02-27,11633.2998046875,0,0,0.45129302054609666,-0.03709607866493836,14,GradientBoosting_Shallow,0.0,1.3758167355250648,1.9257911915465713
2020-02-28,11201.75,0,1,0.6131972017804384,-0.006159751824491688,14,GradientBoosting_Shallow,-0.006159751824491688,1.3673420458782481,1.9139287957408524
2020-03-02,11132.75,1,0,0.513155789729234,0.015319647408546855,14,GradientBoosting_Shallow,0.0,1.3673420458782481,1.943249510056667
2020-03-03,11303.2998046875,0,0,0.49196890368612606,-0.004626950146523701,14,GradientBoosting_Shallow,0.0,1.3673420458782481,1.9342581914513781
2020-03-04,11251.0,1,1,0.566632945988841,0.0015998577904186018,14,GradientBoosting_Shallow,0.0015998577904186018,1.3695295987025133,1.9373527294876527
2020-03-05,11269.0,0,1,0.5864121204098286,-0.024806975302821943,14,GradientBoosting_Shallow,-0.024806975302821943,1.3355557117710164,1.889292868174398
2020-03-06,10989.4501953125,0,1,0.5842990250120217,-0.048956043335951605,14,GradientBoosting_Shallow,-0.048956043335951605,1.2701721884679769,1.7968005646457477
2020-03-09,10451.4501953125,1,1,0.6295307970550756,0.0006649981756232659,14,GradientBoosting_Shallow,0.0006649981756232659,1.2710168506560355,1.797995433743196
2020-03-11,10458.400390625,0,1,0.5969395582982682,-0.08301938801064712,14,GradientBoosting_Shallow,-0.08301938801064712,1.1654978095633515,1.6487269531878979
2020-03-12,9590.150390625,1,1,0.6332223482074747,0.03806507612689369,14,GradientBoosting_Shallow,0.03806507612689369,1.2098625724101082,1.7114858701734568
2020-03-13,9955.2001953125,0,1,0.6178031270222293,-0.07612100106679087,14,GradientBoosting_Shallow,-0.07612100106679087,1.117766622245008,1.5812058524241857
2020-03-16,9197.400390625,0,1,0.5851798246264361,-0.02504518409052825,14,GradientBoosting_Shallow,-0.02504518409052825,1.0897719514206339,1.5416042607652012
2020-03-17,8967.0498046875,0,1,0.5492946809430649,-0.05556454027271507,14,GradientBoosting_Shallow,-0.05556454027271507,1.0292192739378467,1.455945728733324
2020-03-18,8468.7998046875,0,1,0.5844385130397243,-0.024247781753128472,14,GradientBoosting_Shallow,-0.024247781753128472,1.0042629896072885,1.4206422744585987
2020-03-19,8263.4501953125,1,1,0.598008926707162,0.058329146858465686,14,GradientBoosting_Shallow,0.058329146858465686,1.0628407930126138,1.503507126318839
2020-03-20,8745.4501953125,0,0,0.48288742329041345,-0.12980466070471242,14,GradientBoosting_Shallow,0.0,1.0628407930126138,1.308344893919905
2020-03-23,7610.25,1,1,0.6443610905997949,0.02507142402516349,14,GradientBoosting_Shallow,0.02507142402516349,1.089487725205474,1.3411469635265285
2020-03-24,7801.0498046875,1,1,0.5648366759114245,0.06624746894667499,14,GradientBoosting_Shallow,0.06624746894667499,1.1616635294488071,1.4299945553456797
2020-03-25,8317.849609375,1,1,0.5364403875821211,0.038904356430389475,14,GradientBoosting_Shallow,0.038904356430389475,1.2068573014506678,1.4856275732203643
2020-03-26,8641.4501953125,1,1,0.5539703854475783,0.0021755381634551707,14,GradientBoosting_Shallow,0.0021755381634551707,1.2094828655678183,1.4888596127025866
2020-03-27,8660.25,0,0,0.5063446383691184,-0.04378053643081892,14,GradientBoosting_Shallow,0.0,1.2094828655678183,1.423676540188286
2020-03-30,8281.099609375,1,1,0.5853611006434931,0.03823772271336057,14,GradientBoosting_Shallow,0.03823772271336057,1.2557307360079613,1.4781146889655223
2020-03-31,8597.75,0,1,0.5248839366159509,-0.04000467509668226,14,GradientBoosting_Shallow,-0.04000467509668226,1.205495635905045,1.418983191077823
2020-04-01,8253.7998046875,0,1,0.5749684541774522,-0.020596574186770744,14,GradientBoosting_Shallow,-0.020596574186770744,1.1806665556082985,1.389756998513008
2020-04-03,8083.7998046875,1,1,0.5532154686991593,0.08763210467115035,14,GradientBoosting_Shallow,0.08763210467115035,1.2841308507910913,1.5115443292741637
2020-04-07,8792.2001953125,0,1,0.5534558036878237,-0.004941902407507137,14,GradientBoosting_Shallow,-0.004941902407507137,1.2777848014480127,1.5040744247142699
2020-04-08,8748.75,1,1,0.5973873417997548,0.04150883161880259,14,GradientBoosting_Shallow,0.04150883161880259,1.3308241556163833,1.566506796751882
2020-04-09,9111.900390625,0,1,0.6156448988186599,-0.01295567073707915,14,GradientBoosting_Shallow,-0.01295567073707915,1.313582436047266,1.546211650485768
2020-04-13,8993.849609375,0,1,0.6117594625450895,-0.007621853562688519,14,GradientBoosting_Shallow,-0.007621853562688519,1.3035705030771942,1.5344266517088425
2020-04-15,8925.2998046875,1,0,0.4671056655222394,0.007562771164790316,14,GradientBoosting_Shallow,0.0,1.3035705030771942,1.5460311693448718
2020-04-16,8992.7998046875,1,1,0.5543333847937486,0.03046328187687486,14,GradientBoosting_Shallow,0.03046328187687486,1.3432815387588144,1.5931283526470592
2020-04-17,9266.75,0,1,0.587865575475684,-0.0005288143766692954,14,GradientBoosting_Shallow,-0.0005288143766692954,1.3425711921692043,1.5922858834703
2020-04-20,9261.849609375,0,1,0.6423510671390774,-0.030274667144095657,14,GradientBoosting_Shallow,-0.030274667144095657,1.30192529620903,1.5440799583499945
2020-04-21,8981.4501953125,1,1,0.6636056096970665,0.02291941778872575,14,GradientBoosting_Shallow,0.02291941778872575,1.3317646660025553,1.5794693720146162
2020-04-22,9187.2998046875,1,1,0.5311695460615853,0.01377995587701486,14,GradientBoosting_Shallow,0.01377995587701486,1.3501163243386378,1.601234390270074
2020-04-23,9313.900390625,0,1,0.5473608543165274,-0.017124941572334906,14,GradientBoosting_Shallow,-0.017124941572334906,1.326995661168483,1.5738133448930858
2020-04-24,9154.400390625,1,1,0.6063323998913288,0.013971358975458648,14,GradientBoosting_Shallow,0.013971358975458648,1.345535593909544,1.5958016560949544
2020-04-27,9282.2998046875,1,1,0.5245653166509824,0.010622430648890235,14,GradientBoosting_Shallow,0.010622430648890235,1.3598284524414614,1.6127529485162073
2020-04-28,9380.900390625,1,1,0.5551313313505448,0.018383013524196468,14,GradientBoosting_Shallow,0.018383013524196468,1.38482619727328,1.6424002077799684
2020-04-29,9553.349609375,1,1,0.631118608195967,0.03208830345213909,14,GradientBoosting_Shallow,0.03208830345213909,1.4292629205198568,1.6951020440370683
2020-04-30,9859.900390625,0,1,0.5918359316578362,-0.05744483901313502,14,GradientBoosting_Shallow,-0.05744483901313502,1.3471591421431504,1.597727180006523
2020-05-04,9293.5,0,1,0.5301657644413027,-0.009458265521601117,14,GradientBoosting_Shallow,-0.009458265521601117,1.3344173532769081,1.5826154521069422
2020-05-05,9205.599609375,1,0,0.4864055071280571,0.007093593467121684,14,GradientBoosting_Shallow,0.0,1.3344173532769081,1.5938418827389738
2020-05-06,9270.900390625,0,1,0.5200895985800827,-0.007750119504051356,14,GradientBoosting_Shallow,-0.007750119504051356,1.3240754593207322,1.5814894176771845
2020-05-07,9199.0498046875,1,0,0.5152411564926651,0.0057016970693835045,14,GradientBoosting_Shallow,0.0,1.3240754593207322,1.5905065912552157
2020-05-08,9251.5,0,1,0.5500291243825901,-0.0013294930214019507,14,GradientBoosting_Shallow,-0.0013294930214019507,1.3223151102377557,1.588392023841648
2020-05-11,9239.2001953125,0,0,0.5002489697592806,-0.004616242718351149,14,GradientBoosting_Shallow,0.0,1.3223151102377557,1.581059620727702
2020-05-12,9196.5498046875,1,0,0.4460756056159457,0.02033371253039773,14,GradientBoosting_Shallow,0.0,1.3223151102377557,1.6132084325489986
2020-05-13,9383.5498046875,0,1,0.5615432185823913,-0.025661909373274727,14,GradientBoosting_Shallow,-0.025661909373274727,1.2883819797159226,1.5718104239527235
2020-05-14,9142.75,0,1,0.5392598422337158,-0.0006453627874545287,14,GradientBoosting_Shallow,-0.0006453627874545287,1.287550505930187,1.5707960359961712
2020-05-15,9136.849609375,0,1,0.5289262032859893,-0.034322509703259896,14,GradientBoosting_Shallow,-0.034322509703259896,1.243358541196961,1.5168823738088504
2020-05-18,8823.25,1,1,0.5464456840139588,0.00632982284022332,14,GradientBoosting_Shallow,0.00632982284022332,1.2512287804896163,1.526483970504518
2020-05-19,8879.099609375,1,0,0.5184467704799433,0.021111396826158035,14,GradientBoosting_Shallow,0.0,1.2512287804896163,1.558710179354608
2020-05-20,9066.5498046875,1,0,0.4772068734237985,0.004378754451001221,14,GradientBoosting_Shallow,0.0,1.2512287804896163,1.565535388490278
2020-05-21,9106.25,0,1,0.5433470776594971,-0.0073575840768702605,14,GradientBoosting_Shallow,-0.0073575840768702605,1.242022759537764,1.554016830244145
2020-05-22,9039.25,0,1,0.5249272286834796,-0.0011284338094974533,14,GradientBoosting_Shallow,-0.0011284338094974533,1.2406212190637362,1.5522632251123696
2020-05-26,9029.0498046875,1,1,0.5369815723799338,0.03166450477176164,14,GradientBoosting_Shallow,0.03166450477176164,1.2799048755747287,1.6014148714109704
2020-05-27,9314.9501953125,1,1,0.6073840530588774,0.018803043536468778,14,GradientBoosting_Shallow,0.018803043536468778,1.3039709826726988,1.6315263449580595
2020-05-28,9490.099609375,1,1,0.5879608660171608,0.009504662651105722,14,GradientBoosting_Shallow,0.009504662651105722,1.3163647869698336,1.6470334524732775
2020-05-29,9580.2998046875,1,1,0.5744523532977599,0.025662097319460564,14,GradientBoosting_Shallow,0.025662097319460564,1.3501454682409644,1.6892997852190539
2020-06-01,9826.150390625,1,1,0.6321342120690934,0.015565527970742954,14,GradientBoosting_Shallow,0.015565527970742954,1.3711611952914409,1.715594628276851
2020-06-02,9979.099609375,1,1,0.6605731189594601,0.008262288035990828,14,GradientBoosting_Shallow,0.008262288035990828,1.3824901240307121,1.729769365248673
2020-06-03,10061.5498046875,0,1,0.5805814149995785,-0.003225168681009971,14,GradientBoosting_Shallow,-0.003225168681009971,1.3780313601808827,1.7241905672665025
2020-06-04,10029.099609375,1,0,0.473525764915819,0.011272276241460544,14,GradientBoosting_Shallow,0.0,1.3780313601808827,1.743626119633651
2020-06-05,10142.150390625,1,1,0.5335388142396122,0.002494520758722585,14,GradientBoosting_Shallow,0.002494520758722585,1.3814688880150245,1.7479756311845283
2020-06-08,10167.4501953125,0,0,0.507511343242718,-0.011881032349997822,14,GradientBoosting_Shallow,0.0,1.3814688880150245,1.727207876163417
2020-06-09,10046.650390625,1,0,0.5032036817866545,0.006917728526201428,14,GradientBoosting_Shallow,0.0,1.3814688880150245,1.7391562313590325
2020-06-10,10116.150390625,0,1,0.534773647853114,-0.021169158460066062,14,GradientBoosting_Shallow,-0.021169158460066062,1.3522243542169832,1.7023397575105819
2020-06-11,9902.0,1,0,0.5181927464886215,0.00716020911179549,14,GradientBoosting_Shallow,0.0,1.3522243542169832,1.7145288661536808
2020-06-12,9972.900390625,0,1,0.5222851418136109,-0.015963279394844432,14,GradientBoosting_Shallow,-0.015963279394844432,1.3306384190461045,1.6871593628327437
2020-06-15,9813.7001953125,1,0,0.5163063212028225,0.010220386061458031,14,GradientBoosting_Shallow,0.0,1.3306384190461045,1.7044027828680979
2020-06-16,9914.0,0,0,0.4961886541386258,-0.0033134566648174157,14,GradientBoosting_Shallow,0.0,1.3306384190461045,1.6987553181076702
2020-06-17,9881.150390625,1,1,0.533918840726452,0.021303187551898528,14,GradientBoosting_Shallow,0.021303187551898528,1.3589852588508053,1.7349442212541029
2020-06-18,10091.650390625,1,1,0.6090320173061,0.015136275444292302,14,GradientBoosting_Shallow,0.015136275444292302,1.379555234053504,1.7612048148674881
2020-06-19,10244.400390625,1,1,0.6369566818927979,0.006520616350433883,14,GradientBoosting_Shallow,0.006520616350433883,1.388550784469,1.772688955779776
2020-06-22,10311.2001953125,1,1,0.6235172376152274,0.015497691991291696,14,GradientBoosting_Shallow,0.015497691991291696,1.410070116840967,1.8001615432128155
2020-06-23,10471.0,0,1,0.7017742376206477,-0.015824677233549855,14,GradientBoosting_Shallow,-0.015824677233549855,1.387756212365285,1.7716745678232237
2020-06-24,10305.2998046875,0,0,0.4261964572866494,-0.001591357298992957,14,GradientBoosting_Shallow,0.0,1.387756212365285,1.768855200568278
2020-06-25,10288.900390625,1,0,0.4760196083524544,0.00914574014738645,14,GradientBoosting_Shallow,0.0,1.387756212365285,1.7850326905910288
2020-06-26,10383.0,0,0,0.5147534323332504,-0.006799538608783573,14,GradientBoosting_Shallow,0.0,1.387756212365285,1.7728952918934142
2020-06-29,10312.400390625,0,0,0.4883063598077752,-0.0009988732845714887,14,GradientBoosting_Shallow,0.0,1.387756212365285,1.7711243941499992
2020-06-30,10302.099609375,1,1,0.5435310116678622,0.012419817334717198,14,GradientBoosting_Shallow,0.012419817334717198,1.4049918910279808,1.793121435602404
2020-07-01,10430.0498046875,1,1,0.5447643374026973,0.011663452514898642,14,GradientBoosting_Shallow,0.011663452514898642,1.4213789472328033,1.8140354223199995
2020-07-02,10551.7001953125,1,1,0.6590147153636994,0.005273976044848361,14,GradientBoosting_Shallow,0.005273976044848361,1.428875265751161,1.8236026016818216
2020-07-03,10607.349609375,1,1,0.5380529009565986,0.014735139974255018,14,GradientBoosting_Shallow,0.014735139974255018,1.4499299427977552,1.850473641275019
2020-07-06,10763.650390625,1,1,0.6162560275793294,0.003344590235981215,14,GradientBoosting_Shallow,0.003344590235981215,1.4547793643272935,1.8566627173475678
2020-07-07,10799.650390625,0,1,0.5677030675229897,-0.00869476207364206,14,GradientBoosting_Shallow,-0.00869476207364206,1.4421304038848235,1.840519476769229
2020-07-08,10705.75,1,0,0.4759973256367822,0.010060032721901813,14,GradientBoosting_Shallow,0.0,1.4421304038848235,1.859035162930825
2020-07-09,10813.4501953125,0,1,0.5459214202729527,-0.004198511095439339,14,GradientBoosting_Shallow,-0.004198511095439339,1.4360756033830426,1.8512299831724481
2020-07-10,10768.0498046875,1,1,0.5630145263964557,0.003217889149241815,15,GradientBoosting_Shallow,0.003217889149241815,1.4406967354846598,1.8571870360480498
2020-07-13,10802.7001953125,0,1,0.5699492488361387,-0.01808349601540049,15,GradientBoosting_Shallow,-0.01808349601540049,1.4146439018091226,1.8236026016818214
2020-07-14,10607.349609375,1,1,0.590763120701233,0.0010229309240368245,15,GradientBoosting_Shallow,0.0010229309240368245,1.4160909848027832,1.8254680211762357
2020-07-15,10618.2001953125,1,0,0.5220330445712604,0.011466161662100571,15,GradientBoosting_Shallow,0.0,1.4160909848027832,1.8463991326160374
2020-07-16,10739.9501953125,1,0,0.5414057523470894,0.01506059125586967,15,GradientBoosting_Shallow,0.0,1.4160909848027832,1.8742069952475597
2020-07-17,10901.7001953125,1,1,0.6432873074995618,0.011053321760931656,15,GradientBoosting_Shallow,0.011053321760931656,1.431743494100563,1.89492320821262
2020-07-20,11022.2001953125,1,1,0.6085382940268479,0.012706156865764484,15,GradientBoosting_Shallow,0.012706156865764484,1.4499354515281424,1.9190003997447471
2020-07-21,11162.25,0,1,0.5891409262023979,-0.0026563094918139463,15,GradientBoosting_Shallow,-0.0026563094918139463,1.4460839742257308,1.9139029407681103
2020-07-22,11132.599609375,1,0,0.5168084023008614,0.007442159858846331,15,GradientBoosting_Shallow,0.0,1.4460839742257308,1.9281465124076227
2020-07-23,11215.4501953125,0,1,0.5894873454389297,-0.0018991484351116306,15,GradientBoosting_Shallow,-0.0018991484351116306,1.44333764610904,1.9244846759759178
2020-07-24,11194.150390625,0,0,0.48379354028682164,-0.005569925698846956,15,GradientBoosting_Shallow,0.0,1.44333764610904,1.9137654393221624
2020-07-27,11131.7998046875,1,1,0.5761626352005611,0.0151592736988444,15,GradientBoosting_Shallow,0.0151592736988444,1.4652175965262526,1.9427767334122361
2020-07-28,11300.5498046875,0,1,0.6105649262855639,-0.008645614328603224,15,GradientBoosting_Shallow,-0.008645614328603224,1.4525498902792036,1.9259802350485704
2020-07-29,11202.849609375,0,1,0.5671799771686541,-0.008988714680747911,15,GradientBoosting_Shallow,-0.008988714680747911,1.4394933337559321,1.908668148234959
2020-07-30,11102.150390625,0,0,0.4803857037481546,-0.002585102372305803,15,GradientBoosting_Shallow,0.0,1.4394933337559321,1.9037340456770122
2020-07-31,11073.4501953125,0,0,0.5332999849423001,-0.016422215545293994,15,GradientBoosting_Shallow,0.0,1.4394933337559321,1.8724705148379897
2020-08-03,10891.599609375,1,0,0.4924035938265296,0.018697932161379383,15,GradientBoosting_Shallow,0.0,1.4394933337559321,1.9074818414986134
2020-08-04,11095.25,1,1,0.654617140013471,0.0005768586219327965,15,GradientBoosting_Shallow,0.0005768586219327965,1.440323717896724,1.9085821888450623
2020-08-05,11101.650390625,1,0,0.5416123714760226,0.008872554668374333,15,GradientBoosting_Shallow,0.0,1.440323717896724,1.9255161886546757
2020-08-06,11200.150390625,1,1,0.5944611315556897,0.0012410024488720417,15,GradientBoosting_Shallow,0.0012410024488720417,1.4421111631578023,1.927905758960139
2020-08-07,11214.0498046875,1,1,0.6360378353145022,0.005002705259437024,15,GradientBoosting_Shallow,0.005002705259437024,1.4493256202584246,1.9375505032401878
2020-08-10,11270.150390625,1,0,0.5379578034733352,0.004644978776729314,15,GradientBoosting_Shallow,0.0,1.4493256202584246,1.9465503842065797
2020-08-11,11322.5,0,0,0.49151693215162934,-0.0012452735151247118,15,GradientBoosting_Shallow,0.0,1.4493256202584246,1.9441263965672715
2020-08-12,11308.400390625,0,0,0.5184039589505424,-0.0007030344733010008,15,GradientBoosting_Shallow,0.0,1.4493256202584246,1.9427596086900303
2020-08-13,11300.4501953125,0,0,0.5205164885675139,-0.010800437378868932,15,GradientBoosting_Shallow,0.0,1.4493256202584246,1.9217769551941777
2020-08-14,11178.400390625,1,0,0.4940887728681945,0.0061457110453491115,15,GradientBoosting_Shallow,0.0,1.4493256202584246,1.933587641054412
2020-08-17,11247.099609375,1,0,0.48943098475911717,0.012292057935075373,15,GradientBoosting_Shallow,0.0,1.4493256202584246,1.9573554123607986
2020-08-18,11385.349609375,1,1,0.6123719258281034,0.002024600213507588,15,GradientBoosting_Shallow,0.002024600213507588,1.452259925218642,1.9613182745465745
2020-08-19,11408.400390625,0,0,0.5059829929636784,-0.008432399987605033,15,GradientBoosting_Shallow,0.0,1.452259925218642,1.9447796543525984
2020-08-20,11312.2001953125,1,0,0.49427752872950703,0.005250916093857194,15,GradientBoosting_Shallow,0.0,1.452259925218642,1.9549915291386444
2020-08-21,11371.599609375,1,0,0.5333794262434448,0.008341006471886514,15,GradientBoosting_Shallow,0.0,1.452259925218642,1.9712981261356732
2020-08-24,11466.4501953125,1,1,0.5510003123304371,0.0005058064691958464,15,GradientBoosting_Shallow,0.0005058064691958464,1.4529944876837713,1.9722952214805862
2020-08-25,11472.25,1,0,0.5147187186446576,0.0067423225064831005,15,GradientBoosting_Shallow,0.0,1.4529944876837713,1.9855930719418038
2020-08-26,11549.599609375,1,0,0.5325021712282967,0.0008355606212675504,15,GradientBoosting_Shallow,0.0,1.4529944876837713,1.98725215532258
2020-08-27,11559.25,1,0,0.4808598015262073,0.007643195654994939,15,GradientBoosting_Shallow,0.0,1.4529944876837713,2.0024411123615207
2020-08-28,11647.599609375,0,0,0.5171572696520644,-0.022330747801946216,15,GradientBoosting_Shallow,0.0,1.4529944876837713,1.957725104893127
2020-08-31,11387.5,1,1,0.553938657995678,0.007266739846322645,15,GradientBoosting_Shallow,0.007266739846322645,1.46355302062391,1.9719513839210001
2020-09-01,11470.25,1,0,0.49978219922846306,0.005645038251127943,15,GradientBoosting_Shallow,0.0,1.46355302062391,1.9830831249125989
2020-09-02,11535.0,0,1,0.5555418280467211,-0.0006545127600779965,15,GradientBoosting_Shallow,-0.0006545127600779965,1.462595106496861,1.9817851717030481
2020-09-03,11527.4501953125,0,0,0.5474576220857296,-0.016794744948559814,15,GradientBoosting_Shallow,0.0,1.462595106496861,1.9485015952014577
2020-09-04,11333.849609375,1,0,0.5275512769201316,0.0018705202595032944,15,GradientBoosting_Shallow,0.0,1.462595106496861,1.9521463069109566
2020-09-07,11355.0498046875,0,0,0.5473757705633534,-0.0033201259317187093,15,GradientBoosting_Shallow,0.0,1.462595106496861,1.9456649353348725
2020-09-08,11317.349609375,0,0,0.5473757705633534,-0.003476927967516641,15,GradientBoosting_Shallow,0.0,1.462595106496861,1.9388999985057902
2020-09-09,11278.0,1,0,0.48516508580126727,0.015184429863450921,15,GradientBoosting_Shallow,0.0,1.462595106496861,1.9683410895453464
2020-09-10,11449.25,1,1,0.6110100789917877,0.0013276149365679668,15,GradientBoosting_Shallow,0.0013276149365679668,1.4645368696063974,1.9709542885760873
2020-09-11,11464.4501953125,0,0,0.5089533994723398,-0.0021283524468515003,15,GradientBoosting_Shallow,0.0,1.4645368696063974,1.966759403193364
2020-09-14,11440.0498046875,1,0,0.5467510405790053,0.007145947910690342,15,GradientBoosting_Shallow,0.0,1.4645368696063974,1.9808137634414442
2020-09-15,11521.7998046875,1,0,0.5344489723420605,0.0071820376506051,15,GradientBoosting_Shallow,0.0,1.4645368696063974,1.9950400424693175
2020-09-16,11604.5498046875,0,0,0.5360478302056314,-0.007622027291120936,15,GradientBoosting_Shallow,0.0,1.4645368696063974,1.9798337928187373
2020-09-17,11516.099609375,0,1,0.5793260397485033,-0.0009681588767627147,15,GradientBoosting_Shallow,-0.0009681588767627147,1.4631189652357417,1.977916999157705
2020-09-18,11504.9501953125,0,0,0.47756617160004894,-0.02211225483867385,15,GradientBoosting_Shallow,0.0,1.4631189652357417,1.9341807944225848
2020-09-21,11250.5498046875,0,0,0.5405272361784891,-0.00861286032635733,15,GradientBoosting_Shallow,0.0,1.4631189652357417,1.9175219653943003
2020-09-22,11153.650390625,0,0,0.4675156210005661,-0.0019545871070447696,15,GradientBoosting_Shallow,0.0,1.4631189652357417,1.9137740016832654
2020-09-23,11131.849609375,0,0,0.4777242219819179,-0.029312272096516434,15,GradientBoosting_Shallow,0.0,1.4631189652357417,1.8576769374146864
2020-09-24,10805.5498046875,1,0,0.5200270929348564,0.022645788482354545,15,GradientBoosting_Shallow,0.0,1.4631189652357417,1.8997454964079277
2020-09-25,11050.25,1,1,0.5917742666947715,0.016044868187371275,15,GradientBoosting_Shallow,0.016044868187371275,1.4865945161753922,1.930226662487345
2020-09-28,11227.5498046875,0,1,0.6330791481740018,-0.0004586409458945395,15,GradientBoosting_Shallow,-0.0004586409458945395,1.4859127030603319,1.9293413815050708
2020-09-29,11222.400390625,1,1,0.5667461677722497,0.002241001317642377,15,GradientBoosting_Shallow,0.002241001317642377,1.4892426353857915,1.9336650380832057
2020-09-30,11247.5498046875,1,0,0.5394790923404492,0.015061092732783665,15,GradientBoosting_Shallow,0.0,1.4892426353857915,1.9627881465359185
2020-10-01,11416.9501953125,1,1,0.5565386886530713,0.0075676439490797165,15,GradientBoosting_Shallow,0.0075676439490797165,1.5005126934041804,1.9776418283763764
2020-10-05,11503.349609375,1,1,0.5686887608050208,0.013826475474619793,15,GradientBoosting_Shallow,0.013826475474619793,1.521259495358889,2.0049856446140044
2020-10-06,11662.400390625,1,1,0.6049753130581552,0.006555187284725372,15,GradientBoosting_Shallow,0.006555187284725372,1.5312316362596332,2.018128701017635
2020-10-07,11738.849609375,1,0,0.5319817311759423,0.008156676606839941,15,GradientBoosting_Shallow,0.0,1.5312316362596332,2.034589924182818
2020-10-08,11834.599609375,1,0,0.4233232187801882,0.0067260903253916204,15,GradientBoosting_Shallow,0.0,1.5312316362596332,2.0482747597880033
2020-10-09,11914.2001953125,1,0,0.41021842571524075,0.0014058853909966196,15,GradientBoosting_Shallow,0.0,1.5312316362596332,2.0511543993495365
2020-10-12,11930.9501953125,1,0,0.4803692039229326,0.0002975290843887368,15,GradientBoosting_Shallow,0.0,1.5312316362596332,2.0517646774399148
2020-10-13,11934.5,1,0,0.4453330316001752,0.0030625333853533387,15,GradientBoosting_Shallow,0.0,1.5312316362596332,2.058048275263463
2020-10-14,11971.0498046875,0,0,0.40463013948053467,-0.02428360085835335,15,GradientBoosting_Shallow,0.0,1.5312316362596332,2.0080714523997427
2020-10-15,11680.349609375,1,1,0.5771966012405676,0.007028949362235082,15,GradientBoosting_Shallow,0.007028949362235082,1.5419945858927546,2.02218608495441
2020-10-16,11762.4501953125,1,1,0.5509920962136313,0.009402769621849272,15,GradientBoosting_Shallow,0.009402769621849272,1.556493605742043,2.0412002348437457
2020-10-19,11873.0498046875,1,0,0.48716636901304544,0.002000328507897331,15,GradientBoosting_Shallow,0.0,1.556493605742043,2.0452833058638302
2020-10-20,11896.7998046875,1,0,0.5215001157258359,0.0034337457642519276,15,GradientBoosting_Shallow,0.0,1.556493605742043,2.0523062887520354
2020-10-21,11937.650390625,0,0,0.45647699715090695,-0.0034512817819539743,15,GradientBoosting_Shallow,0.0,1.556493605742043,2.045223201446676
2020-10-22,11896.4501953125,1,0,0.4733707963204408,0.0028495402835257977,15,GradientBoosting_Shallow,0.0,1.556493605742043,2.0510511473479998
2020-10-23,11930.349609375,0,0,0.4633336173690679,-0.013629073304543216,15,GradientBoosting_Shallow,0.0,1.556493605742043,2.0230972209094262
2020-10-26,11767.75,1,0,0.49661412810655514,0.010337608346965288,15,GradientBoosting_Shallow,0.0,1.556493605742043,2.0440112076270216
2020-10-27,11889.400390625,0,0,0.48091279247259244,-0.013440608945763599,15,GradientBoosting_Shallow,0.0,1.556493605742043,2.0165384523045486
2020-10-28,11729.599609375,0,0,0.49845272705103716,-0.005012942184360991,15,GradientBoosting_Shallow,0.0,1.556493605742043,2.006429661630605
2020-10-29,11670.7998046875,0,1,0.5505565593559909,-0.002433373422367602,15,GradientBoosting_Shallow,-0.002433373422367602,1.5527060755697453,2.0015472690181433
2020-10-30,11642.400390625,1,0,0.5459881841777876,0.002297636149117599,15,GradientBoosting_Shallow,0.0,1.5527060755697453,2.006146096377607
2020-11-02,11669.150390625,1,0,0.5343036079613023,0.01237019016319918,15,GradientBoosting_Shallow,0.0,1.5527060755697453,2.0309625050849576
2020-11-03,11813.5,1,0,0.48293527405550013,0.008041647267956087,15,GradientBoosting_Shallow,0.0,1.5527060755697453,2.0472947891652953
2020-11-04,11908.5,1,0,0.5166062049887707,0.017785598915690537,15,GradientBoosting_Shallow,0.0,1.5527060755697453,2.0837071531475724
2020-11-05,12120.2998046875,1,1,0.5636389802238705,0.011819014571289532,15,GradientBoosting_Shallow,0.011819014571289532,1.5710575313018338,2.108334518352924
2020-11-06,12263.5498046875,1,1,0.6253728375154164,0.016104635537461442,15,GradientBoosting_Shallow,0.016104635537461442,1.5963588402518338,2.142288477362047
2020-11-09,12461.0498046875,1,0,0.5445765465386263,0.01364650710436388,15,GradientBoosting_Shallow,0.0,1.5963588402518338,2.171523232287965
2020-11-10,12631.099609375,1,1,0.5564431715816048,0.009346041508720315,15,GradientBoosting_Shallow,0.009346041508720315,1.61127847623564,2.191818378554079
2020-11-11,12749.150390625,0,0,0.5262067665111289,-0.004576821525331454,15,GradientBoosting_Shallow,0.0,1.61127847623564,2.1817868170194954
2020-11-12,12690.7998046875,1,0,0.4627950161145374,0.002296970330761372,15,GradientBoosting_Shallow,0.0,1.61127847623564,2.1867983166062355
2020-11-13,12719.9501953125,1,0,0.4905864982950463,0.012126619808373373,15,GradientBoosting_Shallow,0.0,1.61127847623564,2.21331678838931
2020-11-17,12874.2001953125,1,0,0.4644546838572153,0.004975051165572175,15,GradientBoosting_Shallow,0.0,1.61127847623564,2.2243281526571668
2020-11-18,12938.25,0,0,0.45462003611973784,-0.01287266861341374,15,GradientBoosting_Shallow,0.0,1.61127847623564,2.1956951134605243
2020-11-19,12771.7001953125,1,0,0.46262797915608744,0.00683930941371913,15,GradientBoosting_Shallow,0.0,1.61127847623564,2.210712151719672
2020-11-20,12859.0498046875,1,0,0.48204665734254737,0.005241475198302092,15,GradientBoosting_Shallow,0.0,1.61127847623564,2.2222995446334957
2020-11-23,12926.4501953125,1,0,0.4849077005370815,0.0099563448098976,15,GradientBoosting_Shallow,0.0,1.61127847623564,2.2444255251707452
2020-11-24,13055.150390625,0,0,0.5165968819452001,-0.015070680468092346,15,GradientBoosting_Shallow,0.0,1.61127847623564,2.210600505246467
2020-11-25,12858.400390625,1,0,0.5045675965363805,0.010001213639976747,15,GradientBoosting_Shallow,0.0,1.61127847623564,2.2327091931720773
2020-11-26,12987.0,0,1,0.5665672245689152,-0.001389836350773832,15,GradientBoosting_Shallow,-0.001389836350773832,1.6090390628381483,2.2296060927747
2020-11-27,12968.9501953125,1,0,0.5253327901298581,0.010802694687318537,15,GradientBoosting_Shallow,0.0,1.6090390628381483,2.2536918466679303
2020-12-01,13109.0498046875,1,1,0.5604625997671205,0.0003585458429504751,15,GradientBoosting_Shallow,0.0003585458429504751,1.6096159771052738,2.2544998985108444
2020-12-02,13113.75,1,0,0.47097334800720164,0.0015365849299400214,15,GradientBoosting_Shallow,0.0,1.6096159771052738,2.2579641290794474
2020-12-03,13133.900390625,1,0,0.44834980315030964,0.009490662358873525,15,GradientBoosting_Shallow,0.0,1.6096159771052738,2.2793937042469885
2020-12-04,13258.5498046875,1,0,0.5295638266303905,0.007331133249439903,15,GradientBoosting_Shallow,0.0,1.6096159771052738,2.2961042432207575
2020-12-07,13355.75,1,1,0.5638888323335274,0.002785331809333158,15,GradientBoosting_Shallow,0.002785331809333158,1.614099291687116,2.3024996554069452
2020-12-08,13392.9501953125,1,0,0.4703394053607361,0.010165752285866914,15,GradientBoosting_Shallow,0.0,1.614099291687116,2.3259062965421062
2020-12-09,13529.099609375,0,0,0.5034593875636009,-0.0037548548058806697,15,GradientBoosting_Shallow,0.0,1.614099291687116,2.317172856106507
2020-12-10,13478.2998046875,1,0,0.4565294802139242,0.002637558535026452,15,GradientBoosting_Shallow,0.0,1.614099291687116,2.323284535150262
2020-12-11,13513.849609375,1,0,0.44614798299538755,0.0032781762806703973,15,GradientBoosting_Shallow,0.0,1.614099291687116,2.33090067140664
2020-12-14,13558.150390625,1,0,0.4809702222358845,0.0007153791977927426,15,GradientBoosting_Shallow,0.0,1.614099291687116,2.3325681492590853
2020-12-15,13567.849609375,1,0,0.4891831121072611,0.008464907059269056,15,GradientBoosting_Shallow,0.0,1.614099291687116,2.352313121851975
2020-12-16,13682.7001953125,1,0,0.4741974038201801,0.004238929390550483,15,GradientBoosting_Shallow,0.0,1.614099291687116,2.362284411079971
2020-12-17,13740.7001953125,1,0,0.4818627450181121,0.0014445849987885229,15,GradientBoosting_Shallow,0.0,1.614099291687116,2.3656969317030887
2020-12-18,13760.5498046875,0,0,0.4593768490382216,-0.0314049525779333,15,GradientBoosting_Shallow,0.0,1.614099291687116,2.291402331749191
2020-12-21,13328.400390625,1,0,0.5051543325751663,0.010346283876607965,15,GradientBoosting_Shallow,0.0,1.614099291687116,2.3151098307489897
2020-12-22,13466.2998046875,1,1,0.588442220098206,0.010010159185716239,15,GradientBoosting_Shallow,0.010010159185716239,1.630256682538456,2.3382844486872036
2020-12-23,13601.099609375,1,1,0.5949021727453099,0.01089253037474136,15,GradientBoosting_Shallow,0.01089253037474136,1.6480143029716312,2.3637542830693143
2020-12-24,13749.25,1,1,0.6014850029948968,0.009015051389166695,15,GradientBoosting_Shallow,0.009015051389166695,1.6628712366030023,2.385063649402547
2020-12-28,13873.2001953125,1,0,0.5471029064501337,0.004281594241144937,15,GradientBoosting_Shallow,0.0,1.6628712366030023,2.3952755241885932
2020-12-29,13932.599609375,1,0,0.4609181589424847,0.003542094606974411,15,GradientBoosting_Shallow,0.0,1.6628712366030023,2.4037598167050396
2020-12-30,13981.9501953125,0,0,0.48435994810192723,-1.4318125132972703e-05,15,GradientBoosting_Shallow,0.0,1.6628712366030023,2.4037253993711944
2020-12-31,13981.75,1,0,0.44873666379955274,0.0026284263414808606,15,GradientBoosting_Shallow,0.0,1.6628712366030023,2.4100434145285883
2021-01-01,14018.5,1,0,0.43614341138420726,0.00816067272711063,15,GradientBoosting_Shallow,0.0,1.6628712366030023,2.4297109900926843
2021-01-04,14132.900390625,1,0,0.4941597224126794,0.004712380865514287,15,GradientBoosting_Shallow,0.0,1.6628712366030023,2.441160713671127
2021-01-05,14199.5,0,0,0.5216450174373118,-0.0037501320469031096,15,GradientBoosting_Shallow,0.0,1.6628712366030023,2.432006038647148
2021-01-06,14146.25,0,0,0.4404138747938432,-0.0006291696120880319,15,GradientBoosting_Shallow,0.0,1.6628712366030023,2.4304758943512166
2021-01-07,14137.349609375,1,0,0.47740624705641344,0.014847223590326086,15,GradientBoosting_Shallow,0.0,1.6628712366030023,2.4665617133855466
2021-01-08,14347.25,1,0,0.5113394522079006,0.009583718134137165,15,GradientBoosting_Shallow,0.0,1.6628712366030023,2.490200545607088
2021-01-11,14484.75,1,1,0.6263745147868637,0.005433314024232416,16,VotingEnsemble(HGB+ET+LR),0.005433314024232416,1.67190613821333,2.503730587154686
2021-01-12,14563.4501953125,1,1,0.6136110922058281,9.609083312889233e-05,16,VotingEnsemble(HGB+ET+LR),9.609083312889233e-05,1.6720667930670643,2.503971172712736
2021-01-13,14564.849609375,1,1,0.6127713428739807,0.002111247340323086,16,VotingEnsemble(HGB+ET+LR),0.002111247340323086,1.6755969396367696,2.5092576751913716
2021-01-14,14595.599609375,0,1,0.5924955247015956,-0.011092344158201595,16,VotingEnsemble(HGB+ET+LR),-0.011092344158201595,1.6570106417118893,2.48142412547654
2021-01-15,14433.7001953125,0,1,0.6057224600733108,-0.010558650142566628,16,VotingEnsemble(HGB+ET+LR),-0.010558650142566628,1.6395148460635436,2.4552236362803086
2021-01-18,14281.2998046875,1,1,0.5729290998388593,0.016794730817062842,16,VotingEnsemble(HGB+ET+LR),0.016794730817062842,1.667050056573759,2.4964584563473267
2021-01-19,14521.150390625,1,1,0.6335676438612777,0.008508265623863087,16,VotingEnsemble(HGB+ET+LR),0.008508265623863087,1.6812337612633645,2.517698988012869
2021-01-20,14644.7001953125,0,1,0.6436284593886131,-0.0037112802046228577,16,VotingEnsemble(HGB+ET+LR),-0.0037112802046228577,1.6749942316858442,2.508355101597458
2021-01-21,14590.349609375,0,1,0.6067007563774637,-0.014972171647596122,16,VotingEnsemble(HGB+ET+LR),-0.014972171647596122,1.6499159305403104,2.4707995784632173
2021-01-22,14371.900390625,0,1,0.6000622213998906,-0.009254169343308138,16,VotingEnsemble(HGB+ET+LR),-0.009254169343308138,1.6346473291168686,2.4479343807507443
2021-01-25,14238.900390625,0,1,0.5929506352043371,-0.019060488041877988,16,VotingEnsemble(HGB+ET+LR),-0.019060488041877988,1.6034901532475487,2.401275556759143
2021-01-27,13967.5,0,1,0.5688921862509003,-0.010735650281904374,16,VotingEnsemble(HGB+ET+LR),-0.010735650281904374,1.5862756437318057,2.3754963021512916
2021-01-28,13817.5498046875,0,1,0.5501203806999663,-0.013240422354072856,16,VotingEnsemble(HGB+ET+LR),-0.013240422354072856,1.5652726842388178,2.3440437278102704
2021-01-29,13634.599609375,1,1,0.5392954470412009,0.047423511101338356,16,VotingEnsemble(HGB+ET+LR),0.047423511101338356,1.639503410756439,2.4552065115581034
2021-02-01,14281.2001953125,1,1,0.6398685603372071,0.02567357148195737,16,VotingEnsemble(HGB+ET+LR),0.02567357148195737,1.6815953187674073,2.5182404314355575
2021-02-02,14647.849609375,1,1,0.6495495647123913,0.009701122671723184,16,VotingEnsemble(HGB+ET+LR),0.009701122671723184,1.6979086812389654,2.542670190777807
2021-02-03,14789.9501953125,1,1,0.6552226706839542,0.0071467580293813615,16,VotingEnsemble(HGB+ET+LR),0.0071467580293813615,1.7100432237397662,2.560842039379817
2021-02-04,14895.650390625,1,1,0.6289665601267651,0.0019199973566108586,16,VotingEnsemble(HGB+ET+LR),0.0019199973566108586,1.713326502209037,2.565758849326124
2021-02-05,14924.25,1,1,0.6251817191776627,0.01283480273296811,16,VotingEnsemble(HGB+ET+LR),0.01283480273296811,1.735316709882056,2.598689858017592
2021-02-08,15115.7998046875,0,1,0.6332227410896484,-0.0004300136336804483,16,VotingEnsemble(HGB+ET+LR),-0.0004300136336804483,1.7345705000380534,2.5975723859489372
2021-02-09,15109.2998046875,0,1,0.605665856949868,-0.00018530340410816137,16,VotingEnsemble(HGB+ET+LR),-0.00018530340410816137,1.7342490782197306,2.5970910469434036
2021-02-10,15106.5,1,1,0.5935599936268182,0.004421924647502795,16,VotingEnsemble(HGB+ET+LR),0.004421924647502795,1.7419177969636195,2.6085751878556915
2021-02-11,15173.2998046875,0,1,0.6013475457904828,-0.0006590524229219685,16,VotingEnsemble(HGB+ET+LR),-0.0006590524229219685,1.7407697818189998,2.606856000057761
2021-02-12,15163.2998046875,1,1,0.6127501699416896,0.00998465984153385,16,VotingEnsemble(HGB+ET+LR),0.00998465984153385,1.7581507759528836,2.632884570474199
2021-02-15,15314.7001953125,0,1,0.5943127113027664,-8.162092525865194e-05,16,VotingEnsemble(HGB+ET+LR),-8.162092525865194e-05,1.758007274059806,2.632669671999458
2021-02-16,15313.4501953125,0,1,0.6013657096974644,-0.006827318687430917,16,VotingEnsemble(HGB+ET+LR),-0.006827318687430917,1.746004798144978,2.6146955971499835
2021-02-17,15208.900390625,0,1,0.6005273345723078,-0.005914312869584326,16,VotingEnsemble(HGB+ET+LR),-0.005914312869584326,1.7356783794969532,2.599231469329714
2021-02-18,15118.9501953125,0,1,0.59191864223681,-0.009074717063029758,16,VotingEnsemble(HGB+ET+LR),-0.009074717063029758,1.7199275892906003,2.5756441791642235
2021-02-19,14981.75,0,1,0.5932988886635538,-0.020428174591586412,16,VotingEnsemble(HGB+ET+LR),-0.020428174591586412,1.6847926082116855,2.5230284701864534
2021-02-22,14675.7001953125,1,1,0.5699518568642975,0.0021872625461001327,16,VotingEnsemble(HGB+ET+LR),0.0021872625461001327,1.6884776919815734,2.5285469958620364
2021-02-23,14707.7998046875,1,1,0.5774099810459863,0.01864318245786234,16,VotingEnsemble(HGB+ET+LR),0.01864318245786234,1.7199562896692162,2.575687158859172
2021-02-24,14982.0,1,1,0.6264878615208803,0.007699213013950157,16,VotingEnsemble(HGB+ET+LR),0.007699213013950157,1.7331985995180628,2.5955179229525247
2021-02-25,15097.349609375,0,1,0.5983668633960879,-0.03763569324758598,16,VotingEnsemble(HGB+ET+LR),-0.03763569324758598,1.6679684686894554,2.497833806585672
2021-02-26,14529.150390625,1,1,0.5768157232036235,0.015995389118723446,16,VotingEnsemble(HGB+ET+LR),0.015995389118723446,1.6946482733839046,2.537787630275912
2021-03-01,14761.5498046875,1,1,0.6347605971648088,0.010672985341787733,16,VotingEnsemble(HGB+ET+LR),0.010672985341787733,1.712735229565217,2.564873400454417
2021-03-02,14919.099609375,1,1,0.6281481931026275,0.021884698711632122,16,VotingEnsemble(HGB+ET+LR),0.021884698711632122,1.75021792403705,2.6210048820568415
2021-03-03,15245.599609375,0,1,0.675236906427294,-0.010812930524138231,16,VotingEnsemble(HGB+ET+LR),-0.010812930524138231,1.7312929392223357,2.592664138363734
2021-03-04,15080.75,0,1,0.6297361408523837,-0.009459104528952489,16,VotingEnsemble(HGB+ET+LR),-0.009459104528952489,1.7149164583399943,2.5681398572704848
2021-03-05,14938.099609375,1,1,0.6079408833188625,0.0012117060677612201,16,VotingEnsemble(HGB+ET+LR),0.0012117060677612201,1.7169944330182685,2.571251687918399
2021-03-08,14956.2001953125,1,1,0.6164523874590183,0.00950777560179139,16,VotingEnsemble(HGB+ET+LR),0.00950777560179139,1.7333192307969312,2.5956985719828545
2021-03-09,15098.400390625,1,1,0.6003933922525614,0.005060099883821945,16,VotingEnsemble(HGB+ET+LR),0.005060099883821945,1.7420899992353132,2.608833066025382
2021-03-10,15174.7998046875,0,1,0.612106328369124,-0.009479506235763657,16,VotingEnsemble(HGB+ET+LR),-0.009479506235763657,1.7255758462243005,2.584102616707928
2021-03-12,15030.9501953125,0,1,0.5939129047468578,-0.006749419963093084,16,VotingEnsemble(HGB+ET+LR),-0.006749419963093084,1.713929210159963,2.5666614229200384
2021-03-15,14929.5,0,1,0.5783574963700201,-0.001275984104457617,16,VotingEnsemble(HGB+ET+LR),-0.001275984104457617,1.7117422637316333,2.563386403742868
2021-03-16,14910.4501953125,0,1,0.5995245475331558,-0.012685759862868795,16,VotingEnsemble(HGB+ET+LR),-0.012685759862868795,1.6900275124268103,2.5308678993892433
2021-03-17,14721.2998046875,0,1,0.5795255242373928,-0.011102973071742905,16,VotingEnsemble(HGB+ET+LR),-0.011102973071742905,1.6712631824658308,2.502767741254186
2021-03-18,14557.849609375,1,1,0.5422285185263975,0.012786942826028547,16,VotingEnsemble(HGB+ET+LR),0.012786942826028547,1.6926335292272678,2.534770489268432
2021-03-19,14744.0,0,1,0.5742238434125717,-0.000515437423697751,16,VotingEnsemble(HGB+ET+LR),-0.000515437423697751,1.6917610825616984,2.533463973697778
2021-03-22,14736.400390625,1,1,0.566622132874998,0.00531673999743143,16,VotingEnsemble(HGB+ET+LR),0.00531673999743143,1.7007557363754522,2.546933742938789
2021-03-23,14814.75,0,1,0.5719330842438439,-0.017911176994211853,16,VotingEnsemble(HGB+ET+LR),-0.017911176994211853,1.6702931993573102,2.5013151618764815
2021-03-24,14549.400390625,0,1,0.555405540602827,-0.015430189146808937,16,VotingEnsemble(HGB+ET+LR),-0.015430189146808937,1.6445202593605983,2.4627193958129463
2021-03-25,14324.900390625,1,1,0.5415281773291699,0.012733031929623273,16,VotingEnsemble(HGB+ET+LR),0.012733031929623273,1.6654599883319492,2.494077280513535
2021-03-26,14507.2998046875,1,1,0.5780575027965776,0.02328481586755049,16,VotingEnsemble(HGB+ET+LR),0.02328481586755049,1.7042399174950313,2.5521514107497336
2021-03-30,14845.099609375,0,1,0.6112795145055957,-0.010400699094332388,16,VotingEnsemble(HGB+ET+LR),-0.010400699094332388,1.6865146309286156,2.5256072518833497
2021-03-31,14690.7001953125,1,1,0.5732108248336766,0.012024574166918489,16,VotingEnsemble(HGB+ET+LR),0.012024574166918489,1.70679425119181,2.5559766036001283
2021-04-01,14867.349609375,0,1,0.6362107510981364,-0.015439860548026041,16,VotingEnsemble(HGB+ET+LR),-0.015439860548026041,1.6804415859692359,2.516512681276525
2021-04-05,14637.7998046875,1,1,0.552860810301385,0.003122067245233451,16,VotingEnsemble(HGB+ET+LR),0.003122067245233451,1.6856880376023187,2.524369403090953
2021-04-06,14683.5,1,1,0.5710625702068415,0.009231436965811968,16,VotingEnsemble(HGB+ET+LR),0.009231436965811968,1.7012493604654677,2.547672960114012
2021-04-07,14819.0498046875,1,1,0.6039623142717768,0.0036945688638336804,16,VotingEnsemble(HGB+ET+LR),0.0036945688638336804,1.7075347433822603,2.55708551330768
2021-04-08,14873.7998046875,0,1,0.5737183647553432,-0.0026187118170183377,16,VotingEnsemble(HGB+ET+LR),-0.0026187118170183377,1.7030632019717957,2.550389243256855
2021-04-09,14834.849609375,0,1,0.5607998166498523,-0.03532558930400764,16,VotingEnsemble(HGB+ET+LR),-0.03532558930400764,1.6429014907401718,2.4602952402842044
2021-04-12,14310.7998046875,1,1,0.5171413857627071,0.013556195506029933,16,VotingEnsemble(HGB+ET+LR),0.013556195506029933,1.6651729845457937,2.493647483564052
2021-04-13,14504.7998046875,1,1,0.5339528270985671,0.005284484560774683,16,VotingEnsemble(HGB+ET+LR),0.005284484560774683,1.673972565473645,2.506825125190961
2021-04-15,14581.4501953125,1,1,0.5624018881096071,0.002496282165007191,16,VotingEnsemble(HGB+ET+LR),0.002496282165007191,1.6781512733335482,2.5130828680417667
2021-04-16,14617.849609375,0,1,0.556556137058378,-0.017676978554819645,16,VotingEnsemble(HGB+ET+LR),-0.017676978554819645,1.6484866292630878,2.4686591560769076
2021-04-19,14359.4501953125,0,1,0.5301818390948084,-0.004390823034999047,16,VotingEnsemble(HGB+ET+LR),-0.004390823034999047,1.6412484161984315,2.457819710588844
2021-04-20,14296.400390625,1,1,0.5095468068767248,0.007676757575422188,16,VotingEnsemble(HGB+ET+LR),0.007676757575422188,1.6538478824106324,2.4766877966711287
2021-04-22,14406.150390625,0,1,0.5216239182952181,-0.004498133053794207,16,VotingEnsemble(HGB+ET+LR),-0.004498133053794207,1.6464086545848136,2.4655473254289935
2021-04-23,14341.349609375,1,1,0.5174311166377448,0.010016518287169873,16,VotingEnsemble(HGB+ET+LR),0.010016518287169873,1.662899936981617,2.4902435253020356
2021-04-26,14485.0,1,1,0.5355583124636176,0.011601643402658013,16,VotingEnsemble(HGB+ET+LR),0.011601643402658013,1.6821923090647803,2.519134442668368
2021-04-27,14653.0498046875,1,1,0.5670761123773762,0.014433855260107098,16,VotingEnsemble(HGB+ET+LR),0.014433855260107098,1.7064728293734868,2.555495264594594
2021-04-28,14864.5498046875,1,1,0.6038144472229664,0.0020418099664161193,16,VotingEnsemble(HGB+ET+LR),0.0020418099664161193,1.7099571226039199,2.560713100294972
2021-04-29,14894.900390625,0,1,0.5836253819810965,-0.017710812045177438,16,VotingEnsemble(HGB+ET+LR),-0.017710812045177438,1.6796723934001694,2.5153607918740244
2021-04-30,14631.099609375,1,1,0.5285871822550191,0.00020851346320172048,16,VotingEnsemble(HGB+ET+LR),0.00020851346320172048,1.6800226277079615,2.51588527846394
2021-05-03,14634.150390625,0,1,0.5471215955961252,-0.00940610742344028,16,VotingEnsemble(HGB+ET+LR),-0.00940610742344028,1.66422015439793,2.492220591269656
2021-05-04,14496.5,1,1,0.5426343072120852,0.0083709591539336,16,VotingEnsemble(HGB+ET+LR),0.0083709591539336,1.6781512733335482,2.5130828680417667
2021-05-05,14617.849609375,1,1,0.5504060865366985,0.0073164109749706,16,VotingEnsemble(HGB+ET+LR),0.0073164109749706,1.6904293177274266,2.5314696151185183
2021-05-06,14724.7998046875,1,1,0.5622637280118067,0.006679247748155426,16,VotingEnsemble(HGB+ET+LR),0.006679247748155426,1.7017201139412734,2.5483779278448226
2021-05-07,14823.150390625,1,1,0.581113231378713,0.008041422748121585,16,VotingEnsemble(HGB+ET+LR),0.008041422748121585,1.7154043647764567,2.568870512084605
2021-05-10,14942.349609375,0,1,0.5958416474026254,-0.006130201191218876,16,VotingEnsemble(HGB+ET+LR),-0.006130201191218876,1.704888590896082,2.5531228190113366
2021-05-11,14850.75,0,1,0.537602664747113,-0.0103866808073666,16,VotingEnsemble(HGB+ET+LR),-0.0103866808073666,1.6871804572903235,2.526604347228262
2021-05-12,14696.5,0,1,0.5248377185264388,-0.0012724250884564858,16,VotingEnsemble(HGB+ET+LR),-0.0012724250884564858,1.6850336465477138,2.5233894324682455
2021-05-14,14677.7998046875,1,1,0.5254507247939526,0.01671576048197254,16,VotingEnsemble(HGB+ET+LR),0.01671576048197254,1.7132002653874703,2.565569805824125
2021-05-17,14923.150390625,1,1,0.5805573824943371,0.012393443335275034,16,VotingEnsemble(HGB+ET+LR),0.012393443335275034,1.734432715798528,2.597366049835299
2021-05-18,15108.099609375,0,1,0.6046050695526048,-0.005159432408138875,16,VotingEnsemble(HGB+ET+LR),-0.005159432408138875,1.7254840274349008,2.583965115261979
2021-05-19,15030.150390625,0,1,0.5392919076925958,-0.00825677606093067,16,VotingEnsemble(HGB+ET+LR),-0.00825677606093067,1.7112370922236582,2.562629893956004
2021-05-20,14906.0498046875,1,1,0.5509384433310797,0.01806313567497475,16,VotingEnsemble(HGB+ET+LR),0.01806313567497475,1.7421473999925434,2.6089190254152776
2021-05-21,15175.2998046875,1,1,0.6198394300676696,0.001476108604989923,16,VotingEnsemble(HGB+ET+LR),0.001476108604989923,1.7447189987608331,2.612770073238415
2021-05-24,15197.7001953125,1,1,0.5615442309602131,0.0007073438653115716,16,VotingEnsemble(HGB+ET+LR),0.0007073438653115716,1.7459531150412992,2.61461820012119
2021-05-25,15208.4501953125,1,1,0.5819966660936213,0.006115021504864648,16,VotingEnsemble(HGB+ET+LR),0.006115021504864648,1.7566296558862622,2.6306066466419415
2021-05-26,15301.4501953125,1,1,0.5850384843969638,0.002378821196545866,16,VotingEnsemble(HGB+ET+LR),0.002378821196545866,1.7608083637461656,2.636864389492748
2021-05-27,15337.849609375,1,1,0.5752226980481887,0.006376433707514062,16,VotingEnsemble(HGB+ET+LR),0.006376433707514062,1.7720360415492293,2.653678180468053
2021-05-28,15435.650390625,1,1,0.542874886323152,0.009533088035724946,16,VotingEnsemble(HGB+ET+LR),0.009533088035724946,1.7889290171357957,2.6789759281809373
2021-05-31,15582.7998046875,0,1,0.5730473772151884,-0.0005101904286871628,16,VotingEnsemble(HGB+ET+LR),-0.0005101904286871628,1.7880163226736523,2.677609140303696
2021-06-01,15574.849609375,1,1,0.5943909814113201,8.67158252806366e-05,16,VotingEnsemble(HGB+ET+LR),8.67158252806366e-05,1.7881713719846881,2.6778413313900766
2021-06-02,15576.2001953125,1,1,0.5954523733653994,0.0073284506253876724,16,VotingEnsemble(HGB+ET+LR),0.0073284506253876724,1.8012758975940097,2.6974657593697913
2021-06-03,15690.349609375,0,1,0.5947124461644769,-0.001281017305247989,16,VotingEnsemble(HGB+ET+LR),-0.001281017305247989,1.7989684319976658,2.6940102590517245
2021-06-04,15670.25,1,1,0.5911700234156246,0.0051945814919991395,16,VotingEnsemble(HGB+ET+LR),0.0051945814919991395,1.8083133201192116,2.7080045148826506
2021-06-07,15751.650390625,0,1,0.5738126953868427,-0.0007333060957773752,16,VotingEnsemble(HGB+ET+LR),-0.0007333060957773752,1.8069872729384928,2.7060187186644944
2021-06-08,15740.099609375,0,1,0.5835049499641649,-0.006654976944212576,16,VotingEnsemble(HGB+ET+LR),-0.006654976944212576,1.7949618142986017,2.6880102264811745
2021-06-09,15635.349609375,1,1,0.59667511857748,0.0065492869160790335,16,VotingEnsemble(HGB+ET+LR),0.0065492869160790335,1.806717534223849,2.7056147766877543
2021-06-10,15737.75,1,1,0.592911547689557,0.003914130633349666,16,VotingEnsemble(HGB+ET+LR),0.003914130633349666,1.8137892626703647,2.7162049063672313
2021-06-11,15799.349609375,1,1,0.6040006047724154,0.0007911718082738162,16,VotingEnsemble(HGB+ET+LR),0.0007911718082738162,1.8152242816011392,2.7183538911146443
2021-06-14,15811.849609375,1,1,0.5996435889447124,0.003630213545097627,16,VotingEnsemble(HGB+ET+LR),0.003630213545097627,1.8218139333755978,2.7282220962305375
2021-06-15,15869.25,0,1,0.5872673424734716,-0.006408632752808119,16,VotingEnsemble(HGB+ET+LR),-0.006408632752808119,1.8101385969326447,2.7107379227476995
2021-06-16,15767.5498046875,0,1,0.5909650559254841,-0.0048295020472909345,16,VotingEnsemble(HGB+ET+LR),-0.0048295020472909345,1.8013965288728782,2.69764640840012
2021-06-17,15691.400390625,0,1,0.5901205016300614,-0.000513069646403852,16,VotingEnsemble(HGB+ET+LR),-0.000513069646403852,1.8004722869927763,2.69626232791124
2021-06-18,15683.349609375,1,1,0.5774547449793026,0.004026588209654625,16,VotingEnsemble(HGB+ET+LR),0.004026588209654625,1.8077220474753912,2.707119066010943
2021-06-21,15746.5,1,1,0.5772013879292301,0.0016670371193598932,16,VotingEnsemble(HGB+ET+LR),0.0016670371193598932,1.810735587230018,2.71163193398051
2021-06-22,15772.75,0,1,0.5608791447509384,-0.005439749231269109,16,VotingEnsemble(HGB+ET+LR),-0.005439749231269109,1.8008856397113517,2.696881336252155
2021-06-23,15686.9501953125,1,1,0.5627378934218745,0.006597840798329813,16,VotingEnsemble(HGB+ET+LR),0.006597840798329813,1.8127675964581655,2.7146749299607333
2021-06-24,15790.4501953125,1,1,0.5732193685990512,0.0044266891189239654,16,VotingEnsemble(HGB+ET+LR),0.0044266891189239654,1.8207921550525448,2.726691951934606
2021-06-25,15860.349609375,0,1,0.5762948136592824,-0.0028782098242977616,16,VotingEnsemble(HGB+ET+LR),-0.0028782098242977616,1.8155515331838683,2.718843960370714
2021-06-28,15814.7001953125,0,1,0.5660908566128593,-0.0041891404314852165,16,VotingEnsemble(HGB+ET+LR),-0.0041891404314852165,1.8079459328507628,2.707454341209426
2021-06-29,15748.4501953125,0,1,0.53419971799804,-0.0017112919035373597,16,VotingEnsemble(HGB+ET+LR),-0.0017112919035373597,1.804852009613842,2.702821096516117
2021-06-30,15721.5,0,1,0.5515873613408807,-0.002639697229908089,16,VotingEnsemble(HGB+ET+LR),-0.002639697229908089,1.8000877467636704,2.6956864671547063
2021-07-01,15680.0,1,1,0.5515219178903372,0.002691338986766656,16,VotingEnsemble(HGB+ET+LR),0.002691338986766656,1.8049323930961365,2.702941473239859
2021-07-02,15722.2001953125,1,1,0.5638129345958581,0.007133188273225066,16,VotingEnsemble(HGB+ET+LR),0.007133188273225066,1.817807315676534,2.722222063659987
2021-07-05,15834.349609375,0,1,0.56247599016499,-0.0010167521731027085,16,VotingEnsemble(HGB+ET+LR),-0.0010167521731027085,1.8159590561380379,2.7194542384610925
2021-07-06,15818.25,1,1,0.5078923594203227,0.0038816171589777237,16,VotingEnsemble(HGB+ET+LR),0.0038816171589777237,1.8230079139703443,2.730010118696158
2021-07-07,15879.650390625,0,1,0.5430000671378646,-0.0095562557277451,16,VotingEnsemble(HGB+ET+LR),-0.0095562557277451,1.8055867841507407,2.7039214438625656
2021-07-08,15727.900390625,0,1,0.5453144861181074,-0.0024224839292732447,16,VotingEnsemble(HGB+ET+LR),-0.0024224839292732447,1.8012127791832273,2.6973712376187913
2021-07-09,15689.7998046875,1,1,0.55879704468646,0.00017844744498685117,16,VotingEnsemble(HGB+ET+LR),0.00017844744498685117,1.8015342010015503,2.6978525766243253
2021-07-12,15692.599609375,1,1,0.5638480211640621,0.007630985495128417,17,VotingEnsemble(HGB+ET+LR),0.007630985495128417,1.8152816823583708,2.71843985050454
2021-07-13,15812.349609375,1,1,0.5283067424091353,0.0026308921169333477,17,VotingEnsemble(HGB+ET+LR),0.0026308921169333477,1.820057492626501,2.72559177247759
2021-07-14,15853.9501953125,1,1,0.5603329778926519,0.004431072328003882,17,VotingEnsemble(HGB+ET+LR),0.004431072328003882,1.8281222990174544,2.7376690667580506
2021-07-15,15924.2001953125,0,1,0.5251253021031129,-5.0225736783704455e-05,17,VotingEnsemble(HGB+ET+LR),-5.0225736783704455e-05,1.8280304802280556,2.7375315653121026
2021-07-16,15923.400390625,0,1,0.5116846665639266,-0.010738912280361723,17,VotingEnsemble(HGB+ET+LR),-0.010738912280361723,1.808399421255059,2.708133453967495
2021-07-19,15752.400390625,0,1,0.49636452255161306,-0.0076369809214345,17,VotingEnsemble(HGB+ET+LR),-0.0076369809214345,1.7945887093766009,2.6874514904468465
2021-07-20,15632.099609375,1,1,0.49105009470657923,0.012279233123449584,17,VotingEnsemble(HGB+ET+LR),0.012279233123449584,1.8166248824997466,2.7204513338060052
2021-07-22,15824.0498046875,1,1,0.5616820760846373,0.002022238326785386,17,VotingEnsemble(HGB+ET+LR),0.002022238326785386,1.8202985309625297,2.725952734759382
2021-07-23,15856.0498046875,0,1,0.5266830428033181,-0.0019929055322251976,17,VotingEnsemble(HGB+ET+LR),-0.0019929055322251976,1.816670847949873,2.720520168473696
2021-07-26,15824.4501953125,0,1,0.49499495192285736,-0.004929081202650898,17,VotingEnsemble(HGB+ET+LR),-0.004929081202650898,1.8077163298218395,2.7071105036498397
2021-07-27,15746.4501953125,0,1,0.48541397308612316,-0.002352898858342667,17,VotingEnsemble(HGB+ET+LR),-0.002352898858342667,1.8034629561331943,2.7007409464363947
2021-07-28,15709.400390625,1,1,0.4826382479086297,0.004395444954646832,17,VotingEnsemble(HGB+ET+LR),0.004395444954646832,1.8113899782846223,2.7126119046032167
2021-07-29,15778.4501953125,0,1,0.50842472525855,-0.000976039499086867,17,VotingEnsemble(HGB+ET+LR),-0.000976039499086867,1.8096219901175665,2.7099642882386306
2021-07-30,15763.0498046875,1,1,0.5061031685434331,0.007746000136419795,17,VotingEnsemble(HGB+ET+LR),0.007746000136419795,1.8236393222998855,2.73095567198502
2021-08-02,15885.150390625,1,1,0.53569425869959,0.015460955882416139,17,VotingEnsemble(HGB+ET+LR),0.015460955882416139,1.8518345294074032,2.7731788571464144
2021-08-03,16130.75,1,1,0.6235813485419482,0.007938242467802281,17,VotingEnsemble(HGB+ET+LR),0.007938242467802281,1.8665348409120877,2.7951930233210254
2021-08-04,16258.7998046875,1,1,0.5877433060487439,0.0022018725316477195,17,VotingEnsemble(HGB+ET+LR),0.0022018725316477195,1.8706447127076555,2.8013476820597294
2021-08-05,16294.599609375,0,1,0.5933816886435673,-0.003461233501561467,17,VotingEnsemble(HGB+ET+LR),-0.003461233501561467,1.864169974558513,2.7916515636130628
2021-08-06,16238.2001953125,1,1,0.552352632254775,0.0012347307242392969,17,VotingEnsemble(HGB+ET+LR),0.0012347307242392969,1.8664717225013048,2.7950985015700267
2021-08-09,16258.25,1,1,0.5795610518551443,0.0013439090538649445,17,VotingEnsemble(HGB+ET+LR),0.0013439090538649445,1.8689800907479572,2.798854859752731
2021-08-10,16280.099609375,1,1,0.5753437137515354,0.00013208706805212245,17,VotingEnsemble(HGB+ET+LR),0.00013208706805212245,1.8692269588483919,2.799224552285059
2021-08-11,16282.25,1,1,0.5780235012589955,0.005045395484346349,17,VotingEnsemble(HGB+ET+LR),0.005045395484346349,1.878657948105784,2.8133477472008295
2021-08-12,16364.400390625,1,1,0.5430068279064457,0.010064482340847336,17,VotingEnsemble(HGB+ET+LR),0.010064482340847336,1.897565667848987,2.8416626359211947
2021-08-13,16529.099609375,1,1,0.6068627564185766,0.002054024277023725,17,VotingEnsemble(HGB+ET+LR),0.002054024277023725,1.9014633137979955,2.847499479962488
2021-08-16,16563.05078125,1,1,0.5625692016337699,0.0031122785775283823,17,VotingEnsemble(HGB+ET+LR),0.0031122785775283823,1.907381197335485,2.8563616915934986
2021-08-17,16614.599609375,0,1,0.5354315348234624,-0.00275360231817956,17,VotingEnsemble(HGB+ET+LR),-0.00275360231817956,1.9021290280488499,2.8484964074179673
2021-08-18,16568.849609375,0,1,0.5595455321596859,-0.007142898400624986,17,VotingEnsemble(HGB+ET+LR),-0.007142898400624986,1.8885423136566173,2.8281498869852353
2021-08-20,16450.5,1,1,0.5198140849095572,0.0027931806783987323,17,VotingEnsemble(HGB+ET+LR),0.0027931806783987323,1.8938173535574614,2.836049420605178
2021-08-23,16496.44921875,1,1,0.5529067460594855,0.007768362083601765,17,VotingEnsemble(HGB+ET+LR),0.007768362083601765,1.9085292124801043,2.858080879391428
2021-08-24,16624.599609375,1,1,0.5754768906546496,0.0006045728309951315,17,VotingEnsemble(HGB+ET+LR),0.0006045728309951315,1.9096830573891304,2.8598087974398947
2021-08-25,16634.650390625,1,1,0.5445763637365827,0.00013525983096518424,17,VotingEnsemble(HGB+ET+LR),0.00013525983096518424,1.90994136079667,2.860195614694429
2021-08-26,16636.900390625,1,1,0.5567929396080714,0.004105261588480014,17,VotingEnsemble(HGB+ET+LR),0.004105261588480014,1.9177821697013977,2.8719374658869734
2021-08-27,16705.19921875,1,1,0.5633630529926842,0.013519836521704187,17,VotingEnsemble(HGB+ET+LR),0.013519836521704187,1.9437102711199998,2.9107655909263226
2021-08-30,16931.05078125,1,1,0.6036612276196492,0.011880446175423387,17,VotingEnsemble(HGB+ET+LR),0.011880446175423387,1.9668024163766586,2.945346784858597
2021-08-31,17132.19921875,0,1,0.5930732579030314,-0.00326573477436376,17,VotingEnsemble(HGB+ET+LR),-0.00326573477436376,1.9603793613311946,2.935728063440724
2021-09-01,17076.25,1,1,0.6073743885921122,0.009246783727399066,17,VotingEnsemble(HGB+ET+LR),0.009246783727399066,1.978506565309081,2.9628741059258163
2021-09-02,17234.150390625,1,1,0.618717433917265,0.005190230833697296,17,VotingEnsemble(HGB+ET+LR),0.005190230833697296,1.9887754710890206,2.9782521064667558
2021-09-03,17323.599609375,1,1,0.6046220219147812,0.0031287476677577253,17,VotingEnsemble(HGB+ET+LR),0.0031287476677577253,1.9949978477058843,2.987570305798858
2021-09-06,17377.80078125,0,1,0.5797975276641345,-0.0009035189246697772,17,VotingEnsemble(HGB+ET+LR),-0.0009035189246697772,1.9931953293958065,2.9848709794887873
2021-09-07,17362.099609375,0,1,0.5743314835548019,-0.0004953092983268625,17,VotingEnsemble(HGB+ET+LR),-0.0004953092983268625,1.992208081215775,2.9833925451383405
2021-09-08,17353.5,1,1,0.5678329329102738,0.0009075978909154347,17,VotingEnsemble(HGB+ET+LR),0.0009075978909154347,1.994016205068551,2.986100265920081
2021-09-09,17369.25,0,1,0.5465038126530887,-0.000803098507419775,17,VotingEnsemble(HGB+ET+LR),-0.000803098507419775,1.9924148136304896,2.983702133253515
2021-09-13,17355.30078125,1,1,0.5281109004557377,0.001423151293159064,17,VotingEnsemble(HGB+ET+LR),0.001423151293159064,1.9952503213490171,2.9879483928028563
2021-09-14,17380.0,1,1,0.5249544710327851,0.00802354538262362,17,VotingEnsemble(HGB+ET+LR),0.00802354538262362,2.0112593028520553,3.011922332333447
2021-09-15,17519.44921875,1,1,0.5839966822170961,0.006281634763507293,17,VotingEnsemble(HGB+ET+LR),0.006281634763507293,2.0238932992072782,3.030842128361217
2021-09-16,17629.5,0,1,0.5903081144381812,-0.002515647600612625,17,VotingEnsemble(HGB+ET+LR),-0.002515647600612625,2.0188018968852313,3.0232175976331694
2021-09-17,17585.150390625,0,1,0.5705506323448081,-0.010705054879733056,17,VotingEnsemble(HGB+ET+LR),-0.010705054879733056,1.9971905117877657,2.9908538873371318
2021-09-20,17396.900390625,1,1,0.5280841893208215,0.00949017386246398,17,VotingEnsemble(HGB+ET+LR),0.00949017386246398,2.016144196981095,3.0192376107251873
2021-09-21,17562.0,0,1,0.5566765164630554,-0.0008740239935656202,17,VotingEnsemble(HGB+ET+LR),-0.0008740239935656202,2.0143820385784457,3.016598724611138
2021-09-22,17546.650390625,1,1,0.5520821367866661,0.015746528367181822,17,VotingEnsemble(HGB+ET+LR),0.015746528367181822,2.0461015624912626,3.0640996820006317
2021-09-23,17822.94921875,1,1,0.6371770634757775,0.0016972499684944076,17,VotingEnsemble(HGB+ET+LR),0.0016972499684944076,2.0495743083037374,3.069300225089371
2021-09-24,17853.19921875,1,1,0.5677781105416122,0.00010644538279747096,17,VotingEnsemble(HGB+ET+LR),0.00010644538279747096,2.049792476025557,3.069626937926751
2021-09-27,17855.099609375,0,1,0.5603725393072033,-0.0059646824901542495,17,VotingEnsemble(HGB+ET+LR),-0.0059646824901542495,2.037566114735357,3.0513175878787933
2021-09-28,17748.599609375,0,1,0.5333472545248419,-0.0021015082285871234,17,VotingEnsemble(HGB+ET+LR),-0.0021015082285871234,2.0332841527789505,3.0449052188598333
2021-09-29,17711.30078125,0,1,0.5338972412950059,-0.005259376020738893,17,VotingEnsemble(HGB+ET+LR),-0.005259376020738893,2.0225903468624766,3.0288909173663394
2021-09-30,17618.150390625,0,1,0.4803048705484221,-0.004886983449795879,17,VotingEnsemble(HGB+ET+LR),-0.004886983449795879,2.012705981311643,3.014088777581933
2021-10-01,17532.05078125,1,1,0.5303452760024495,0.009080467581137563,17,VotingEnsemble(HGB+ET+LR),0.009080467581137563,2.030982292725305,3.0414581130134364
2021-10-04,17691.25,1,1,0.5903512999938543,0.007407660919946268,17,VotingEnsemble(HGB+ET+LR),0.007407660919946268,2.0460271208842293,3.0639882034168595
2021-10-05,17822.30078125,0,1,0.5642967360547102,-0.009892144870289554,17,VotingEnsemble(HGB+ET+LR),-0.009892144870289554,2.025787524195901,3.033678788227802
2021-10-06,17646.0,1,1,0.5417190233222885,0.008180302016037588,17,VotingEnsemble(HGB+ET+LR),0.008180302016037588,2.0423590779641447,3.058495196935152
2021-10-07,17790.349609375,1,1,0.5432599816259026,0.005893622760496431,17,VotingEnsemble(HGB+ET+LR),0.005893622760496431,2.054395971911141,3.076520813840678
2021-10-08,17895.19921875,1,1,0.563096958616657,0.0028359561343596074,17,VotingEnsemble(HGB+ET+LR),0.0028359561343596074,2.060222148770086,3.0852456919151745
2021-10-11,17945.94921875,1,1,0.5504144537863435,0.0025632525445875576,17,VotingEnsemble(HGB+ET+LR),0.0025632525445875576,2.0655030184353365,3.0931539557856538
2021-10-12,17991.94921875,1,1,0.5401496796925912,0.00943759784921161,17,VotingEnsemble(HGB+ET+LR),0.00943759784921161,2.0849964052796617,3.122345898906057
2021-10-13,18161.75,1,1,0.5720104972952317,0.009734787740718787,17,VotingEnsemble(HGB+ET+LR),0.009734787740718787,2.105293402725221,3.1527412734850113
2021-10-14,18338.55078125,1,1,0.5683005925721824,0.007552396132719963,17,VotingEnsemble(HGB+ET+LR),0.007552396132719963,2.1211934124782035,3.1765520244863463
2021-10-18,18477.05078125,0,1,0.5296938006615696,-0.003155307734996393,17,VotingEnsemble(HGB+ET+LR),-0.003155307734996393,2.1145003944963876,3.166529025312866
2021-10-19,18418.75,0,1,0.5853929977039581,-0.008260625212080042,17,VotingEnsemble(HGB+ET+LR),-0.008260625212080042,2.0970332992266574,3.1403715158115837
2021-10-20,18266.599609375,0,1,0.5703015767733651,-0.004844908296702255,17,VotingEnsemble(HGB+ET+LR),-0.004844908296702255,2.086873365196773,3.1251567037999006
2021-10-21,18178.099609375,0,1,0.565674225351576,-0.003476668084567369,17,VotingEnsemble(HGB+ET+LR),-0.003476668084567369,2.0796179991714596,3.1142915712285277
2021-10-22,18114.900390625,1,1,0.5634672895082021,0.000579633328010587,17,VotingEnsemble(HGB+ET+LR),0.000579633328010587,2.08082341507331,3.116096718416354
2021-10-25,18125.400390625,1,1,0.5333162192489102,0.007889480889700096,17,VotingEnsemble(HGB+ET+LR),0.007889480889700096,2.0972400316413715,3.1406811039267573
2021-10-26,18268.400390625,0,1,0.573349320054689,-0.0031448386638428527,17,VotingEnsemble(HGB+ET+LR),-0.0031448386638428527,2.090644550102507,3.130804168560328
2021-10-27,18210.94921875,0,1,0.5599887604115997,-0.0194223384240636,17,VotingEnsemble(HGB+ET+LR),-0.0194223384240636,2.0500393441259916,3.0699966304590802
2021-10-28,17857.25,0,1,0.543106047472126,-0.010393515763905459,17,VotingEnsemble(HGB+ET+LR),-0.010393515763905459,2.028732227886192,3.0380885720852673
2021-10-29,17671.650390625,1,1,0.5485286278888487,0.014599655057507821,17,VotingEnsemble(HGB+ET+LR),0.014599655057507821,2.0583510186173797,3.0824436172718688
2021-11-01,17929.650390625,0,1,0.613974719120347,-0.002270048271341696,17,VotingEnsemble(HGB+ET+LR),-0.002270048271341696,2.053678462445753,3.0754463214669725
2021-11-02,17888.94921875,0,1,0.5773888369624575,-0.0033400508475575075,17,VotingEnsemble(HGB+ET+LR),-0.0033400508475575075,2.0468190719566506,3.0651741743743393
2021-11-03,17829.19921875,1,1,0.5707862727752947,0.004913376165984751,17,VotingEnsemble(HGB+ET+LR),0.004913376165984751,2.0568758640008853,3.0802345281073022
2021-11-04,17916.80078125,1,1,0.5725135669726259,0.008469704042186388,17,VotingEnsemble(HGB+ET+LR),0.008469704042186388,2.0742969938204894,3.106323202940895
2021-11-08,18068.55078125,0,1,0.5923647312061872,-0.001344921435271762,17,VotingEnsemble(HGB+ET+LR),-0.001344921435271762,2.0715072273303803,3.102145442280378
2021-11-09,18044.25,0,1,0.546880508754967,-0.0014991358050348014,17,VotingEnsemble(HGB+ET+LR),-0.0014991358050348014,2.068401756675501,3.09749490497543
2021-11-10,18017.19921875,0,1,0.5463938488738831,-0.007970140510272006,17,VotingEnsemble(HGB+ET+LR),-0.007970140510272006,2.051916304043104,3.072807435352924
2021-11-11,17873.599609375,1,1,0.5644579654359675,0.012820606684330382,17,VotingEnsemble(HGB+ET+LR),0.012820606684330382,2.0782231159264053,3.1122026908982696
2021-11-12,18102.75,1,1,0.5979272890679194,0.0003700663573213969,17,VotingEnsemble(HGB+ET+LR),0.0003700663573213969,2.0789921963846174,3.1133544124113364
2021-11-15,18109.44921875,0,1,0.5375036266236083,-0.006087981951756416,17,VotingEnsemble(HGB+ET+LR),-0.006087981951756416,2.0663353294151854,3.094400366939155
2021-11-16,17999.19921875,0,1,0.5269493237244629,-0.005586294529162039,17,VotingEnsemble(HGB+ET+LR),-0.005586294529162039,2.054792171669059,3.077114135098286
2021-11-17,17898.650390625,0,1,0.5017068123633853,-0.007478195643460861,17,VotingEnsemble(HGB+ET+LR),-0.007478195643460861,2.0394260338026657,3.054102873578762
2021-11-18,17764.80078125,0,1,0.5195948580372035,-0.019603372100156835,17,VotingEnsemble(HGB+ET+LR),-0.019603372100156835,1.9994464063912851,2.9942321585158393
2021-11-22,17416.55078125,1,1,0.5010888847223077,0.004983697932798847,17,VotingEnsemble(HGB+ET+LR),0.004983697932798847,2.0094110433135595,3.0091545071345545
2021-11-23,17503.349609375,0,1,0.5278636829395024,-0.0050446817378146935,17,VotingEnsemble(HGB+ET+LR),-0.0050446817378146935,1.9992742041195923,2.99397428034615
2021-11-24,17415.05078125,1,1,0.5262983336846947,0.006959452503032093,17,VotingEnsemble(HGB+ET+LR),0.006959452503032093,2.0131880579837,3.014810702145519
2021-11-25,17536.25,0,1,0.5471487014877153,-0.029071254187753914,17,VotingEnsemble(HGB+ET+LR),-0.029071254187753914,1.9546621562223052,2.9271663738954854
2021-11-26,17026.44921875,1,1,0.5247475043370855,0.0016151341742889347,17,VotingEnsemble(HGB+ET+LR),0.0016151341742889347,1.9578191978700092,2.9318941403397933
2021-11-29,17053.94921875,0,1,0.4965278147790489,-0.004148599194972014,17,VotingEnsemble(HGB+ET+LR),-0.004148599194972014,1.949696990721825,2.9197308866694365
2021-11-30,16983.19921875,1,1,0.4994314159178251,0.01081664117042136,17,VotingEnsemble(HGB+ET+LR),0.01081664117042136,1.9707861634615131,2.951312567984736
2021-12-01,17166.900390625,1,1,0.5709031713609908,0.013674571102433752,17,VotingEnsemble(HGB+ET+LR),0.013674571102433752,1.9977358189814602,2.9916705015411496
2021-12-02,17401.650390625,0,1,0.6093254422333937,-0.01177768586739425,17,VotingEnsemble(HGB+ET+LR),-0.01177768586739425,1.974207114059455,2.956435546155248
2021-12-03,17196.69921875,0,1,0.5540893097267069,-0.01654091957599968,17,VotingEnsemble(HGB+ET+LR),-0.01654091957599968,1.9415519129594312,2.9075333835546675
2021-12-06,16912.25,1,1,0.5533674296374795,0.015636548581649423,17,VotingEnsemble(HGB+ET+LR),0.015636548581649423,1.9719110837702156,2.9529971705593874
2021-12-07,17176.69921875,1,1,0.5759085547630381,0.017060948527881648,17,VotingEnsemble(HGB+ET+LR),0.017060948527881648,2.0055537572719784,3.0033781032892812
2021-12-08,17469.75,1,1,0.5827619684352183,0.002696066593683266,17,VotingEnsemble(HGB+ET+LR),0.002696066593683266,2.0109608637587955,3.011475410661759
2021-12-09,17516.849609375,0,1,0.5562044258385321,-0.00031677089480919296,17,VotingEnsemble(HGB+ET+LR),-0.00031677089480919296,2.0103238498865563,3.010521462901228
2021-12-10,17511.30078125,0,1,0.555254862138922,-0.008169055116863166,17,VotingEnsemble(HGB+ET+LR),-0.008169055116863166,1.9939014035540885,2.985928347140288
2021-12-13,17368.25,0,1,0.5461624469047189,-0.002495911181322197,17,VotingEnsemble(HGB+ET+LR),-0.002495911181322197,1.9889248027465039,2.9784757351920335
2021-12-14,17324.900390625,0,1,0.505562346216255,-0.005974060321640162,17,VotingEnsemble(HGB+ET+LR),-0.005974060321640162,1.97704284599969,2.9606821414834545
2021-12-15,17221.400390625,1,1,0.5204614070746,0.0015678167505297491,17,VotingEnsemble(HGB+ET+LR),0.0015678167505297491,1.9801424868901634,2.9653239485378666
2021-12-16,17248.400390625,0,1,0.5347610136744397,-0.01525945397337003,17,VotingEnsemble(HGB+ET+LR),-0.01525945397337003,1.9499265937507484,2.9200747242290213
2021-12-17,16985.19921875,0,1,0.5058098412527304,-0.021842546279377872,17,VotingEnsemble(HGB+ET+LR),-0.021842546279377872,1.907335231885358,2.8562928569258075
2021-12-20,16614.19921875,1,1,0.49586167617647137,0.00942870544420904,17,VotingEnsemble(HGB+ET+LR),0.00942870544420904,1.9253189339701673,2.8832240009361594
2021-12-21,16770.849609375,1,1,0.5487223457848088,0.011007170994593363,17,VotingEnsemble(HGB+ET+LR),0.011007170994593363,1.9465112486955052,2.9149601405301793
2021-12-22,16955.44921875,1,1,0.5551241583112593,0.006909306212627531,17,VotingEnsemble(HGB+ET+LR),0.006909306212627531,1.9599602909590663,2.935100492738706
2021-12-23,17072.599609375,0,1,0.534821311126187,-0.004032754879180422,17,VotingEnsemble(HGB+ET+LR),-0.004032754879180422,1.9520562515327013,2.9232639519057293
2021-12-24,17003.75,1,1,0.5491467221417922,0.004851870910828504,17,VotingEnsemble(HGB+ET+LR),0.004851870910828504,1.9615273764758139,2.9374472512386545
2021-12-27,17086.25,1,1,0.5437817860312486,0.008603409174043453,17,VotingEnsemble(HGB+ET+LR),0.008603409174043453,1.9784031991017232,2.96271931186823
2021-12-28,17233.25,0,1,0.5104554177485775,-0.0011402602889762914,17,VotingEnsemble(HGB+ET+LR),-0.0011402602889762914,1.9761473044982039,2.959341040689523
2021-12-29,17213.599609375,0,1,0.4927150642267309,-0.0005606259494814747,17,VotingEnsemble(HGB+ET+LR),-0.0005606259494814747,1.9750394250393044,2.957681957308747
2021-12-30,17203.94921875,1,1,0.4820431223201573,0.008724831757606522,17,VotingEnsemble(HGB+ET+LR),0.008724831757606522,1.9922713117374122,2.983487234778774
2021-12-31,17354.05078125,1,1,0.5432385324638912,0.015653315812207858,17,VotingEnsemble(HGB+ET+LR),0.015653315812207858,2.0234569637636395,3.030188702686457
2022-01-03,17625.69921875,1,1,0.6108916615492413,0.01018687423526421,17,VotingEnsemble(HGB+ET+LR),0.01018687423526421,2.044069665373969,3.061056853909842
2022-01-04,17805.25,1,1,0.6017277996987163,0.0067395852346920915,17,VotingEnsemble(HGB+ET+LR),0.0067395852346920915,2.0578458471094057,3.081687107485006
2022-01-05,17925.25,0,1,0.581689243871658,-0.010005417462796928,17,VotingEnsemble(HGB+ET+LR),-0.010005417462796928,2.037256240334993,3.050853541484899
2022-01-06,17745.900390625,1,1,0.5789631084775425,0.003764183651131514,17,VotingEnsemble(HGB+ET+LR),0.003764183651131514,2.0449248469680277,3.062337514507753
2022-01-07,17812.69921875,1,1,0.6009739419819285,0.010700318921871732,17,VotingEnsemble(HGB+ET+LR),0.010700318921871732,2.0668061950018455,3.0951055025593983
2022-01-10,18003.30078125,1,1,0.6284398253067801,0.002913311252602302,18,RandomForest_Balanced,0.002913311252602302,2.0728274447466926,3.104122508247996
2022-01-11,18055.75,1,1,0.5436730907138287,0.008673115731830494,18,RandomForest_Balanced,0.008673115731830494,2.0908053170670953,3.1310449220078107
2022-01-12,18212.349609375,1,1,0.5782633863799399,0.0024956237305924223,18,RandomForest_Balanced,0.0024956237305924223,2.0960231804324168,3.1388588320167243
2022-01-13,18257.80078125,0,1,0.49282414424884735,-0.00011232356375068253,18,RandomForest_Balanced,-0.00011232356375068253,2.0957877476390867,3.138506264206602
2022-01-14,18255.75,1,1,0.5218740112127641,0.0028675682661627455,18,RandomForest_Balanced,0.0028675682661627455,2.1017975620768294,3.147506145172994
2022-01-17,18308.099609375,0,0,0.4262467052106231,-0.010653690567923424,18,RandomForest_Balanced,0.0,2.1017975620768294,3.1139735886416835
2022-01-18,18113.05078125,0,1,0.506093344751215,-0.00964224043394124,18,RandomForest_Balanced,-0.00964224043394124,2.081531524639813,3.0839479065950575
2022-01-19,17938.400390625,0,1,0.49409463568656004,-0.010112406160797005,18,RandomForest_Balanced,-0.010112406160797005,2.060482232426152,3.0527617727848284
2022-01-20,17757.0,0,1,0.4474168945784456,-0.007875745304668613,18,RandomForest_Balanced,-0.007875745304668613,2.0442543991587687,3.0287189985865464
2022-01-21,17617.150390625,0,1,0.4609086218624035,-0.02656790518738339,18,RandomForest_Balanced,-0.02656790518738339,1.9899428421030272,2.948252279392872
2022-01-24,17149.099609375,1,1,0.5065875246077978,0.007513491221694313,18,RandomForest_Balanced,0.007513491221694313,2.0048942601788418,2.9704039470134305
2022-01-25,17277.94921875,0,1,0.48640857761401796,-0.00971173291462768,18,RandomForest_Balanced,-0.00971173291462768,1.9854232626019148,2.94155617723148
2022-01-27,17110.150390625,0,1,0.492791253815535,-0.0004793161771092791,18,RandomForest_Balanced,-0.0004793161771092791,1.9844716171137406,2.9401462417698574
2022-01-28,17101.94921875,1,1,0.48890923701949873,0.0139107178709299,18,RandomForest_Balanced,0.0139107178709299,2.0120770419022778,2.9810457866383926
2022-01-31,17339.849609375,1,1,0.5426959029609237,0.013667938611870323,18,RandomForest_Balanced,0.013667938611870323,2.039577987393352,3.021790537449341
2022-02-01,17576.849609375,1,1,0.6427894826478107,0.011557838585399605,18,RandomForest_Balanced,0.011557838585399605,2.0631511005539784,3.0567159047200683
2022-02-02,17780.0,0,1,0.6591637942179414,-0.012362248664229525,18,RandomForest_Balanced,-0.012362248664229525,2.0376459136170513,3.0189280226100133
2022-02-03,17560.19921875,0,1,0.4984671334989275,-0.0024998826581151823,18,RandomForest_Balanced,-0.0024998826581151823,2.0325520379342206,3.0113810568001926
2022-02-04,17516.30078125,0,1,0.5110652151276173,-0.017281112927623465,18,RandomForest_Balanced,-0.017281112927623465,1.997427276635408,2.959341040689522
2022-02-07,17213.599609375,1,1,0.4968883827478031,0.0030876976246183574,18,RandomForest_Balanced,0.0030876976246183574,2.003594728092823,2.9684785909912947
2022-02-08,17266.75,1,1,0.4840865031435455,0.01141215233034587,18,RandomForest_Balanced,0.01141215233034587,2.026460056338096,3.002355320861058
2022-02-09,17463.80078125,1,1,0.6019208491865716,0.008133901085124018,18,RandomForest_Balanced,0.008133901085124018,2.042943081989305,3.0267761820633377
2022-02-10,17605.849609375,0,1,0.5463549503112418,-0.01312629691281364,18,RandomForest_Balanced,-0.01312629691281364,2.0161268045191347,2.9870458192089417
2022-02-11,17374.75,0,1,0.47725044502748426,-0.03061622289529342,18,RandomForest_Balanced,-0.03061622289529342,1.9544006168868013,2.8955937586095866
2022-02-14,16842.80078125,1,1,0.5250273933331401,0.03025912638397754,18,RandomForest_Balanced,0.03025912638397754,2.013539072158103,2.9832118961080107
2022-02-15,17352.44921875,0,1,0.5245915062198595,-0.0017432697608654735,18,RandomForest_Balanced,-0.0017432697608654735,2.0100289303812886,2.9780113530192716
2022-02-16,17322.19921875,0,1,0.5043604826631056,-0.001016014719190439,18,RandomForest_Balanced,-0.001016014719190439,2.0079867114020225,2.9749856496506877
2022-02-17,17304.599609375,0,0,0.4293551865398758,-0.0016353356196504576,18,RandomForest_Balanced,0.0,2.0079867114020225,2.970120549649865
2022-02-18,17276.30078125,0,1,0.4541351551012343,-0.004031556958107085,18,RandomForest_Balanced,-0.004031556958107085,1.999891398603883,2.958146339481507
2022-02-21,17206.650390625,0,1,0.4635886374816211,-0.006651566067580439,18,RandomForest_Balanced,-0.006651566067580439,1.9865889888380834,2.9384700336668748
2022-02-22,17092.19921875,0,0,0.4298471546744341,-0.0016937094155936583,18,RandomForest_Balanced,0.0,1.9865889888380834,2.9334931193034133
2022-02-23,17063.25,0,1,0.48461692308861004,-0.04778103847083648,18,RandomForest_Balanced,-0.04778103847083648,1.891667703936671,2.7933277717160427
2022-02-24,16247.9501953125,1,1,0.5558169201102218,0.025261660109649586,18,RandomForest_Balanced,0.025261660109649586,1.9394543705139204,2.8638918684599783
2022-02-25,16658.400390625,1,1,0.5144422401236242,0.008134034290366632,18,RandomForest_Balanced,0.008134034290366632,1.9552299588682822,2.887186863121934
2022-02-28,16793.900390625,0,1,0.46406190626714583,-0.011191633122935585,18,RandomForest_Balanced,-0.011191633122935585,1.933347742497656,2.854874526992514
2022-03-02,16605.94921875,0,1,0.47731035632726526,-0.00649757722841704,18,RandomForest_Balanced,-0.00649757722841704,1.9207856662313918,2.8363247592759397
2022-03-03,16498.05078125,0,1,0.5014986840561071,-0.015317032007332254,18,RandomForest_Balanced,-0.015317032007332254,1.8913649307025007,2.7928806821549212
2022-03-04,16245.349609375,0,1,0.49788385443151784,-0.02352668473994779,18,RandomForest_Balanced,-0.02352668473994779,1.8468673842496697,2.727173458829572
2022-03-07,15863.150390625,1,1,0.5175908923407846,0.009474776509483585,18,RandomForest_Balanced,0.009474776509483585,1.86436603995809,2.753012817854578
2022-03-08,16013.4501953125,1,0,0.4054449934723244,0.020726290088294297,18,RandomForest_Balanced,0.0,1.86436603995809,2.8100725601342242
2022-03-09,16345.349609375,1,1,0.5330677919116573,0.01526738719047449,18,RandomForest_Balanced,0.01526738719047449,1.8928300381549017,2.8529750259431212
2022-03-10,16594.900390625,1,0,0.4131215178150576,0.0021421537513466316,18,RandomForest_Balanced,0.0,1.8928300381549017,2.8590865370974434
2022-03-11,16630.44921875,1,1,0.4439430591924124,0.014482565042708062,18,RandomForest_Balanced,0.014482565042708062,1.9202430722972716,2.900493443833688
2022-03-14,16871.30078125,0,1,0.5341314403175493,-0.012346456503312231,18,RandomForest_Balanced,-0.012346456503312231,1.8965348747293667,2.864682627691253
2022-03-15,16663.0,1,1,0.5250143354428484,0.018745100484606647,18,RandomForest_Balanced,0.018745100484606647,1.9320856115287295,2.9183813914038326
2022-03-16,16975.349609375,1,1,0.6007885078588463,0.018361988356508263,18,RandomForest_Balanced,0.018361988356508263,1.9675625450313972,2.97196867653264
2022-03-17,17287.05078125,0,1,0.5882837529822791,-0.009802202470463706,18,RandomForest_Balanced,-0.009802202470463706,1.9482760985916985,2.942836837829391
2022-03-21,17117.599609375,1,1,0.4897922972287742,0.011561223252155806,18,RandomForest_Balanced,0.011561223252155806,1.9708005535243562,2.976859631506205
2022-03-22,17315.5,0,1,0.5741958169338022,-0.0040339354552280104,18,RandomForest_Balanced,-0.0040339354552280104,1.9628504712963113,2.964851171893435
2022-03-23,17245.650390625,0,1,0.518390343419846,-0.0013278937068936791,18,RandomForest_Balanced,-0.0013278937068936791,1.9602440145079036,2.960914164680401
2022-03-24,17222.75,0,1,0.5027730956023554,-0.004049875890900112,18,RandomForest_Balanced,-0.004049875890900112,1.9523052695332668,2.9489228297898373
2022-03-25,17153.0,1,1,0.5008572278778343,0.004022619949862971,18,RandomForest_Balanced,0.004022619949862971,1.960158651658714,2.9607852255955565
2022-03-28,17222.0,1,1,0.535434028403025,0.005998187274997013,18,RandomForest_Balanced,0.005998187274997013,1.9719160503400686,2.978544569859723
2022-03-29,17325.30078125,1,1,0.5194680644723907,0.009982465582194733,18,RandomForest_Balanced,0.009982465582194733,1.9916006344435657,3.0082777885133805
2022-03-30,17498.25,0,1,0.5168286608613886,-0.001914477162001882,18,RandomForest_Balanced,-0.001914477162001882,1.9877877605130951,3.002518509390314
2022-03-31,17464.75,1,1,0.4905628325650524,0.011777965258592316,18,RandomForest_Balanced,0.011777965258592316,2.0111998556978734,3.037882068082194
2022-04-01,17670.44921875,1,1,0.5889170160334944,0.021671841339984343,18,RandomForest_Balanced,0.021671841339984343,2.0547862598735573,3.1037185662712545
2022-04-04,18053.400390625,0,1,0.6465652091555169,-0.005317557796472028,18,RandomForest_Balanced,-0.005317557796472028,2.0438598151772833,3.0872143634111238
2022-04-05,17957.400390625,0,1,0.5861181722981808,-0.008339180323571727,18,RandomForest_Balanced,-0.008339180323571727,2.026815699622418,3.0614695261371176
2022-04-06,17807.650390625,0,1,0.5580142394702257,-0.00943974110495216,18,RandomForest_Balanced,-0.00943974110495216,2.0076830841505298,3.0325700464096825
2022-04-07,17639.55078125,1,1,0.548483197429374,0.008208759390795572,18,RandomForest_Balanced,0.008208759390795572,2.024163671521292,3.0574636842563936
2022-04-08,17784.349609375,0,1,0.533453534311464,-0.006151497975913078,18,RandomForest_Balanced,-0.006151497975913078,2.011712032793012,3.038655702591263
2022-04-11,17674.94921875,0,1,0.5255309308526624,-0.008183810641252287,18,RandomForest_Balanced,-0.008183810641252287,1.9952485624519054,3.0137879197172945
2022-04-12,17530.30078125,0,1,0.5040876227745759,-0.0031174816283502382,18,RandomForest_Balanced,-0.0031174816283502382,1.9890284117144694,3.004392491245832
2022-04-13,17475.650390625,0,1,0.4804129872393592,-0.017281188010147552,18,RandomForest_Balanced,-0.017281188010147552,1.9546556377741064,2.9524730197483375
2022-04-18,17173.650390625,0,1,0.48221303373267427,-0.012519178806467801,18,RandomForest_Balanced,-0.012519178806467801,1.930184954339742,2.915510482092836
2022-04-19,16958.650390625,1,1,0.4985896117659066,0.010490244596548015,18,RandomForest_Balanced,0.010490244596548015,1.9504330666273428,2.9460949001737897
2022-04-20,17136.55078125,1,1,0.6099872841893049,0.014941678252146096,18,RandomForest_Balanced,0.014941678252146096,1.9795758099612353,2.990114502272475
2022-04-21,17392.599609375,0,1,0.6803493079960312,-0.012686452605167986,18,RandomForest_Balanced,-0.012686452605167986,1.954462015269825,2.9521805563553696
2022-04-22,17171.94921875,0,1,0.49942034532644625,-0.012695122564301942,18,RandomForest_Balanced,-0.012695122564301942,1.9296498804387021,2.914702262360489
2022-04-25,16953.94921875,1,1,0.5120798940789091,0.014560121616207233,18,RandomForest_Balanced,0.014560121616207233,1.9577458173745894,2.957140681775492
2022-04-26,17200.80078125,0,1,0.6638935379088765,-0.009441443610115341,18,RandomForest_Balanced,-0.009441443610115341,1.939261870636908,2.9292210047813305
2022-04-27,17038.400390625,1,1,0.48883291860023026,0.012128508890934642,18,RandomForest_Balanced,0.012128508890934642,1.9627822254767784,2.9647480877813335
2022-04-28,17245.05078125,0,1,0.6051343295131274,-0.008263240381694681,18,RandomForest_Balanced,-0.008263240381694681,1.946563284130746,2.9402496616608267
2022-04-29,17102.55078125,0,1,0.47748725654064955,-0.0019559171203674675,18,RandomForest_Balanced,-0.0019559171203674675,1.942755967677436,2.9344987770094297
2022-05-02,17069.099609375,0,1,0.5005226053658302,-0.022936183451936376,18,RandomForest_Balanced,-0.022936183451936376,1.898196560400442,2.8671925747204585
2022-05-04,16677.599609375,1,1,0.6008971877502602,0.00030284821366977077,18,RandomForest_Balanced,0.00030284821366977077,1.8987714258379533,2.8680608988699596
2022-05-05,16682.650390625,0,1,0.5162146794901625,-0.0162684216398562,18,RandomForest_Balanced,-0.0162684216398562,1.8678814116847104,2.821402074878358
2022-05-06,16411.25,0,1,0.5278972844862841,-0.006666182687180999,18,RandomForest_Balanced,-0.006666182687180999,1.8554297729564306,2.8025940932132274
2022-05-09,16301.849609375,0,1,0.5016918720434427,-0.003790968888092272,18,RandomForest_Balanced,-0.003790968888092272,1.8483958964131126,2.791969546199905
2022-05-10,16240.0498046875,0,1,0.5212949188209923,-0.0044919933245182175,18,RandomForest_Balanced,-0.0044919933245182175,1.8400929143853582,2.7794280376361167
2022-05-11,16167.099609375,0,1,0.5164481904398207,-0.022211752141785834,18,RandomForest_Balanced,-0.022211752141785834,1.7992212266531742,2.717692070968213
2022-05-12,15808.0,0,1,0.5438958159683049,-0.0016352232651188903,18,RandomForest_Balanced,-0.0016352232651188903,1.7962790982442551,2.713248037666337
2022-05-13,15782.150390625,1,1,0.5152330820481015,0.0038112305721171857,18,RandomForest_Balanced,0.0038112305721171857,1.8031251320595387,2.7235888515372277
2022-05-16,15842.2998046875,1,1,0.49042748178817347,0.026321935902047233,18,RandomForest_Balanced,0.026321935902047233,1.8505868762089803,2.7952789827109212
2022-05-17,16259.2998046875,0,1,0.4991234596602554,-0.0011685620062508173,18,RandomForest_Balanced,-0.0011685620062508173,1.8484243506961762,2.7920125258948536
2022-05-18,16240.2998046875,0,0,0.419353729022016,-0.026532725334179386,18,RandomForest_Balanced,0.0,1.8484243506961762,2.717932824415697
2022-05-19,15809.400390625,1,1,0.5116182580399161,0.028891038794289337,18,RandomForest_Balanced,0.028891038794289337,1.9018272503204485,2.7964567270861633
2022-05-20,16266.150390625,0,1,0.5547436814072927,-0.0031630222318707046,18,RandomForest_Balanced,-0.0031630222318707046,1.8958117284465075,2.7876114722879253
2022-05-23,16214.7001953125,0,1,0.48114362546801,-0.005522754266735541,18,RandomForest_Balanced,-0.005522754266735541,1.8853416261343023,2.7722161791353463
2022-05-24,16125.150390625,0,1,0.44594872186007506,-0.006161219184365629,18,RandomForest_Balanced,-0.006161219184365629,1.8737256231382806,2.755135947629249
2022-05-25,16025.7998046875,1,1,0.46999375959654044,0.009007387318995308,18,RandomForest_Balanced,0.009007387318995308,1.890602995555413,2.7799525242260326
2022-05-26,16170.150390625,1,1,0.539087191520964,0.011273847198922216,18,RandomForest_Balanced,0.011273847198922216,1.9119173648411292,2.811293284204415
2022-05-27,16352.4501953125,1,1,0.558012425469446,0.018893205092962884,18,RandomForest_Balanced,0.018893205092962884,1.9480396117358698,2.8644076247993584
2022-05-30,16661.400390625,0,1,0.5498961001797557,-0.004612433983534836,18,RandomForest_Balanced,-0.004612433983534836,1.9390544076294274,2.8511957337280376
2022-05-31,16584.55078125,0,1,0.45001991270821196,-0.0037264067061659745,18,RandomForest_Balanced,-0.0037264067061659745,1.9318287022812164,2.8405710188252815
2022-06-01,16522.75,1,1,0.5147544052067649,0.006370004993115463,18,RandomForest_Balanced,0.006370004993115463,1.9441344607605915,2.8586654703984977
2022-06-02,16628.0,0,1,0.4964871442039211,-0.002628050201467391,18,RandomForest_Balanced,-0.002628050201467391,1.93902517779931,2.851152754033089
2022-06-03,16584.30078125,0,1,0.5248739367356214,-0.0008893953501298846,18,RandomForest_Balanced,-0.0008893953501298846,1.9373006178223904,2.848616952031142
2022-06-06,16569.55078125,0,1,0.49920475228447164,-0.009245946006475991,18,RandomForest_Balanced,-0.009245946006475991,1.919388440911692,2.82227879349953
2022-06-07,16416.349609375,0,1,0.48844192163058897,-0.0036609606157923524,18,RandomForest_Balanced,-0.0036609606157923524,1.9123616354231072,2.8119465419897423
2022-06-08,16356.25,1,1,0.5052444524423668,0.00744972774168895,18,RandomForest_Balanced,0.00744972774168895,1.9266082089506604,2.8328947781517497
2022-06-09,16478.099609375,0,1,0.4942483311143648,-0.016767698414100085,18,RandomForest_Balanced,-0.016767698414100085,1.8943034235408462,2.785393652872822
2022-06-10,16201.7998046875,0,1,0.5275776115643878,-0.026379749115209128,18,RandomForest_Balanced,-0.026379749115209128,1.844332174479757,2.711915667122941
2022-06-13,15774.400390625,0,1,0.558503614223109,-0.00268160945598539,18,RandomForest_Balanced,-0.00268160945598539,1.839386395880694,2.7046433684261495
2022-06-14,15732.099609375,0,1,0.5421615650265953,-0.0025393443813560568,18,RandomForest_Balanced,-0.0025393443813560568,1.8347155603711716,2.697775347484965
2022-06-15,15692.150390625,0,1,0.5674232000475378,-0.021128447854290244,18,RandomForest_Balanced,-0.021128447854290244,1.7959508683264143,2.640775541733039
2022-06-16,15360.599609375,0,1,0.5880013071704429,-0.00436829362663993,18,RandomForest_Balanced,-0.00436829362663993,1.7881056275945455,2.6292398587647
2022-06-17,15293.5,1,1,0.5021808007301494,0.0037042135956451006,18,RandomForest_Balanced,0.0037042135956451006,1.7947291527707308,2.638979124795748
2022-06-20,15350.150390625,1,1,0.47338932358295127,0.018804337854487096,18,RandomForest_Balanced,0.018804337854487096,1.828477846116729,2.688603379849346
2022-06-21,15638.7998046875,0,1,0.5838934705227903,-0.014419265085317434,18,RandomForest_Balanced,-0.014419265085317434,1.8021125393509416,2.6498356950060176
2022-06-22,15413.2998046875,1,1,0.5126677391042482,0.009300447519609234,18,RandomForest_Balanced,0.009300447519609234,1.8188729924476048,2.674480352823008
2022-06-23,15556.650390625,1,1,0.5322388379245281,0.009166472588529428,18,RandomForest_Balanced,0.009166472588529428,1.8355456418748923,2.6989959036657205
2022-06-24,15699.25,1,1,0.5580294761240966,0.008458990377725017,18,RandomForest_Balanced,0.008458990377725017,1.851072504797387,2.721826684044348
2022-06-27,15832.0498046875,1,1,0.48999231023759443,0.0011464333961117568,18,RandomForest_Balanced,0.0011464333961117568,1.853194636135511,2.7249470770533644
2022-06-28,15850.2001953125,0,0,0.4114732700841743,-0.0032239710103227903,18,RandomForest_Balanced,0.0,1.853194636135511,2.7161619266722803
2022-06-29,15799.099609375,0,0,0.43388506122934933,-0.001193081241402827,18,RandomForest_Balanced,0.0,1.853194636135511,2.712921324828955
2022-06-30,15780.25,0,0,0.4398728842492885,-0.0017870563085186086,18,RandomForest_Balanced,0.0,1.853194636135511,2.7080731816609047
2022-07-01,15752.0498046875,1,1,0.44292076086453597,0.005288188249805481,18,RandomForest_Balanced,0.005288188249805481,1.8629946782349254,2.7223939824397774
2022-07-04,15835.349609375,0,1,0.4504996403944477,-0.0015471713984448465,18,RandomForest_Balanced,-0.0015471713984448465,1.8601123061533054,2.718181972334848
2022-07-05,15810.849609375,1,1,0.508764225196041,0.011318189707300252,18,RandomForest_Balanced,0.011318189707300252,1.8811654101112323,2.7489468715566976
2022-07-06,15989.7998046875,1,1,0.5765249309973108,0.00894949203151052,18,RandomForest_Balanced,0.00894949203151052,1.898000884958976,2.77354854967874
2022-07-07,16132.900390625,1,1,0.5920607759720055,0.005436047866567373,18,RandomForest_Balanced,0.005436047866567373,1.9083185086204002,2.7886256923550423
2022-07-08,16220.599609375,0,1,0.5428404788537471,-0.00028356592763323363,18,RandomForest_Balanced,-0.00028356592763323363,1.9077773745122837,2.7878349331237677
2022-07-11,16216.0,0,1,0.5054531805049559,-0.0097249750439381,19,RandomForest_Balanced,-0.0097249750439381,1.889224287155762,2.7607233079725204
2022-07-12,16058.2998046875,0,1,0.4745054763247639,-0.005707292501522909,19,RandomForest_Balanced,-0.005707292501522909,1.878441931547983,2.7449670525381493
2022-07-13,15966.650390625,0,1,0.5316180445601667,-0.0017536552323109689,19,RandomForest_Balanced,-0.0017536552323109689,1.8751477920261315,2.7401533267039446
2022-07-14,15938.650390625,1,1,0.48174882394984875,0.0069359576863876615,19,RandomForest_Balanced,0.0069359576863876615,1.888153737767348,2.7591589142321777
2022-07-15,16049.2001953125,1,1,0.5513834355257292,0.014287304158276504,19,RandomForest_Balanced,0.014287304158276504,1.9151303645164168,2.7985798568608327
2022-07-18,16278.5,1,1,0.6853899254384376,0.003811764271124396,19,RandomForest_Balanced,0.003811764271124396,1.922430390014426,2.809247383569103
2022-07-19,16340.5498046875,1,1,0.5662741807103041,0.01103388850696918,19,RandomForest_Balanced,0.01103388850696918,1.9436422726002545,2.8402443059878997
2022-07-20,16520.849609375,1,1,0.6182288944181208,0.005108719746296009,19,RandomForest_Balanced,0.005108719746296009,1.953571796258023,2.854754318158205
2022-07-21,16605.25,1,1,0.5533369274680193,0.006877295960614926,19,RandomForest_Balanced,0.006877295960614926,1.9670070876811996,2.8743873084990224
2022-07-22,16719.44921875,0,1,0.5701864068537468,-0.005290199311757782,19,RandomForest_Balanced,-0.005290199311757782,1.9566012281397258,2.8591812267378756
2022-07-25,16631.0,0,1,0.4735865315638362,-0.00884795806776506,19,RandomForest_Balanced,-0.00884795806776506,1.939289302517808,2.833883311135558
2022-07-26,16483.849609375,1,1,0.4780285322503671,0.0095821774414373,19,RandomForest_Balanced,0.0095821774414373,1.9578719167248149,2.8610380838711866
2022-07-27,16641.80078125,1,1,0.5418853063827122,0.017293731123692924,19,RandomForest_Balanced,0.017293731123692924,1.9917308272272831,2.9105161072283003
2022-07-28,16929.599609375,1,1,0.5978010230118,0.013505953826479233,19,RandomForest_Balanced,0.013505953826479233,2.01863105181459,2.9498254033837497
2022-07-29,17158.25,1,1,0.5576190586433998,0.010595531668439406,19,RandomForest_Balanced,0.010595531668439406,2.040019521050987,2.9810803718616694
2022-08-01,17340.05078125,1,1,0.6292006012377714,0.000311327663805816,19,RandomForest_Balanced,0.000311327663805816,2.040654635562594,2.9820084646494585
2022-08-02,17345.44921875,1,1,0.5185376158660647,0.002461808358865669,19,RandomForest_Balanced,0.002461808358865669,2.04567833620198,2.989349598013941
2022-08-03,17388.150390625,0,1,0.5222269008283099,-0.0003537116074355806,19,RandomForest_Balanced,-0.0003537116074355806,2.044954756029386,2.9882922303624406
2022-08-04,17382.0,1,1,0.4833520305704596,0.0008917270739845495,19,RandomForest_Balanced,0.0008917270739845495,2.0467782975504107,2.9909569714492323
2022-08-05,17397.5,1,1,0.4956123875537607,0.007334364671648164,19,RandomForest_Balanced,0.007334364671648164,2.0617901159866605,3.0128937405950493
2022-08-08,17525.099609375,1,1,0.47345410047190617,0.0005506610997998429,19,RandomForest_Balanced,0.0005506610997998429,2.0629254635994863,3.0145528239758255
2022-08-10,17534.75,1,1,0.47461044128991003,0.007085929368824795,19,RandomForest_Balanced,0.007085929368824795,2.0775432077277025,3.0359137323651093
2022-08-11,17659.0,1,1,0.4875342911459692,0.0022170219505635025,19,RandomForest_Balanced,0.0022170219505635025,2.0821491666224787,3.04264441974978
2022-08-12,17698.150390625,1,1,0.4946855317593312,0.007181519343531395,19,RandomForest_Balanced,0.007181519343531395,2.0971021611386957,3.0644952295057006
2022-08-16,17825.25,1,1,0.5022064342696688,0.006675923198833145,19,RandomForest_Balanced,0.006675923198833145,2.1111022541065645,3.0849535643010713
2022-08-17,17944.25,1,1,0.48328890889628384,0.0006826699360520383,19,RandomForest_Balanced,0.0006826699360520383,2.1125434401473746,3.0870595693535363
2022-08-18,17956.5,0,0,0.43339409350467206,-0.011029475746944017,19,RandomForest_Balanced,0.0,2.1125434401473746,3.05301092070398
2022-08-19,17758.44921875,0,1,0.4784195647299652,-0.0150773300473388,19,RandomForest_Balanced,-0.0150773300473388,2.080691925460932,3.0069796674143965
2022-08-22,17490.69921875,1,1,0.5069186189980363,0.00496268217550444,19,RandomForest_Balanced,0.00496268217550444,2.091017738192133,3.021902351811978
2022-08-23,17577.5,1,1,0.4680704210048266,0.001561611079505143,19,RandomForest_Balanced,0.001561611079505143,2.0942830946595357,3.02662138800575
2022-08-24,17604.94921875,0,1,0.4662523936265569,-0.004686182219266755,19,RandomForest_Balanced,-0.004686182219266755,2.084468902459231,3.012438088672825
2022-08-25,17522.44921875,1,1,0.4665809844000796,0.002080255529346653,19,RandomForest_Balanced,0.002080255529346653,2.088805130419323,3.018704729663601
2022-08-26,17558.900390625,0,1,0.4748379833990721,-0.014009988924553851,19,RandomForest_Balanced,-0.014009988924553851,2.059540993676597,2.976412709834516
2022-08-29,17312.900390625,1,0,0.4268870918971885,0.02578426378902554,19,RandomForest_Balanced,0.0,2.059540993676597,3.0531573202898974
2022-08-30,17759.30078125,0,1,0.5384612718738534,-0.012190795272107646,19,RandomForest_Balanced,-0.012190795272107646,2.034433551068173,3.0159369044647066
2022-09-01,17542.80078125,0,0,0.427892404048214,-0.0001910505934481499,19,RandomForest_Balanced,0.0,2.034433551068173,3.0153607079293065
2022-09-02,17539.44921875,1,1,0.480327960811387,0.007203850071011875,19,RandomForest_Balanced,0.007203850071011875,2.0490893053495043,3.0370829143792495
2022-09-05,17665.80078125,0,1,0.5272821992068779,-0.0005774531254664206,19,RandomForest_Balanced,-0.0005774531254664206,2.0479060523257706,3.0353291413580403
2022-09-06,17655.599609375,0,1,0.4800795889569825,-0.0017671004916441913,19,RandomForest_Balanced,-0.0017671004916441913,2.0442871965338645,3.029965409740045
2022-09-07,17624.400390625,1,0,0.403212486760876,0.009892512965589573,19,RandomForest_Balanced,0.0,2.0442871965338645,3.059939381841186
2022-09-08,17798.75,1,1,0.6243788521034948,0.0019439347917691308,19,RandomForest_Balanced,0.0019439347917691308,2.048261157539575,3.0658877044662516
2022-09-09,17833.349609375,1,1,0.5255119985782136,0.005775695663245095,19,RandomForest_Balanced,0.005775695663245095,2.0600912906243694,3.0835953387849337
2022-09-12,17936.349609375,1,1,0.540452459418599,0.007454201929980142,19,RandomForest_Balanced,0.007454201929980142,2.075447627098877,3.106581081110582
2022-09-13,18070.05078125,0,1,0.5976366100174966,-0.0036690976717561608,19,RandomForest_Balanced,-0.0036690976717561608,2.0678326070424364,3.0951827316987575
2022-09-14,18003.75,0,0,0.4375237698270413,-0.007017960667916379,19,RandomForest_Balanced,0.0,2.0678326070424364,3.0734608610276815
2022-09-15,17877.400390625,0,1,0.4793239584858801,-0.019384853148544656,19,RandomForest_Balanced,-0.019384853148544656,2.0277479756191465,3.01388227357886
2022-09-16,17530.849609375,1,1,0.4512571619866236,0.0052136885924867205,19,RandomForest_Balanced,0.0052136885924867205,2.03832002210807,3.0295957172077164
2022-09-19,17622.25,1,0,0.433274306337199,0.011008809885230342,19,RandomForest_Balanced,0.0,2.03832002210807,3.062947960487564
2022-09-20,17816.25,0,1,0.592444340079078,-0.005495005437451739,19,RandomForest_Balanced,-0.005495005437451739,2.0271194425033197,3.046117044790053
2022-09-21,17718.349609375,0,0,0.4325019014600682,-0.004997577656902563,19,RandomForest_Balanced,0.0,2.0271194425033197,3.0308938383067003
2022-09-22,17629.80078125,0,0,0.3943977735939363,-0.017155677232420508,19,RandomForest_Balanced,0.0,2.0271194425033197,2.9788968018909783
2022-09-23,17327.349609375,0,1,0.46990931336401914,-0.017951321762256445,19,RandomForest_Balanced,-0.017951321762256445,1.9907299691404166,2.9254216669036768
2022-09-26,17016.30078125,0,1,0.5767454575261104,-0.0005230508522044985,19,RandomForest_Balanced,-0.0005230508522044985,1.9896887161335486,2.9238915226077453
2022-09-27,17007.400390625,0,1,0.49884673705736626,-0.00874917846539458,19,RandomForest_Balanced,-0.00874917846539458,1.9722805744655143,2.898309873862996
2022-09-28,16858.599609375,0,1,0.46296915425271346,-0.0024023347691036756,19,RandomForest_Balanced,-0.0024023347691036756,1.967542496267048,2.8913471632813783
2022-09-29,16818.099609375,1,1,0.524154288897012,0.01642575596626905,19,RandomForest_Balanced,0.01642575596626905,1.9998608691639943,2.9388397261992023
2022-09-30,17094.349609375,0,1,0.4850733707911384,-0.012109264448790458,19,RandomForest_Balanced,-0.012109264448790458,1.9756440250384995,2.9032525387820454
2022-10-03,16887.349609375,1,1,0.4801902230596543,0.02291367093271912,19,RandomForest_Balanced,0.02291367093271912,2.0209132821084244,2.9697767120902787
2022-10-04,17274.30078125,1,1,0.5762129070285741,0.0033286441360573793,19,RandomForest_Balanced,0.0033286441360573793,2.027640183254395,2.979662041928378
2022-10-06,17331.80078125,0,1,0.48231124580476875,-0.0009895331040011834,19,RandomForest_Balanced,-0.0009895331040011834,2.0256337661700616,2.976713567699154
2022-10-07,17314.650390625,0,0,0.4352912905655268,-0.00425364584114718,19,RandomForest_Balanced,0.0,2.0256337661700616,2.964051682411624
2022-10-10,17241.0,0,0,0.40265472332261715,-0.014932383199930399,19,RandomForest_Balanced,0.0,2.0256337661700616,2.919791326865455
2022-10-11,16983.55078125,1,1,0.4557298970756491,0.008246145339619648,19,RandomForest_Balanced,0.008246145339619648,2.042337436610741,2.9438683505081484
2022-10-12,17123.599609375,0,1,0.5006391384326117,-0.006380083772817624,19,RandomForest_Balanced,-0.006380083772817624,2.029307152672803,2.92508622381576
2022-10-13,17014.349609375,1,0,0.43318899883806855,0.010070888003887335,19,RandomForest_Balanced,0.0,2.029307152672803,2.954544439577522
2022-10-14,17185.69921875,1,1,0.5830619817398741,0.007337586960815656,19,RandomForest_Balanced,0.007337586960815656,2.044197370375745,2.976223666332517
2022-10-17,17311.80078125,1,1,0.5063749046517165,0.010117285874136073,19,RandomForest_Balanced,0.010117285874136073,2.0648790995549935,3.006334971990172
2022-10-18,17486.94921875,1,1,0.5797005236025682,0.0014468379208691928,19,RandomForest_Balanced,0.0014468379208691928,2.0678666449382397,3.010684651430483
2022-10-19,17512.25,1,1,0.5125087885175814,0.0029521745492440132,19,RandomForest_Balanced,0.0029521745492440132,2.073971348218657,3.0195727180342353
2022-10-20,17563.94921875,1,1,0.5213272622837044,0.0007032337856462956,19,RandomForest_Balanced,0.0007032337856462956,2.0754298349411866,3.021696183587773
2022-10-21,17576.30078125,1,1,0.5032143583406162,0.008787356376761757,19,RandomForest_Balanced,0.008787356376761757,2.0936673765357785,3.0482489048152597
2022-10-24,17730.75,0,1,0.5439781659147364,-0.004196122026705051,19,RandomForest_Balanced,-0.004196122026705051,2.0848820927405027,3.035458080442885
2022-10-25,17656.349609375,1,1,0.4746682657417232,0.004564907874966551,19,RandomForest_Balanced,0.004564907874966551,2.0943993874240308,3.0493146669384297
2022-10-27,17736.94921875,1,1,0.5229897162365406,0.002810605244745412,19,RandomForest_Balanced,0.002810605244745412,2.100285917326916,3.057885086734206
2022-10-28,17786.80078125,1,1,0.4910041382787038,0.012672230395564199,19,RandomForest_Balanced,0.012672230395564199,2.126901224367842,3.0966353110764615
2022-10-31,18012.19921875,1,1,0.5854466965503005,0.007395053222392978,19,RandomForest_Balanced,0.007395053222392978,2.1426297721208147,3.1195350940122135
2022-11-01,18145.400390625,0,1,0.623271057425658,-0.003447197631545107,19,RandomForest_Balanced,-0.003447197631545107,2.1352437038450818,3.1087814400246128
2022-11-02,18082.849609375,0,1,0.5478324993470531,-0.0016673473084335422,19,RandomForest_Balanced,-0.0016673473084335422,2.131683511002626,3.1035980216580796
2022-11-03,18052.69921875,1,1,0.48352778437675503,0.003570168155688336,19,RandomForest_Balanced,0.003570168155688336,2.1392939795916135,3.1146783884830604
2022-11-04,18117.150390625,1,1,0.5040863775910701,0.004727586225111935,19,RandomForest_Balanced,0.004727586225111935,2.1494076763409957,3.1294032991281067
2022-11-07,18202.80078125,0,1,0.5755676087757454,-0.002516139235956394,19,RandomForest_Balanced,-0.002516139235956394,2.1439994673524883,3.121529284702039
2022-11-09,18157.0,0,1,0.4998221948581367,-0.007093725904609771,19,RandomForest_Balanced,-0.007093725904609771,2.1287905227914603,3.0993860115531504
2022-11-10,18028.19921875,1,1,0.49529085412882085,0.017833173247033374,19,RandomForest_Balanced,0.017833173247033374,2.166753612991043,3.1546578992566094
2022-11-11,18349.69921875,0,1,0.664477765367021,-0.0011198455015547504,19,RandomForest_Balanced,-0.0011198455015547504,2.1643271837045575,3.1511251697991827
2022-11-14,18329.150390625,1,1,0.5353359947175816,0.004050924260950772,19,RandomForest_Balanced,0.004050924260950772,2.1730947092016617,3.163890139198815
2022-11-15,18403.400390625,1,1,0.5385166166353873,0.0003396111515991951,19,RandomForest_Balanced,0.0003396111515991951,2.1738327163983877,3.1649646315725217
2022-11-16,18409.650390625,0,1,0.5060269581355265,-0.00357149639481924,19,RandomForest_Balanced,-0.00357149639481924,2.166068880688831,3.15366097180113
2022-11-17,18343.900390625,0,1,0.4912053486502442,-0.00197613371355454,19,RandomForest_Balanced,-0.00197613371355454,2.1617884389478204,3.1474289160336326
2022-11-18,18307.650390625,0,1,0.5042250180622435,-0.008067729540576885,19,RandomForest_Balanced,-0.008067729540576885,2.1443477144984433,3.1220363107908824
2022-11-21,18159.94921875,1,0,0.4415674331316896,0.00463933015368867,19,RandomForest_Balanced,0.0,2.1443477144984433,3.1365204679884453
2022-11-22,18244.19921875,1,1,0.4990593454246377,0.0012634580983039712,19,RandomForest_Balanced,0.0012634580983039712,2.1470570079839058,3.1404833301742214
2022-11-23,18267.25,1,1,0.5560884449504132,0.011870949889830174,19,RandomForest_Balanced,0.011870949889830174,2.1725446141362914,3.1777638504165666
2022-11-24,18484.099609375,1,1,0.6870864250181977,0.0015500019600884762,19,RandomForest_Balanced,0.0015500019600884762,2.1759120625465824,3.1826893906134104
2022-11-25,18512.75,1,1,0.5495045607713803,0.0027008413120686026,19,RandomForest_Balanced,0.0027008413120686026,2.181788855736537,3.1912853296030614
2022-11-28,18562.75,1,1,0.5006560283703603,0.00297912654375021,19,RandomForest_Balanced,0.00297912654375021,2.18828868082952,3.2007925724371624
2022-11-29,18618.05078125,1,1,0.5029986052754601,0.007535634625419174,19,RandomForest_Balanced,0.007535634625419174,2.2047788247831916,3.2249125757748045
2022-11-30,18758.349609375,1,1,0.5370309436791749,0.002886735334004964,19,RandomForest_Balanced,0.002886735334004964,2.2111434377203594,3.2342220448563705
2022-12-01,18812.5,0,1,0.4873755515287171,-0.006187396179402005,19,RandomForest_Balanced,-0.006187396179402005,2.1974622172616987,3.2142106317326884
2022-12-02,18696.099609375,1,1,0.4786899126753779,0.00026482378562620035,19,RandomForest_Balanced,0.00026482378562620035,2.1980441575248446,3.215061831159984
2022-12-05,18701.05078125,0,1,0.48550846885189036,-0.0031175136590962937,19,RandomForest_Balanced,-0.0031175136590962937,2.191191724840464,3.2050388319865033
2022-12-06,18642.75,0,1,0.4642390245993165,-0.004411902750398933,19,RandomForest_Balanced,-0.004411902750398933,2.181524400042989,3.1908985123485265
2022-12-07,18560.5,1,0,0.44121328942672816,0.002631912360927746,19,RandomForest_Balanced,0.0,2.181524400042989,3.1992966775856426
2022-12-08,18609.349609375,0,1,0.48774725751841913,-0.006058782405979346,19,RandomForest_Balanced,-0.006058782405979346,2.1683070183897937,3.1799128351639787
2022-12-09,18496.599609375,1,1,0.4856947247218432,2.977743269738653e-05,19,RandomForest_Balanced,2.977743269738653e-05,2.168371585006101,3.1800075248044113
2022-12-12,18497.150390625,1,0,0.43940675260099327,0.0059927938646799905,19,RandomForest_Balanced,0.0,2.168371585006101,3.1990646543886956
2022-12-13,18608.0,1,1,0.5008345871464553,0.002810661073194387,19,RandomForest_Balanced,0.002810661073194387,2.174466142612298,3.208056140883418
2022-12-14,18660.30078125,0,1,0.4887218882345285,-0.013150934355333654,19,RandomForest_Balanced,-0.013150934355333654,2.145869881112908,3.165867205166435
2022-12-15,18414.900390625,0,0,0.43131901709161696,-0.00792295301794177,19,RandomForest_Balanced,0.0,2.145869881112908,3.1407841880388587
2022-12-16,18269.0,1,0,0.4209476234747392,0.008289956688926514,19,RandomForest_Balanced,0.0,2.145869881112908,3.1668211529269663
2022-12-19,18420.44921875,0,1,0.5343741830972883,-0.0019081205394395617,19,RandomForest_Balanced,-0.0019081205394395617,2.141775302717792,3.160778476440335
2022-12-20,18385.30078125,0,0,0.44380950785214607,-0.01012771964355863,19,RandomForest_Balanced,0.0,2.141775302717792,3.1287669981755526
2022-12-21,18199.099609375,0,1,0.4919616044281039,-0.003942502735851727,19,RandomForest_Balanced,-0.003942502735851727,2.1333313477272475,3.1164318257254027
2022-12-22,18127.349609375,0,1,0.49341493247775886,-0.01768316025411787,19,RandomForest_Balanced,-0.01768316025411787,2.0956073076302535,3.0613234623300674
2022-12-23,17806.80078125,1,1,0.5395342119184822,0.011669632893506865,19,RandomForest_Balanced,0.011669632893506865,2.1200622755992486,3.0970479833037388
2022-12-26,18014.599609375,1,1,0.5274723756978872,0.006533654614990558,19,RandomForest_Balanced,0.006533654614990558,2.1339140302702853,3.1172830251526986
2022-12-27,18132.30078125,0,1,0.506609941155009,-0.0005405150382313817,19,RandomForest_Balanced,-0.0005405150382313817,2.1327606176466314,3.11559808679918
2022-12-28,18122.5,1,0,0.4162131230841567,0.00377983170092433,19,RandomForest_Balanced,0.0,2.1327606176466314,3.127374523215003
2022-12-29,18191.0,0,0,0.42173809308710736,-0.00471107793689185,19,RandomForest_Balanced,0.0,2.1327606176466314,3.112641218098287
2022-12-30,18105.30078125,1,0,0.44791623515801376,0.005089583355357918,19,RandomForest_Balanced,0.0,2.1327606176466314,3.128483265033121
2023-01-02,18197.44921875,1,1,0.5031643582016826,0.00192892762485819,19,RandomForest_Balanced,0.00192892762485819,2.1368745585192195,3.13451788282695
2023-01-03,18232.55078125,0,1,0.4576607535899179,-0.010399069487028845,19,RandomForest_Balanced,-0.010399069487028845,2.114653051500114,3.101921813555098
2023-01-04,18042.94921875,0,0,0.4272627004924147,-0.0028154392892826285,19,RandomForest_Balanced,0.0,2.114653051500114,3.093188541008932
2023-01-05,17992.150390625,0,1,0.46328758450500546,-0.007375503705446151,19,RandomForest_Balanced,-0.007375503705446151,2.099056420083042,3.070374717463077
2023-01-06,17859.44921875,1,0,0.41763739626405166,0.013536251708490266,19,RandomForest_Balanced,0.0,2.099056420083042,3.111936082478042
2023-01-09,18101.19921875,0,1,0.6152101117575792,-0.010333504750958511,19,RandomForest_Balanced,-0.010333504750958511,2.077365810593584,3.079778876185076
2023-01-10,17914.150390625,0,0,0.5171812529777838,-0.0010299775022909463,20,HistGradientBoosting_Slow,0.0,2.077365810593584,3.0766067732305746
2023-01-11,17895.69921875,0,0,0.5049410664801546,-0.00209547554088918,20,HistGradientBoosting_Slow,0.0,2.077365810593584,3.070159818988336
2023-01-12,17858.19921875,1,0,0.5171812529777838,0.005510095918388247,20,HistGradientBoosting_Slow,0.0,2.077365810593584,3.0870766940757433
2023-01-13,17956.599609375,0,0,0.5138453655223149,-0.003438847072569362,20,HistGradientBoosting_Slow,0.0,2.077365810593584,3.076460709423524
2023-01-16,17894.849609375,1,0,0.497441831452035,0.008854568511824201,20,HistGradientBoosting_Slow,0.0,2.077365810593584,3.10370144154905
2023-01-17,18053.30078125,1,1,0.5359745802697544,0.006206556323560042,20,HistGradientBoosting_Slow,0.006206556323560042,2.0902590985016714,3.1229647393575384
2023-01-18,18165.349609375,0,0,0.5038167685929548,-0.003165367099256078,20,HistGradientBoosting_Slow,0.0,2.0902590985016714,3.113079409519439
2023-01-19,18107.849609375,0,0,0.469549065940073,-0.004428975305189153,20,HistGradientBoosting_Slow,0.0,2.0902590985016714,3.0992916576915848
2023-01-20,18027.650390625,1,0,0.485199341492798,0.005042276095628795,20,HistGradientBoosting_Slow,0.0,2.0902590985016714,3.1149191419305446
2023-01-23,18118.55078125,0,0,0.4933057424425411,-1.3798013043020418e-05,20,HistGradientBoosting_Slow,0.0,2.0902590985016714,3.1148761622355963
2023-01-24,18118.30078125,0,0,0.4933057424425411,-0.01249297962501228,20,HistGradientBoosting_Slow,0.0,2.0902590985016714,3.0759620778063503
2023-01-25,17891.94921875,0,0,0.4736721736586354,-0.016074246906178757,20,HistGradientBoosting_Slow,0.0,2.0902590985016714,3.0265183038936483
2023-01-27,17604.349609375,1,0,0.5046653403105179,0.0025334426073457816,20,HistGradientBoosting_Slow,0.0,2.0902590985016714,3.0341858143166442
2023-01-30,17648.94921875,1,0,0.4736721736586354,0.0007479862801675896,20,HistGradientBoosting_Slow,0.0,2.0902590985016714,3.036455343677232
2023-01-31,17662.150390625,0,0,0.497441831452035,-0.0025959245256645946,20,HistGradientBoosting_Slow,0.0,2.0902590985016714,3.028572934779495
2023-02-01,17616.30078125,0,1,0.5387654474020477,-0.0003349392530399564,20,HistGradientBoosting_Slow,-0.0003349392530399564,2.0895589886805594,3.027558546822943
2023-02-02,17610.400390625,1,0,0.4752718132999133,0.013835596307890219,20,HistGradientBoosting_Slow,0.0,2.0895589886805594,3.069446624675288
2023-02-03,17854.05078125,0,1,0.5585626065311151,-0.005010133160870178,20,HistGradientBoosting_Slow,-0.005010133160870178,2.079090019899777,3.0540682883554813
2023-02-06,17764.599609375,0,0,0.47873820594274263,-0.0024261514654264627,20,HistGradientBoosting_Slow,0.0,2.079090019899777,3.046658656102175
2023-02-07,17721.5,1,0,0.5171812529777838,0.008475536424681795,20,HistGradientBoosting_Slow,0.0,2.079090019899777,3.0724807225155413
2023-02-08,17871.69921875,1,0,0.5255297898397865,0.0012170079483646568,20,HistGradientBoosting_Slow,0.0,2.079090019899777,3.0762199559760397
2023-02-09,17893.44921875,0,0,0.513048589978027,-0.0020649578680046465,20,HistGradientBoosting_Slow,0.0,2.079090019899777,3.069867691374234
2023-02-10,17856.5,0,0,0.48747744765030027,-0.00479375070002519,20,HistGradientBoosting_Slow,0.0,2.079090019899777,3.0551515109797243
2023-02-13,17770.900390625,1,0,0.4900088034963908,0.0089443537049958,20,HistGradientBoosting_Slow,0.0,2.079090019899777,3.082477866716279
2023-02-14,17929.849609375,1,1,0.5539681810704119,0.004796470794436125,20,HistGradientBoosting_Slow,0.004796470794436125,2.0890623144592295,3.0972628817784793
2023-02-15,18015.849609375,1,1,0.5362618986436399,0.0011101336008929596,20,HistGradientBoosting_Slow,0.0011101336008929596,2.09138145272887,3.10070125737434
2023-02-16,18035.849609375,0,1,0.5374825414156321,-0.005081567689351307,20,HistGradientBoosting_Slow,-0.005081567689351307,2.0807539563125745,3.0849448340505354
2023-02-17,17944.19921875,0,1,0.5539554858182297,-0.005550518480140765,20,HistGradientBoosting_Slow,-0.005550518480140765,2.0692046930254357,3.067821790738923
2023-02-20,17844.599609375,0,0,0.5103262592730311,-0.001003126492992057,20,HistGradientBoosting_Slow,0.0,2.0692046930254357,3.0647443774248546
2023-02-21,17826.69921875,0,0,0.5103262592730311,-0.015280363131582653,20,HistGradientBoosting_Slow,0.0,2.0692046930254357,3.0179139704323266
2023-02-22,17554.30078125,0,0,0.49234718367011143,-0.002452434977984641,20,HistGradientBoosting_Slow,0.0,2.0692046930254357,3.0105127326506897
2023-02-23,17511.25,0,0,0.497441831452035,-0.002595429723749043,20,HistGradientBoosting_Slow,0.0,2.0692046930254357,3.002699158420643
2023-02-24,17465.80078125,0,0,0.5103262592730311,-0.004185411445805309,20,HistGradientBoosting_Slow,0.0,2.0692046930254357,2.990131626994679
2023-02-27,17392.69921875,0,0,0.47713750815604367,-0.0051027157362857345,20,HistGradientBoosting_Slow,0.0,2.0692046930254357,2.9748738352880477
2023-02-28,17303.94921875,1,0,0.47528501468222406,0.008492348770636093,20,HistGradientBoosting_Slow,0.0,2.0692046930254357,3.0001375014459537
2023-03-01,17450.900390625,0,0,0.529653636410387,-0.007392168719804415,20,HistGradientBoosting_Slow,0.0,2.0692046930254357,2.977959978852653
2023-03-02,17321.900390625,1,0,0.4752718132999133,0.015728598629827895,20,HistGradientBoosting_Slow,0.0,2.0692046930254357,3.0247991160957173
2023-03-03,17594.349609375,1,1,0.6063657818543483,0.006655523618366965,20,HistGradientBoosting_Slow,0.006655523618366965,2.0829763337311022,3.044930738053708
2023-03-06,17711.44921875,1,0,0.5255297898397865,0.0024250512391459367,20,HistGradientBoosting_Slow,0.0,2.0829763337311022,3.0523148511131386
2023-03-08,17754.400390625,0,0,0.5038458732842149,-0.009282249899975281,20,HistGradientBoosting_Slow,0.0,2.0829763337311022,3.023982501891701
2023-03-09,17589.599609375,0,0,0.513048589978027,-0.010045664635585094,20,HistGradientBoosting_Slow,0.0,2.0829763337311022,2.9936045878138193
2023-03-10,17412.900390625,0,0,0.47873820594274263,-0.014851035931626178,20,HistGradientBoosting_Slow,0.0,2.0829763337311022,2.9491464585151155
2023-03-13,17154.30078125,0,1,0.5510155189995056,-0.006470680525861194,20,HistGradientBoosting_Slow,-0.006470680525861194,2.0694980593325987,2.9300634739580893
2023-03-14,17043.30078125,0,0,0.47528501468222406,-0.004174683738684903,20,HistGradientBoosting_Slow,0.0,2.0694980593325987,2.9178313856200417
2023-03-15,16972.150390625,1,0,0.5195304246270609,0.0007924286811309411,20,HistGradientBoosting_Slow,0.0,2.0694980593325987,2.920143558896711
2023-03-16,16985.599609375,1,0,0.49905886570743707,0.006738129621978839,20,HistGradientBoosting_Slow,0.0,2.0694980593325987,2.939819864711344
2023-03-17,17100.05078125,0,0,0.5095691963288513,-0.0065292432199922645,20,HistGradientBoosting_Slow,0.0,2.0694980593325987,2.9206250657916786
2023-03-20,16988.400390625,1,0,0.4787514157614926,0.007010642946744028,20,HistGradientBoosting_Slow,0.0,2.0694980593325987,2.941100525309255
2023-03-21,17107.5,1,0,0.5095691963288513,0.0025953757489405316,20,HistGradientBoosting_Slow,0.0,2.0694980593325987,2.9487337862878387
2023-03-22,17151.900390625,0,0,0.5119425114332976,-0.004372693304643627,20,HistGradientBoosting_Slow,0.0,2.0694980593325987,2.935839877803361
2023-03-23,17076.900390625,0,0,0.4787514157614926,-0.007720933328590696,20,HistGradientBoosting_Slow,0.0,2.0694980593325987,2.9131724538434236
2023-03-24,16945.05078125,1,0,0.4787514157614926,0.0023988383407489433,20,HistGradientBoosting_Slow,0.0,2.0694980593325987,2.9201606836189167
2023-03-27,16985.69921875,0,0,0.49905886570743707,-0.002001683861354908,20,HistGradientBoosting_Slow,0.0,2.0694980593325987,2.9143154451059536
2023-03-28,16951.69921875,1,0,0.49905886570743707,0.007609856589321451,20,HistGradientBoosting_Slow,0.0,2.0694980593325987,2.9364929676992544
2023-03-29,17080.69921875,1,0,0.5095691963288513,0.016337198944623932,20,HistGradientBoosting_Slow,0.0,2.0694980593325987,2.9844670375120463
2023-03-31,17359.75,1,1,0.5855239223210837,0.002206297973761151,20,HistGradientBoosting_Slow,0.002206297973761151,2.0740639887076067,2.9910516610896662
2023-04-03,17398.05078125,1,1,0.5702384776582307,0.009138954817361267,20,HistGradientBoosting_Slow,0.009138954817361267,2.0930187657887216,3.0183867470767582
2023-04-05,17557.05078125,1,1,0.6529833925962165,0.002397874785437182,20,HistGradientBoosting_Slow,0.002397874785437182,2.098037562712653,3.0256244605502713
2023-04-06,17599.150390625,1,1,0.5890142911430184,0.0014148632219350699,20,HistGradientBoosting_Slow,0.0014148632219350699,2.1010059988983736,3.0299053053228913
2023-04-10,17624.05078125,1,1,0.5668079830098026,0.005574768321964241,20,HistGradientBoosting_Slow,0.005574768321964241,2.112718620585289,3.0467963254375565
2023-04-11,17722.30078125,1,1,0.5474670479020334,0.005083967961446945,20,HistGradientBoosting_Slow,0.005083967961446945,2.123459614363897,3.0622861403411354
2023-04-12,17812.400390625,1,1,0.5531791113573921,0.0008757724412713497,20,HistGradientBoosting_Slow,0.0008757724412713497,2.12531928177431,3.064968006150133
2023-04-13,17828.0,0,1,0.551617978994613,-0.006795512150830185,20,HistGradientBoosting_Slow,-0.006795512150830185,2.1108766487706188,3.044139978822434
2023-04-17,17706.849609375,0,1,0.548315039839552,-0.0026373533282438855,20,HistGradientBoosting_Slow,-0.0026373533282438855,2.1053095212154713,3.0361115061176465
2023-04-18,17660.150390625,0,1,0.5779774245872966,-0.002344283016240789,20,HistGradientBoosting_Slow,-0.002344283016240789,2.100374079860956,3.0289940014784418
2023-04-19,17618.75,1,0,0.522144176974361,0.0003234746363958152,20,HistGradientBoosting_Slow,0.0,2.100374079860956,3.029973804211715
2023-04-20,17624.44921875,0,1,0.5601834087691789,-2.260708945023282e-05,20,HistGradientBoosting_Slow,-2.260708945023282e-05,2.1003265965162536,3.0299053053228913
2023-04-21,17624.05078125,1,1,0.5601834087691789,0.006771973756565242,20,HistGradientBoosting_Slow,0.006771973756565242,2.1145499531080776,3.050423744535416
2023-04-24,17743.400390625,1,1,0.5601834087691789,0.0014568576938982503,20,HistGradientBoosting_Slow,0.0014568576938982503,2.1176305514763953,3.054867777837292
2023-04-25,17769.25,1,1,0.5344058844163825,0.0024958627615121465,20,HistGradientBoosting_Slow,0.0024958627615121465,2.1229158667124657,3.0624923085653397
2023-04-26,17813.599609375,1,1,0.5642772286749611,0.005695152810193838,20,HistGradientBoosting_Slow,0.005695152810193838,2.1350061969765783,3.0799336702426627
2023-04-27,17915.05078125,1,1,0.6237458310143078,0.008370013603697934,20,HistGradientBoosting_Slow,0.008370013603697934,2.1528762278892515,3.105712756961081
2023-04-28,18065.0,1,1,0.5890521855533091,0.004575166931912511,20,HistGradientBoosting_Slow,0.004575166931912511,2.162725996015591,3.119921911266748
2023-05-02,18147.650390625,0,1,0.5920871537450498,-0.00318502836487633,20,HistGradientBoosting_Slow,-0.00318502836487633,2.155837652372826,3.109984871483164
2023-05-03,18089.849609375,1,1,0.5318476669442516,0.009173717607303677,20,HistGradientBoosting_Slow,0.009173717607303677,2.175614698202887,3.1385149944571373
2023-05-04,18255.80078125,0,1,0.6433564589823249,-0.010232406865540389,20,HistGradientBoosting_Slow,-0.010232406865540389,2.1533529234282254,3.1064004320802527
2023-05-05,18069.0,1,0,0.50052910917851,0.010814123118324304,20,HistGradientBoosting_Slow,0.0,2.1533529234282254,3.1399934288075846
2023-05-08,18264.400390625,1,1,0.6670395320121155,8.480038171931881e-05,20,HistGradientBoosting_Slow,8.480038171931881e-05,2.1535355285781086,3.1402597014489437
2023-05-09,18265.94921875,1,1,0.5698928365584277,0.0026908205008338015,20,HistGradientBoosting_Slow,0.0026908205008338015,2.1593303061276807,3.148709576631545
2023-05-10,18315.099609375,0,1,0.5906552084447458,-0.0009882342854272697,20,HistGradientBoosting_Slow,-0.0009882342854272697,2.157196381885603,3.1455979138730643
2023-05-11,18297.0,1,1,0.5754935837086745,0.0009728797753729701,20,HistGradientBoosting_Slow,0.0009728797753729701,2.1592950746170474,3.148658202464927
2023-05-12,18314.80078125,1,1,0.531200378143627,0.004589120522186851,20,HistGradientBoosting_Slow,0.004589120522186851,2.1692043399574295,3.1631077744392107
2023-05-15,18398.849609375,0,1,0.6176105047009676,-0.006106338807060685,20,HistGradientBoosting_Slow,-0.006106338807060685,2.155958443315903,3.143792766685237
2023-05-16,18286.5,0,1,0.5601834087691789,-0.005728269488420423,20,HistGradientBoosting_Slow,-0.005728269488420423,2.143608532346754,3.125784274501917
2023-05-17,18181.75,0,1,0.5882248783732165,-0.002849053652701161,20,HistGradientBoosting_Slow,-0.002849053652701161,2.1375012766277104,3.1168787473970916
2023-05-18,18129.94921875,1,0,0.5104736016908242,0.0040513721791914925,20,HistGradientBoosting_Slow,0.0,2.1375012766277104,3.1295063832402095
2023-05-19,18203.400390625,1,0,0.5104736016908242,0.006097761825706316,20,HistGradientBoosting_Slow,0.0,2.1375012766277104,3.1485893677972356
2023-05-22,18314.400390625,1,0,0.4955756859486787,0.001834600568861644,20,HistGradientBoosting_Slow,0.0,2.1375012766277104,3.154365771642508
2023-05-23,18348.0,0,0,0.5088571518935091,-0.0034117947119577385,20,HistGradientBoosting_Slow,0.0,2.1375012766277104,3.1436037231832374
2023-05-24,18285.400390625,1,0,0.4995880005188958,0.001955111686716471,20,HistGradientBoosting_Slow,0.0,2.1375012766277104,3.149749819560838
2023-05-25,18321.150390625,1,1,0.5577660751149771,0.009726420827874671,20,HistGradientBoosting_Slow,0.009726420827874671,2.158291513564311,3.180385611808409
2023-05-26,18499.349609375,1,1,0.6462621509495927,0.005367798508963517,20,HistGradientBoosting_Slow,0.005367798508963517,2.16987678753273,3.197457280953403
2023-05-29,18598.650390625,1,1,0.5640145995170686,0.0018925684396833287,20,HistGradientBoosting_Slow,0.0018925684396833287,2.173983427858816,3.2035086876905714
2023-05-30,18633.849609375,0,1,0.5782435422669163,-0.0053370195013254795,20,HistGradientBoosting_Slow,-0.0053370195013254795,2.1623808359087753,3.1864114993517014
2023-05-31,18534.400390625,0,0,0.470682692721589,-0.0025169624936233204,20,HistGradientBoosting_Slow,0.0,2.1623808359087753,3.178391421118583
2023-06-01,18487.75,1,1,0.5328024593105298,0.002507044360454902,20,HistGradientBoosting_Slow,0.002507044360454902,2.167802020588596,3.186359789406217
2023-06-02,18534.099609375,1,0,0.513048589978027,0.003223787573137793,20,HistGradientBoosting_Slow,0.0,2.167802020588596,3.1966319364988505
2023-06-05,18593.849609375,1,1,0.5754935837086745,0.00027699431442118616,20,HistGradientBoosting_Slow,0.00027699431442118616,2.16840248942309,3.1975173853705576
2023-06-06,18599.0,1,1,0.5442868269314828,0.006849851638528914,20,HistGradientBoosting_Slow,0.006849851638528914,2.183255724768255,3.219419905071963
2023-06-07,18726.400390625,0,1,0.5874509469001786,-0.0049048192636628185,20,HistGradientBoosting_Slow,-0.0049048192636628185,2.1725472500319096,3.2036292323037463
2023-06-08,18634.55078125,0,0,0.5050072477382506,-0.00381819725413457,20,HistGradientBoosting_Slow,0.0,2.1725472500319096,3.1913971439656987
2023-06-09,18563.400390625,1,0,0.5171812529777838,0.0020524046550352004,20,HistGradientBoosting_Slow,0.0,2.1725472500319096,3.19794718232004
2023-06-12,18601.5,1,1,0.5300377244385581,0.0061635024393194016,20,HistGradientBoosting_Slow,0.0061635024393194016,2.185937750307018,3.217657737579084
2023-06-13,18716.150390625,1,1,0.542705163610208,0.0021238341844009856,20,HistGradientBoosting_Slow,0.0021238341844009856,2.1905803196260925,3.224491509075857
2023-06-14,18755.900390625,0,1,0.6013333112361455,-0.0036149041015322014,20,HistGradientBoosting_Slow,-0.0036149041015322014,2.1826615818439405,3.212835281494343
2023-06-15,18688.099609375,1,0,0.5233649791881662,0.0073790483520230765,20,HistGradientBoosting_Slow,0.0,2.1826615818439405,3.2365429483835757
2023-06-16,18826.0,0,1,0.5341336891887194,-0.0037475183921172883,20,HistGradientBoosting_Slow,-0.0037475183921172883,2.1744820174222124,3.224413944157631
2023-06-19,18755.44921875,1,0,0.5233649791881662,0.003265717567498605,20,HistGradientBoosting_Slow,0.0,2.1744820174222124,3.234943969419954
2023-06-20,18816.69921875,1,0,0.5286496640584116,0.0021337637466720683,20,HistGradientBoosting_Slow,0.0,2.1744820174222124,3.2418465755844177
2023-06-21,18856.849609375,0,1,0.5782435422669163,-0.004539443817404343,20,HistGradientBoosting_Slow,-0.004539443817404343,2.164611078472168,3.2271303951899077
2023-06-22,18771.25,0,0,0.4995880005188958,-0.005633615236065759,20,HistGradientBoosting_Slow,0.0,2.164611078472168,3.208949984226795
2023-06-23,18665.5,1,0,0.47713750815604367,0.0013768299134766515,20,HistGradientBoosting_Slow,0.0,2.164611078472168,3.2133681625559287
2023-06-26,18691.19921875,1,0,0.5103262592730311,0.00675190341711196,20,HistGradientBoosting_Slow,0.0,2.164611078472168,3.235064514033129
2023-06-27,18817.400390625,1,0,0.5079526387330461,0.00822107281232487,20,HistGradientBoosting_Slow,0.0,2.164611078472168,3.2616602149555636
2023-06-28,18972.099609375,1,1,0.5679611216426574,0.01143527476356887,20,HistGradientBoosting_Slow,0.01143527476356887,2.1893640009107624,3.2989581956989817
2023-06-30,19189.05078125,1,1,0.6563471189953708,0.00695709243369369,20,HistGradientBoosting_Slow,0.00695709243369369,2.2045956086361,3.321909352801351
2023-07-03,19322.55078125,1,1,0.5973780053514915,0.003438946519135566,20,HistGradientBoosting_Slow,0.003438946519135566,2.212177095030521,3.333333221407051
2023-07-04,19389.0,1,1,0.5991916797616923,0.0004899685388621844,20,HistGradientBoosting_Slow,0.0004899685388621844,2.2132609922094773,3.3349664498150844
2023-07-05,19398.5,1,1,0.585337335686278,0.00509321758125636,20,HistGradientBoosting_Slow,0.00509321758125636,2.2245336120069075,3.3519521595701827
2023-07-06,19497.30078125,0,1,0.5825098003499476,-0.00848835445771845,20,HistGradientBoosting_Slow,-0.00848835445771845,2.2056509822050843,3.323499601514436
2023-07-07,19331.80078125,1,0,0.5267854804523764,0.0012466303397029588,20,HistGradientBoosting_Slow,0.0,2.2056509822050843,3.3276427769516745
2023-07-10,19355.900390625,1,1,0.5648875531301734,0.004313930032438185,21,ExtraTrees_Regularized,0.004313930032438185,2.2151660062182956,3.3419979950643923
2023-07-11,19439.400390625,0,1,0.5731249567247899,-0.002834429471475497,21,ExtraTrees_Regularized,-0.002834429471475497,2.20888727440606,3.33252533745357
2023-07-12,19384.30078125,1,1,0.5466052827846827,0.0015192303855748879,21,ExtraTrees_Regularized,0.0015192303855748879,2.2122430830716473,3.3375882112069277
2023-07-13,19413.75,1,1,0.5611277873826752,0.007765114931427508,21,ExtraTrees_Regularized,0.007765114931427508,2.229421404867954,3.363504967260727
2023-07-14,19564.5,1,1,0.5779872327460457,0.007511013251041421,21,ExtraTrees_Regularized,0.007511013251041421,2.246166618582073,3.388768297639766
2023-07-17,19711.44921875,1,1,0.5998250597507935,0.001917706853032497,21,ExtraTrees_Regularized,0.001917706853032497,2.2504741076995805,3.395266961827489
2023-07-18,19749.25,1,1,0.5681782923514714,0.004248282371482448,21,ExtraTrees_Regularized,0.004248282371482448,2.2600347571787984,3.4096910146078976
2023-07-19,19833.150390625,1,1,0.5714540722236072,0.007361412439498949,21,ExtraTrees_Regularized,0.007361412439498949,2.2766718051539945,3.43479115645768
2023-07-20,19979.150390625,0,1,0.5781636853146324,-0.011719737128305097,21,ExtraTrees_Regularized,-0.011719737128305097,2.249989810070166,3.394536307013369
2023-07-21,19745.0,0,1,0.5383388761605057,-0.0036794322929856182,21,ExtraTrees_Regularized,-0.0036794322929856182,2.2417111249041053,3.382046340505632
2023-07-24,19672.349609375,1,1,0.5409225012137175,0.0004193703428323481,21,ExtraTrees_Regularized,0.0004193703428323481,2.2426512320670873,3.383464670438925
2023-07-25,19680.599609375,1,1,0.5398098657140982,0.004964339187534694,21,ExtraTrees_Regularized,0.004964339187534694,2.253784513462411,3.400261336692024
2023-07-26,19778.30078125,0,1,0.5499649006240568,-0.0059863783008722304,21,ExtraTrees_Regularized,-0.0059863783008722304,2.2402925067561776,3.379906086008756
2023-07-27,19659.900390625,0,1,0.5269581074120613,-0.0007044597937843067,21,ExtraTrees_Regularized,-0.0007044597937843067,2.238714310758852,3.377525078064396
2023-07-28,19646.05078125,1,1,0.5290826355140459,0.005484562836559181,21,ExtraTrees_Regularized,0.005484562836559181,2.250992680069313,3.396049326587095
2023-07-31,19753.80078125,0,1,0.5586055421833488,-0.0010251191770254131,21,ExtraTrees_Regularized,-0.0010251191770254131,2.24868514430563,3.392567971296286
2023-08-01,19733.55078125,0,1,0.5575512695120629,-0.010489749274959825,21,ExtraTrees_Regularized,-0.010489749274959825,2.225097000943537,3.3569807838791292
2023-08-02,19526.55078125,0,1,0.5365586045020462,-0.007420685416911321,21,ExtraTrees_Regularized,-0.007420685416911321,2.208585256077422,3.3320696855313456
2023-08-03,19381.650390625,1,1,0.5320710951412686,0.006983389270114548,21,ExtraTrees_Regularized,0.006983389270114548,2.2240086666568466,3.355338825220559
2023-08-04,19517.0,1,1,0.5516754665269265,0.004114401867602702,21,ExtraTrees_Regularized,0.004114401867602702,2.2331591320685042,3.3691440375494865
2023-08-07,19597.30078125,0,1,0.5580801171263023,-0.0013497354646058168,21,ExtraTrees_Regularized,-0.0013497354646058168,2.230144957989843,3.364596584356641
2023-08-08,19570.849609375,1,0,0.5180929876027226,0.003152707884763739,21,ExtraTrees_Regularized,0.0,2.230144957989843,3.3752041745371915
2023-08-09,19632.55078125,0,1,0.5312284943630056,-0.004556268458015711,21,ExtraTrees_Regularized,-0.004556268458015711,2.219983818860951,3.3598258382173847
2023-08-10,19543.099609375,0,0,0.5076637423722504,-0.005874136161590715,21,ExtraTrees_Regularized,0.0,2.219983818860951,3.3400897637644653
2023-08-11,19428.30078125,1,0,0.5013077508642978,0.00032169565781225984,21,ExtraTrees_Regularized,0.0,2.219983818860951,3.3411642561381716
2023-08-14,19434.55078125,1,0,0.5175716492797192,0.0015667570139761278,21,ExtraTrees_Regularized,0.0,2.219983818860951,3.3463990486713224
2023-08-16,19465.0,0,0,0.5128922698561765,-0.005124582584125403,21,ExtraTrees_Regularized,0.0,2.219983818860951,3.3292501503869674
2023-08-17,19365.25,0,0,0.49662708583847354,-0.0028452826260957353,21,ExtraTrees_Regularized,0.0,2.219983818860951,3.3197774927761445
2023-08-18,19310.150390625,1,0,0.4962758149844525,0.0043215209131937105,21,ExtraTrees_Regularized,0.0,2.219983818860951,3.3341239806383265
2023-08-21,19393.599609375,1,1,0.5219150247930403,0.00014693555773015454,21,ExtraTrees_Regularized,0.00014693555773015454,2.2203100134215275,3.334613882004963
2023-08-22,19396.44921875,1,0,0.5160578635562882,0.0024515199000461063,21,ExtraTrees_Regularized,0.0,2.2203100134215275,3.3427887542956682
2023-08-23,19444.0,0,0,0.5171450056136643,-0.002946964680621278,21,ExtraTrees_Regularized,0.0,2.2203100134215275,3.3329376739019807
2023-08-24,19386.69921875,0,0,0.5020809611371969,-0.006236153774081932,21,ExtraTrees_Regularized,0.0,2.2203100134215275,3.312152962048097
2023-08-25,19265.80078125,1,0,0.5005641562276033,0.002089194238900971,21,ExtraTrees_Regularized,0.0,2.2203100134215275,3.3190726929347667
2023-08-28,19306.05078125,1,0,0.5127398665925808,0.0018957584743610756,21,ExtraTrees_Regularized,0.0,2.2203100134215275,3.325364853119418
2023-08-29,19342.650390625,1,0,0.5095300257348053,0.0002480956863764039,21,ExtraTrees_Regularized,0.0,2.2203100134215275,3.326189861795105
2023-08-30,19347.44921875,0,0,0.508858672088596,-0.004840350603388277,21,ExtraTrees_Regularized,0.0,2.2203100134215275,3.310089936690581
2023-08-31,19253.80078125,1,0,0.49971130115376206,0.009426710188917609,21,ExtraTrees_Regularized,0.0,2.2203100134215275,3.341293195223016
2023-09-01,19435.30078125,1,1,0.5588321174216496,0.004810833701642592,21,ExtraTrees_Regularized,0.004810833701642592,2.2309915556621904,3.3573676011336637
2023-09-04,19528.80078125,1,1,0.5894386974016009,0.0023605960187407238,21,ExtraTrees_Regularized,0.0023605960187407238,2.2362580254463307,3.365292989726349
2023-09-05,19574.900390625,1,1,0.586363729954196,0.0018467726478093027,21,ExtraTrees_Regularized,0.0018467726478093027,2.240387885601169,3.37150792077164
2023-09-06,19611.05078125,1,1,0.5785829953822293,0.005915032360780392,21,ExtraTrees_Regularized,0.005915032360780392,2.2536398524452004,3.3914504992276315
2023-09-07,19727.05078125,1,1,0.5879123348052876,0.004709190366575022,21,ExtraTrees_Regularized,0.004709190366575022,2.264252671528065,3.40742148524731
2023-09-08,19819.94921875,1,1,0.5747234981406038,0.008900143420050854,21,ExtraTrees_Regularized,0.008900143420050854,2.2844048450438983,3.437748025158574
2023-09-11,19996.349609375,0,1,0.5867033106210319,-0.0001575482868895195,21,ExtraTrees_Regularized,-0.0001575482868895195,2.2840449409739993,3.4372064138464524
2023-09-12,19993.19921875,1,1,0.5587847431505022,0.003841345269944396,21,ExtraTrees_Regularized,0.003841345269944396,2.2928187462043503,3.450409910446104
2023-09-13,20070.0,1,1,0.574435731252884,0.001649208239910216,21,ExtraTrees_Regularized,0.001649208239910216,2.296600081773211,3.4561003549014795
2023-09-14,20103.099609375,1,1,0.5709554752911505,0.004439613877174287,21,ExtraTrees_Regularized,0.004439613877174287,2.306796099366571,3.4714441059980072
2023-09-15,20192.349609375,0,1,0.5797844361140838,-0.002924316846098174,21,ExtraTrees_Regularized,-0.002924316846098174,2.3000502966726795,3.461292503518549
2023-09-18,20133.30078125,0,1,0.5507313330204774,-0.011518249945432046,21,ExtraTrees_Regularized,-0.011518249945432046,2.2735577424685385,3.421424471328772
2023-09-20,19901.400390625,0,1,0.534041333315453,-0.007991939166498319,21,ExtraTrees_Regularized,-0.007991939166498319,2.2553876072992085,3.3940806550911438
2023-09-21,19742.349609375,0,1,0.5262824973171305,-0.003449417659114995,21,ExtraTrees_Regularized,-0.003449417659114995,2.2476078334584413,3.3823730533430116
2023-09-22,19674.25,1,0,0.5148897940286926,1.5288066889551644e-05,21,ExtraTrees_Regularized,0.0,2.2476078334584413,3.3824247632884967
2023-09-25,19674.55078125,0,1,0.5226915210024793,-0.0005007261720755274,21,ExtraTrees_Regularized,-0.0005007261720755274,2.2464823973916666,3.380731094684442
2023-09-26,19664.69921875,1,0,0.5092107694799667,0.002631619198663282,21,ExtraTrees_Regularized,0.0,2.2464823973916666,3.3896278915387317
2023-09-27,19716.44921875,0,0,0.5163868902296548,-0.009783629666773708,21,ExtraTrees_Regularized,0.0,2.2464823973916666,3.3564650275397496
2023-09-28,19523.55078125,1,0,0.4969448510457397,0.005877516917168757,21,ExtraTrees_Regularized,0.0,2.2464823973916666,3.3761927075209996
2023-09-29,19638.30078125,0,0,0.5062357698878961,-0.005578424654468894,21,ExtraTrees_Regularized,0.0,2.2464823973916666,3.3573588708831266
2023-10-03,19528.75,0,1,0.5323206446130501,-0.004744307271330683,21,ExtraTrees_Regularized,-0.004744307271330683,2.2358243946188048,3.3414305287795294
2023-10-04,19436.099609375,1,1,0.5245248158499777,0.005641584105285702,21,ExtraTrees_Regularized,0.005641584105285702,2.248437985985696,3.3602814901396085
2023-10-05,19545.75,1,1,0.5350274484891084,0.0055127073660514725,21,ExtraTrees_Regularized,0.0055127073660514725,2.2608329666331497,3.3788057386623076
2023-10-06,19653.5,0,1,0.5403991263675718,-0.00718194675884698,21,ExtraTrees_Regularized,-0.00718194675884698,2.2445957846361444,3.3545393357387483
2023-10-09,19512.349609375,1,1,0.5262996516826645,0.00909680297624016,21,ExtraTrees_Regularized,0.00909680297624016,2.2650144302502784,3.385054919152011
2023-10-10,19689.849609375,1,1,0.5269914139999455,0.006170692128707245,21,ExtraTrees_Regularized,0.006170692128707245,2.278991136966432,3.405943050896864
2023-10-11,19811.349609375,0,1,0.5527694252087992,-0.0008757409120068171,21,ExtraTrees_Regularized,-0.0008757409120068171,2.2769953311896893,3.4029603272232287
2023-10-12,19794.0,0,1,0.5329612196354128,-0.0021698099802970328,21,ExtraTrees_Regularized,-0.0021698099802970328,2.272054683994984,3.395576549942665
2023-10-13,19751.05078125,0,1,0.5235502303944498,-0.0009772027556287366,21,ExtraTrees_Regularized,-0.0009772027556287366,2.269834425896845,3.3922583831811126
2023-10-16,19731.75,1,1,0.5250815700767425,0.004041709427698992,21,ExtraTrees_Regularized,0.004041709427698992,2.2790084370953076,3.4059689058696065
2023-10-17,19811.5,0,1,0.5471638509155224,-0.007086812741337156,21,ExtraTrees_Regularized,-0.007086812741337156,2.2628575310656855,3.3818314420308915
2023-10-18,19671.099609375,0,0,0.5041030055700927,-0.0023588102112444,21,ExtraTrees_Regularized,0.0,2.2628575310656855,3.3738543434927215
2023-10-19,19624.69921875,0,0,0.508043366747612,-0.004180896084593599,21,ExtraTrees_Regularized,0.0,2.2628575310656855,3.3597486090780238
2023-10-20,19542.650390625,0,0,0.505388433406102,-0.013350307425555652,21,ExtraTrees_Regularized,0.0,2.2628575310656855,3.314894932274249
2023-10-23,19281.75,0,0,0.48960467084116377,-0.008277236732921023,21,ExtraTrees_Regularized,0.0,2.2628575310656855,3.287456762175055
2023-10-25,19122.150390625,0,0,0.48687898363722204,-0.013853064912347501,21,ExtraTrees_Regularized,0.0,2.2628575310656855,3.241915410252108
2023-10-26,18857.25,1,0,0.49684092040590266,0.010075700327460302,21,ExtraTrees_Regularized,0.0,2.2628575310656855,3.274579978412784
2023-10-27,19047.25,1,0,0.5006054905960885,0.004916740769664862,21,ExtraTrees_Regularized,0.0,2.2628575310656855,3.290680239296174
2023-10-30,19140.900390625,0,0,0.5104114160071898,-0.0032026069828995363,21,ExtraTrees_Regularized,0.0,2.2628575310656855,3.2801414837833147
2023-10-31,19079.599609375,0,0,0.48948819814322264,-0.004740624572936891,21,ExtraTrees_Regularized,0.0,2.2628575310656855,3.264591564462582
2023-11-01,18989.150390625,1,1,0.5281921958787351,0.007588523257266999,21,ExtraTrees_Regularized,0.007588523257266999,2.280029278068059,3.2893649934749836
2023-11-02,19133.25,1,1,0.5314880691846855,0.005087980838331285,21,ExtraTrees_Regularized,0.005087980838331285,2.2916300233457036,3.306101219532062
2023-11-03,19230.599609375,1,1,0.5395900867898571,0.00941990339899168,21,ExtraTrees_Regularized,0.00941990339899168,2.313216956791849,3.3372443736473425
2023-11-06,19411.75,0,1,0.5512970166724601,-0.000260191958478706,21,ExtraTrees_Regularized,-0.000260191958478706,2.312615076341475,3.336376049497841
2023-11-07,19406.69921875,1,1,0.526093200561266,0.0018962926582819506,21,ExtraTrees_Regularized,0.0018962926582819506,2.3170004713321735,3.3427027949057715
2023-11-08,19443.5,0,1,0.5248599591212239,-0.002478937369815082,21,ExtraTrees_Regularized,-0.002478937369815082,2.311256772277909,3.3344164440312944
2023-11-09,19395.30078125,1,0,0.5102208385900551,0.001549283945833313,21,ExtraTrees_Regularized,0.0,2.311256772277909,3.3395824018967546
2023-11-10,19425.349609375,1,1,0.5236966539234745,0.0009369804014345284,21,ExtraTrees_Regularized,0.0009369804014345284,2.3134223745762164,3.3427115251563073
2023-11-13,19443.55078125,1,1,0.5410875009072399,0.011926753508604282,21,ExtraTrees_Regularized,0.011926753508604282,2.341013992999077,3.3825792215672172
2023-11-15,19675.44921875,1,1,0.5670371232717158,0.004561522280999375,21,ExtraTrees_Regularized,0.004561522280999375,2.351692580488274,3.3980089320536417
2023-11-16,19765.19921875,0,1,0.5704767575719817,-0.0016897597201204206,21,ExtraTrees_Regularized,-0.0016897597201204206,2.3477187850916588,3.392267113431648
2023-11-17,19731.80078125,0,1,0.5442605351945776,-0.0019157289123818977,21,ExtraTrees_Regularized,-0.0019157289123818977,2.3432211923369164,3.385768449243925
2023-11-20,19694.0,1,1,0.5445107279594575,0.0045394734754240496,21,ExtraTrees_Regularized,0.0045394734754240496,2.353858182786581,3.4011380553131954
2023-11-21,19783.400390625,1,1,0.5646313558535813,0.0014380348265852216,21,ExtraTrees_Regularized,0.0014380348265852216,2.357243112830271,3.40602901028676
2023-11-22,19811.849609375,0,1,0.5587449822259729,-0.0004971574875239915,21,ExtraTrees_Regularized,-0.0004971574875239915,2.356071191766813,3.4043356774615723
2023-11-23,19802.0,0,1,0.5470481862815835,-0.00036868908443588033,21,ExtraTrees_Regularized,-0.00036868908443588033,2.355202534036255,3.4030805360575367
2023-11-24,19794.69921875,1,1,0.5493329446003241,0.004799264638990497,21,ExtraTrees_Regularized,0.004799264638990497,2.3665057742755162,3.4194128201378744
2023-11-28,19889.69921875,1,1,0.5729233385756802,0.010402389113554511,21,ExtraTrees_Regularized,0.010402389113554511,2.3911230881790035,3.4549828828328253
2023-11-29,20096.599609375,1,1,0.5849805670884339,0.0018187545137213768,21,ExtraTrees_Regularized,0.0018187545137213768,2.3954719540884923,3.4612666485458075
2023-11-30,20133.150390625,1,1,0.5752089469077344,0.0066929416105065975,21,ExtraTrees_Regularized,0.0066929416105065975,2.4115047080068126,3.4844327041229186
2023-12-01,20267.900390625,1,1,0.6013893491437178,0.020668169003769332,21,ExtraTrees_Regularized,0.020668169003769332,2.461346094865283,3.556449548133992
2023-12-04,20686.80078125,1,1,0.6371844391754071,0.008135565760247543,21,ExtraTrees_Regularized,0.008135565760247543,2.481370537878788,3.585383277305839
2023-12-05,20855.099609375,1,1,0.6164495134587119,0.003960643244200535,21,ExtraTrees_Regularized,0.003960643244200535,2.4911983613359956,3.5995837013609697
2023-12-06,20937.69921875,0,1,0.6080738723756682,-0.0017455990623970186,21,ExtraTrees_Regularized,-0.0017455990623970186,2.4868497278122024,3.5933002714268545
2023-12-07,20901.150390625,1,1,0.5912122716507591,0.003265370504707432,21,ExtraTrees_Regularized,0.003265370504707432,2.49497021356304,3.605033728147729
2023-12-08,20969.400390625,1,1,0.5938083960779237,0.001320935183362959,21,ExtraTrees_Regularized,0.001320935183362959,2.498265907499578,3.6097957440364494
2023-12-11,20997.099609375,0,1,0.5729598119639646,-0.004319607014175553,21,ExtraTrees_Regularized,-0.004319607014175553,2.487474380562267,3.5942028450207686
2023-12-12,20906.400390625,1,1,0.5571442608764482,0.0009542158562574343,21,ExtraTrees_Regularized,0.0009542158562574343,2.4898479680582337,3.597632490366093
2023-12-13,20926.349609375,1,1,0.5659991980153509,0.012250087289956912,21,ExtraTrees_Regularized,0.012250087289956912,2.5203488230056688,3.641703802410263
2023-12-14,21182.69921875,1,1,0.5862714958515242,0.012932779200891975,21,ExtraTrees_Regularized,0.012932779200891975,2.552943937842829,3.6888011536018834
2023-12-15,21456.650390625,0,1,0.6231978743822689,-0.0017710126840955187,21,ExtraTrees_Regularized,-0.0017710126840955187,2.5484226417471247,3.682268239969748
2023-12-18,21418.650390625,1,1,0.5676473410429402,0.0016083748565725031,21,ExtraTrees_Regularized,0.0016083748565725031,2.552521460648031,3.688190707622071
2023-12-19,21453.099609375,0,1,0.5737750985371849,-0.01412146609423337,21,ExtraTrees_Regularized,-0.01412146609423337,2.516476115386687,3.6361080475953194
2023-12-20,21150.150390625,1,1,0.541825455223882,0.004959794076523361,21,ExtraTrees_Regularized,0.004959794076523361,2.5289573187174943,3.6541423947513816
2023-12-21,21255.05078125,1,1,0.5476169407146254,0.004438926556610712,21,ExtraTrees_Regularized,0.004438926556610712,2.5401831745200845,3.6703628644690807
2023-12-22,21349.400390625,1,1,0.5562343633193054,0.004306875934107168,21,ExtraTrees_Regularized,0.004306875934107168,2.551123428302649,3.6861706619595034
2023-12-26,21441.349609375,1,1,0.5607375562375895,0.0099527499207277,21,ExtraTrees_Regularized,0.0099527499207277,2.5765141218014547,3.72285819672311
2023-12-27,21654.75,1,1,0.5860064871231151,0.005723881307796219,21,ExtraTrees_Regularized,0.005723881307796219,2.591261782822507,3.744167395166909
2023-12-28,21778.69921875,0,1,0.5798480319124709,-0.0021717930740454694,21,ExtraTrees_Regularized,-0.0021717930740454694,2.5856340984295345,3.7360358383500185
2023-12-29,21731.400390625,1,1,0.5556071082830282,0.00048317180721269004,21,ExtraTrees_Regularized,0.00048317180721269004,2.5868834039296633,3.7378409855378454
2024-01-01,21741.900390625,0,1,0.5891316933032891,-0.003500136051024061,21,ExtraTrees_Regularized,-0.003500136051024061,2.577828960067773,3.7247580335513693
2024-01-02,21665.80078125,0,1,0.5648484195599461,-0.00685186637566948,21,ExtraTrees_Regularized,-0.00685186637566948,2.5601660204940577,3.699236489223774
2024-01-03,21517.349609375,1,1,0.5532184386145302,0.006564470186349425,21,ExtraTrees_Regularized,0.006564470186349425,2.576972154007696,3.7235200168695393
2024-01-04,21658.599609375,1,1,0.5797313364060609,0.002410182228605562,21,ExtraTrees_Regularized,0.002410182228605562,2.5831831264968965,3.7324943786420555
2024-01-05,21710.80078125,0,1,0.5777238267721096,-0.00911070868564301,21,ExtraTrees_Regularized,-0.00911070868564301,2.559648497549715,3.6984887096874477
2024-01-08,21513.0,1,1,0.5398275490180313,0.0014804820050666745,21,ExtraTrees_Regularized,0.0014804820050666745,2.5634380110896333,3.7039642556680823
2024-01-09,21544.849609375,1,1,0.5478151062037301,0.0034277152411805734,21,ExtraTrees_Regularized,0.0034277152411805734,2.572224746630067,3.716660390400024
2024-01-10,21618.69921875,1,1,0.5728905242450054,0.0013183031833516878,22,ExtraTrees_Deep,0.0013183031833516878,2.575615718701845,3.7215600756241254
2024-01-11,21647.19921875,1,1,0.5666971579132313,0.011426492637705898,22,ExtraTrees_Deep,0.011426492637705898,2.6050459727491515,3.7640844544290246
2024-01-12,21894.55078125,1,1,0.6540177052105591,0.009267074694848665,22,ExtraTrees_Deep,0.009267074694848665,2.6291871283621324,3.7989665062259372
2024-01-15,22097.44921875,0,1,0.6391891568646173,-0.0029482333845447517,22,ExtraTrees_Deep,-0.0029482333845447517,2.62143567109608,3.7877662663455145
2024-01-16,22032.30078125,0,1,0.5257114847078569,-0.020894393512082443,22,ExtraTrees_Deep,-0.020894393512082443,2.5666623626175884,3.7086231874447
2024-01-17,21571.94921875,0,1,0.5202041491106366,-0.0050852715087356115,22,ExtraTrees_Deep,-0.0050852715087356115,2.553610187632425,3.689763831612951
2024-01-18,21462.25,1,1,0.4895052822131181,0.00746195718645537,22,ExtraTrees_Deep,0.00746195718645537,2.5726651175234343,3.7172966913525785
2024-01-19,21622.400390625,0,1,0.5198169991400131,-0.01774084294273448,22,ExtraTrees_Deep,-0.01774084294273448,2.5270238697291996,3.6513487145797456
2024-01-23,21238.80078125,1,1,0.5300419241212765,0.010129971071150878,22,ExtraTrees_Deep,0.010129971071150878,2.552622548425664,3.6883367714291224
2024-01-24,21453.94921875,0,1,0.4986579127733685,-0.004724053755400193,22,ExtraTrees_Deep,-0.004724053755400193,2.5405638222896543,3.670912870252872
2024-01-25,21352.599609375,1,1,0.4776483354592183,0.018030591452244726,22,ExtraTrees_Deep,0.018030591452244726,2.586371690627712,3.7371016004731885
2024-01-29,21737.599609375,0,1,0.531774524597447,-0.009913698102483215,22,ExtraTrees_Deep,-0.009913698102483215,2.5607311825060197,3.7000531034277904
2024-01-30,21522.099609375,1,0,0.46674331404411434,0.009460025419002926,22,ExtraTrees_Deep,0.0,2.5607311825060197,3.735055699837878
2024-01-31,21725.69921875,0,1,0.5171466265317898,-0.0013003033741542103,22,ExtraTrees_Deep,-0.0013003033741542103,2.557401455109105,3.730198994308725
2024-02-01,21697.44921875,1,1,0.5463829763416103,0.007205988175093214,22,ExtraTrees_Deep,0.007205988175093214,2.5758300597535877,3.757078764152458
2024-02-02,21853.80078125,0,1,0.6540494749668525,-0.0037568550808078083,22,ExtraTrees_Deep,-0.0037568550808078083,2.566153039506305,3.7429639637083567
2024-02-05,21771.69921875,1,1,0.5342957012717792,0.007243402101531293,22,ExtraTrees_Deep,0.007243402101531293,2.5847407178255155,3.770075756749038
2024-02-06,21929.400390625,1,1,0.5978961380074306,5.014315737827957e-05,22,ExtraTrees_Deep,5.014315737827957e-05,2.5848703248861113,3.7702648002510366
2024-02-07,21930.5,0,1,0.5773091792708394,-0.009692017110872975,22,ExtraTrees_Deep,-0.009692017110872975,2.5598177174679275,3.7337233292944814
2024-02-08,21717.94921875,1,1,0.4885201040073235,0.0029722318898448563,22,ExtraTrees_Deep,0.0029722318898448563,2.5674260893199756,3.7448208208416682
2024-02-09,21782.5,0,1,0.5268849490104206,-0.0076414194307357075,22,ExtraTrees_Deep,-0.0076414194307357075,2.5478073097140683,3.7162050742566652
2024-02-12,21616.05078125,1,1,0.4872219844298681,0.005884480011507653,22,ExtraTrees_Deep,0.005884480011507653,2.5627998309012536,3.738073008734792
2024-02-13,21743.25,1,1,0.5293058441897057,0.004451992284961959,22,ExtraTrees_Deep,0.004451992284961959,2.574209395976328,3.7547148809303037
2024-02-14,21840.05078125,1,1,0.518842510470823,0.0032371361888359207,22,ExtraTrees_Deep,0.0032371361888359207,2.5825424623696844,3.766869404350124
2024-02-15,21910.75,1,1,0.5262184440129892,0.005930843022260657,22,ExtraTrees_Deep,0.005930843022260657,2.5978591163123217,3.789210115472681
2024-02-16,22040.69921875,1,1,0.5545023970798758,0.0037000088082788096,22,ExtraTrees_Deep,0.0037000088082788096,2.6074712179253448,3.803230226276349
2024-02-19,22122.25,1,1,0.584984626858545,0.0033766555730090353,22,ExtraTrees_Deep,0.0033766555730090353,2.616275750144813,3.8160724248153413
2024-02-20,22196.94921875,0,1,0.5774410942294073,-0.006392700010330099,22,ExtraTrees_Deep,-0.006392700010330099,2.5995506841298357,3.7916774185858038
2024-02-21,22055.05078125,1,1,0.4835689448373799,0.0073633218581414805,22,ExtraTrees_Deep,0.0073633218581414805,2.6186920125036357,3.8195967598010983
2024-02-22,22217.44921875,0,1,0.5751308184338048,-0.0002137959201901074,22,ExtraTrees_Deep,-0.0002137959201901074,2.618132146835128,3.8187801455970813
2024-02-23,22212.69921875,0,1,0.5357868078998503,-0.004080928508836235,22,ExtraTrees_Deep,-0.004080928508836235,2.607447736717208,3.8031959768319363
2024-02-26,22122.05078125,1,1,0.48838595340834373,0.003448994348646428,22,ExtraTrees_Deep,0.003448994348646428,2.6164408092255367,3.8163131782628246
2024-02-27,22198.349609375,0,1,0.5393024885177864,-0.011135927809948543,22,ExtraTrees_Deep,-0.011135927809948543,2.5873043132549975,3.7738149902095346
2024-02-28,21951.150390625,1,1,0.4990542804869983,0.0014418556686905948,22,ExtraTrees_Deep,0.0014418556686905948,2.591034832645692,3.7792562867457575
2024-02-29,21982.80078125,1,1,0.48923163837988953,0.016192168700068565,22,ExtraTrees_Deep,0.016192168700068565,2.632989305763645,3.8404506421015396
2024-03-01,22338.75,1,1,0.7222193021235068,0.0029925402887358565,22,ExtraTrees_Deep,0.0029925402887358565,2.640868632340953,3.85194334537493
2024-03-04,22405.599609375,0,1,0.6505596397987854,-0.00220029050703785,22,ExtraTrees_Deep,-0.00220029050703785,2.6350579541588792,3.8434679509984537
2024-03-05,22356.30078125,1,1,0.5889698139416786,0.005266971542034149,22,ExtraTrees_Deep,0.005266971542034149,2.6489367294150448,3.863711387319083
2024-03-06,22474.05078125,1,1,0.6253357633867594,0.0008676673462120199,22,ExtraTrees_Deep,0.0008676673462120199,2.65123512531734,3.8670638035250473
2024-03-07,22493.55078125,0,1,0.6011447573256774,-0.007153178801771132,22,ExtraTrees_Deep,-0.007153178801771132,2.632270366420409,3.8394020047005757
2024-03-11,22332.650390625,1,1,0.5314487511326902,0.0001365188668460693,22,ExtraTrees_Deep,0.0001365188668460693,2.632629720988065,3.8399261555116238
2024-03-12,22335.69921875,0,1,0.5398783353814584,-0.015132725270416536,22,ExtraTrees_Deep,-0.015132725270416536,2.592790858681619,3.7818176079415795
2024-03-13,21997.69921875,1,1,0.5184270744562297,0.006771215952804832,22,ExtraTrees_Deep,0.006771215952804832,2.6103472055062107,3.8074251116590716
2024-03-14,22146.650390625,0,1,0.5217553581779321,-0.005567468627318717,22,ExtraTrees_Deep,-0.005567468627318717,2.595814179333146,3.786227391799044
2024-03-15,22023.349609375,1,1,0.4874239159053026,0.0014688778023679294,22,ExtraTrees_Deep,0.0014688778023679294,2.59962711316024,3.791788897169575
2024-03-18,22055.69921875,0,1,0.4923539831138685,-0.010802196640288697,22,ExtraTrees_Deep,-0.010802196640288697,2.571545429892457,3.750829247883886
2024-03-19,21817.44921875,1,0,0.4674308829009473,0.0009923428906801757,22,ExtraTrees_Deep,0.0,2.571545429892457,3.7545513566221786
2024-03-20,21839.099609375,1,1,0.47453403944648603,0.0079146856998078,22,ExtraTrees_Deep,0.0079146856998078,2.591898403732833,3.7842674505536302
2024-03-21,22011.94921875,1,1,0.4976164873472989,0.0038524885010076115,22,ExtraTrees_Deep,0.0038524885010076115,2.601883662528994,3.7988462973916253
2024-03-22,22096.75,0,1,0.4772584019215809,-0.00416580634029895,22,ExtraTrees_Deep,-0.00416580634029895,2.5910447190709105,3.78302103940013
2024-03-26,22004.69921875,1,0,0.4571134893425605,0.005405716783151604,22,ExtraTrees_Deep,0.0,2.5910447190709105,3.803470979723831
2024-03-27,22123.650390625,1,1,0.4953791886156368,0.009187001078543977,22,ExtraTrees_Deep,0.009187001078543977,2.6148486496995704,3.8384134717167644
2024-03-28,22326.900390625,1,1,0.5442539590788477,0.006050979178091831,22,ExtraTrees_Deep,0.006050979178091831,2.630671044432764,3.8616396317110295
2024-04-01,22462.0,0,1,0.6511492981463434,-0.0003872860275131451,22,ExtraTrees_Deep,-0.0003872860275131451,2.629652222294272,3.8601440726383767
2024-04-02,22453.30078125,0,1,0.5868601808325313,-0.0008306302403686683,22,ExtraTrees_Deep,-0.0008306302403686683,2.6274679536367818,3.8569377202394635
2024-04-03,22434.650390625,1,1,0.5685326759922414,0.003565912488363576,22,ExtraTrees_Deep,0.003565912488363576,2.6368372744254303,3.8706912226229058
2024-04-04,22514.650390625,0,1,0.6108025753934493,-4.224679746289706e-05,22,ExtraTrees_Deep,-4.224679746289706e-05,2.636725876495155,3.870527698314782
2024-04-05,22513.69921875,1,1,0.6009420301122996,0.006778164752814453,22,ExtraTrees_Deep,0.006778164752814453,2.654598038894048,3.8967627727342915
2024-04-08,22666.30078125,0,1,0.614818382930006,-0.0010390218270411866,22,ExtraTrees_Deep,-0.0010390218270411866,2.651839853589616,3.892713951158619
2024-04-09,22642.75,1,1,0.5451697681304272,0.0049044741142307835,22,ExtraTrees_Deep,0.0049044741142307835,2.664845733506632,3.9118056659661815
2024-04-10,22753.80078125,0,1,0.6107390828751844,-0.010301592814249916,22,ExtraTrees_Deep,-0.010301592814249916,2.6373935778472557,3.8715078368269222
2024-04-12,22519.400390625,0,1,0.5188818877986776,-0.010963897188301042,22,ExtraTrees_Deep,-0.010963897188301042,2.608477465814653,3.82906102294025
2024-04-15,22272.5,0,1,0.4782550957339671,-0.005594325260972033,22,ExtraTrees_Deep,-0.005594325260972033,2.5938847944349694,3.8076400101338117
2024-04-16,22147.900390625,0,0,0.4536844650685285,-0.0068652458503182245,22,ExtraTrees_Deep,0.0,2.5938847944349694,3.781499625354735
2024-04-18,21995.849609375,1,0,0.4601123278267191,0.0068717686886063944,22,ExtraTrees_Deep,0.0,2.5938847944349694,3.8074852160762243
2024-04-19,22147.0,1,1,0.48618723450578105,0.008551965982977361,22,ExtraTrees_Deep,0.008551965982977361,2.6160676089607393,3.8400467001247973
2024-04-22,22336.400390625,1,1,0.5030567130435971,0.0014147135985376202,22,ExtraTrees_Deep,0.0014147135985376202,2.6197685953818297,3.8454792664104835
2024-04-23,22368.0,1,1,0.49509930608958735,0.0015379287654238016,22,ExtraTrees_Deep,0.0015379287654238016,2.6237976128634215,3.851393339591137
2024-04-24,22402.400390625,1,1,0.49137636575651494,0.0074969296067168845,22,ExtraTrees_Deep,0.0074969296067168845,2.6434680388693303,3.8802669643458296
2024-04-25,22570.349609375,0,1,0.5442353320207479,-0.006663626980883297,22,ExtraTrees_Deep,-0.006663626980883297,2.625852953922418,3.8544103127091844
2024-04-26,22419.94921875,1,1,0.4704084593021113,0.00996662256880243,22,ExtraTrees_Deep,0.00996662256880243,2.652023839235338,3.892825765521257
2024-04-29,22643.400390625,0,1,0.56177280730786,-0.00170251731563964,22,ExtraTrees_Deep,-0.00170251731563964,2.6475087227275504,3.8861981622486885
2024-04-30,22604.849609375,1,1,0.48982987910607806,0.0019177127972140884,22,ExtraTrees_Deep,0.0019177127972140884,2.652585884085861,3.8936507741969426
2024-05-02,22648.19921875,0,1,0.6130035513200763,-0.007609859296553445,22,ExtraTrees_Deep,-0.007609859296553445,2.632400078735944,3.8640206396553873
2024-05-03,22475.849609375,0,1,0.5583435255880207,-0.0014749338156797576,22,ExtraTrees_Deep,-0.0014749338156797576,2.6285174628434183,3.858321464949475
2024-05-06,22442.69921875,0,1,0.5492671201968329,-0.006246985595782073,22,ExtraTrees_Deep,-0.006246985595782073,2.6120971521147736,3.834218586334039
2024-05-07,22302.5,0,1,0.530616778103327,0.0,22,ExtraTrees_Deep,0.0,2.6120971521147736,3.834218586334039
2024-05-08,22302.5,0,1,0.515232571385437,-0.01546911781190452,22,ExtraTrees_Deep,-0.01546911781190452,2.57169031353257,3.774906607305444
2024-05-09,21957.5,1,0,0.460517907388863,0.0044494691449390444,22,ExtraTrees_Deep,0.0,2.57169031353257,3.791702937779676
2024-05-10,22055.19921875,1,1,0.4854627174964393,0.0022149680905385605,22,ExtraTrees_Deep,0.0022149680905385605,2.5773865255157915,3.8001014387956595
2024-05-13,22104.05078125,1,1,0.4920548458986235,0.005148324587705533,22,ExtraTrees_Deep,0.005148324587705533,2.5906557479371255,3.8196655944687863
2024-05-14,22217.849609375,0,1,0.49896001842916043,-0.0007786004689536163,22,ExtraTrees_Deep,-0.0007786004689536163,2.5886386621568844,3.816691601045687
2024-05-15,22200.55078125,1,0,0.46864113831854065,0.009157377676264788,22,ExtraTrees_Deep,0.0,2.5886386621568844,3.85164248751029
2024-05-16,22403.849609375,1,1,0.5320357537788053,0.0027785403439750667,22,ExtraTrees_Deep,0.0027785403439750667,2.595831299115661,3.8623444315524056
2024-05-17,22466.099609375,1,1,0.4979085393713904,0.002802051667603722,22,ExtraTrees_Deep,0.002802051667603722,2.603104952536166,3.873166920207697
2024-05-21,22529.05078125,1,1,0.5008448787729681,0.0030516154749500313,22,ExtraTrees_Deep,0.0030516154749500313,2.6110486278922447,3.8849863363184673
2024-05-22,22597.80078125,1,1,0.5209165118474739,0.01636661960848307,22,ExtraTrees_Deep,0.01636661960848307,2.653782667564209,3.948570429869146
2024-05-23,22967.650390625,0,1,0.6035666520471668,-0.0004593757337192361,22,ExtraTrees_Deep,-0.0004593757337192361,2.6525635842041653,3.946756552430783
2024-05-24,22957.099609375,0,1,0.5603944889391638,-0.0010737589261899938,22,ExtraTrees_Deep,-0.0010737589261899938,2.6497153703783396,3.9425186873531115
2024-05-27,22932.44921875,0,1,0.5388030950700763,-0.0019317094176221072,22,ExtraTrees_Deep,-0.0019317094176221072,2.6445968902433616,3.9349028868756
2024-05-28,22888.150390625,0,1,0.5239988789367237,-0.008015115627261094,22,ExtraTrees_Deep,-0.008015115627261094,2.623400140380566,3.9033641852552488
2024-05-29,22704.69921875,0,1,0.4704544460367105,-0.009515599658179275,22,ExtraTrees_Deep,-0.009515599658179275,2.598436914901493,3.8662213343482845
2024-05-30,22488.650390625,1,0,0.46868879881525577,0.0018697799732139142,22,ExtraTrees_Deep,0.0,2.598436914901493,3.8734503175712613
2024-05-31,22530.69921875,1,1,0.5217640805298265,0.03254231769535276,22,ExtraTrees_Deep,0.03254231769535276,2.68299607449755,3.9995013683828304
2024-06-03,23263.900390625,0,1,0.6276915924040439,-0.05929359941641077,22,ExtraTrees_Deep,-0.05929359941641077,2.52391158002049,3.762356536380552
2024-06-04,21884.5,1,1,0.5727393447038148,0.033624236760035675,22,ExtraTrees_Deep,0.033624236760035675,2.6087761805484946,3.8888629033354793
2024-06-05,22620.349609375,1,1,0.5739215214534448,0.008888049244237806,22,ExtraTrees_Deep,0.008888049244237806,2.631963111708404,3.9234273083244147
2024-06-06,22821.400390625,1,1,0.5975597580432953,0.020539931466807104,22,ExtraTrees_Deep,0.020539931466807104,2.686023453646059,4.004014236352398
2024-06-07,23290.150390625,0,1,0.7358031577364244,-0.0013289382574128705,22,ExtraTrees_Deep,-0.0013289382574128705,2.6824538943182006,3.9986931486504833
2024-06-10,23259.19921875,1,1,0.5647465854735653,0.0002429314342191624,22,ExtraTrees_Deep,0.0002429314342191624,2.683105546689974,3.999664556912087
2024-06-11,23264.849609375,1,1,0.5675124855460967,0.002497312914139238,22,ExtraTrees_Deep,0.002497312914139238,2.6898061008217216,4.009652970862288
2024-06-12,23322.94921875,1,1,0.5595274283405758,0.0032564994745150067,22,ExtraTrees_Deep,0.0032564994745150067,2.6985654529755947,4.022710403654889
2024-06-13,23398.900390625,1,1,0.5567246613957534,0.0028505279152657437,22,ExtraTrees_Deep,0.0028505279152657437,2.7062577891304733,4.034177251955537
2024-06-14,23465.599609375,1,1,0.5653411934187482,0.003933450786960613,22,ExtraTrees_Deep,0.003933450786960613,2.7169027209608467,4.05004548964198
2024-06-18,23557.900390625,0,1,0.5609754597704115,-0.0017786131162043084,22,ExtraTrees_Deep,-0.0017786131162043084,2.7120704021458946,4.042842025612879
2024-06-19,23516.0,1,1,0.5230689139075207,0.0021687361796223215,22,ExtraTrees_Deep,0.0021687361796223215,2.7179521673487113,4.051609883382324
2024-06-20,23567.0,0,1,0.5610907093781261,-0.00279629951309035,22,ExtraTrees_Deep,-0.00279629951309035,2.7103519590265512,4.040280368638189
2024-06-21,23501.099609375,1,1,0.521328632679629,0.00156375661610908,22,ExtraTrees_Deep,0.00156375661610908,2.7145902898344634,4.046598383795583
2024-06-24,23537.849609375,1,1,0.5362147141463814,0.007793879853915442,22,ExtraTrees_Deep,0.007793879853915442,2.735747480406039,4.078137085415935
2024-06-25,23721.30078125,1,1,0.5946535907001603,0.006218040121837909,22,ExtraTrees_Deep,0.006218040121837909,2.7527584680024204,4.103495105435406
2024-06-26,23868.80078125,1,1,0.6020183915742993,0.007361040898544724,22,ExtraTrees_Deep,0.007361040898544724,2.7730216356692017,4.133701100733494
2024-06-27,24044.5,0,1,0.579458162042591,-0.0014099020825968367,22,ExtraTrees_Deep,-0.0014099020825968367,2.7691119466899856,4.127872986942736
2024-06-28,24010.599609375,1,1,0.5640249325582006,0.005470484349075377,22,ExtraTrees_Deep,0.005470484349075377,2.784260330255191,4.150454451512777
2024-07-01,24141.94921875,0,1,0.61737584411729,-0.0007497161563467802,22,ExtraTrees_Deep,-0.0007497161563467802,2.782172925302123,4.147342788754297
2024-07-02,24123.849609375,1,1,0.5797762643871582,0.006742306607722792,22,ExtraTrees_Deep,0.006742306607722792,2.800931188200215,4.175305445443406
2024-07-03,24286.5,1,1,0.605626590811943,0.0006444070008029268,22,ExtraTrees_Deep,0.0006444070008029268,2.8027361278666585,4.177996041502941
2024-07-04,24302.150390625,1,1,0.6077031449051907,0.0008928929498506211,22,ExtraTrees_Deep,0.0008928929498506211,2.8052386711955224,4.181726544712903
2024-07-05,24323.849609375,0,1,0.6559763844932419,-0.00013562113637344275,22,ExtraTrees_Deep,-0.00013562113637344275,2.804858221539136,4.181159414206905
2024-07-08,24320.55078125,1,1,0.586779156154661,0.004631820986013446,22,ExtraTrees_Deep,0.004631820986013446,2.8178498227124535,4.200525796127496
2024-07-09,24433.19921875,0,1,0.6089604031904544,-0.004450911197766749,22,ExtraTrees_Deep,-0.004450911197766749,2.805307823382918,4.181829628825004
2024-07-10,24324.44921875,0,1,0.587253738674096,-0.0003494426502141934,23,VotingEnsemble(HGB+ET+LR),-0.0003494426502141934,2.8043275291824483,4.180368319196763
2024-07-11,24315.94921875,1,1,0.5890239331780958,0.007657573644356042,23,VotingEnsemble(HGB+ET+LR),0.007657573644356042,2.825801873760058,4.212379797461545
2024-07-12,24502.150390625,1,1,0.598469443754981,0.003450669707641296,23,VotingEnsemble(HGB+ET+LR),0.003450669707641296,2.835552782685638,4.226915328825726
2024-07-15,24586.69921875,1,1,0.5702205316674692,0.0010697158254551198,23,VotingEnsemble(HGB+ET+LR),0.0010697158254551198,2.83858601837119,4.23143692704583
2024-07-16,24613.0,1,1,0.5613462574315305,0.007632129743428306,23,VotingEnsemble(HGB+ET+LR),0.007632129743428306,2.8602504751512807,4.263731802674177
2024-07-18,24800.849609375,0,1,0.5717099009146897,-0.010884676251089243,23,VotingEnsemble(HGB+ET+LR),-0.010884676251089243,2.829117574732235,4.217322462380595
2024-07-19,24530.900390625,0,1,0.5372562769942039,-0.0008825762723847497,23,VotingEnsemble(HGB+ET+LR),-0.0008825762723847497,2.8266206626889896,4.2136003536423035
2024-07-22,24509.25,0,1,0.529023823380769,-0.0012321559717249908,23,VotingEnsemble(HGB+ET+LR),-0.0012321559717249908,2.823137825159656,4.2084085408041005
2024-07-23,24479.05078125,0,1,0.5255510398273573,-0.002677831825905974,23,VotingEnsemble(HGB+ET+LR),-0.002677831825905974,2.8155779368425247,4.197139130477121
2024-07-24,24413.5,0,1,0.5216439316021992,-0.0003031269840456652,23,VotingEnsemble(HGB+ET+LR),-0.0003031269840456652,2.814724459194184,4.195866864350879
2024-07-25,24406.099609375,1,1,0.5139645472395091,0.01756732976027453,23,VotingEnsemble(HGB+ET+LR),0.01756732976027453,2.864171651953159,4.269577041187141
2024-07-26,24834.849609375,1,1,0.546733010751656,5.03324972633834e-05,23,VotingEnsemble(HGB+ET+LR),5.03324972633834e-05,2.8643158128649926,4.269791939661882
2024-07-29,24836.099609375,1,1,0.5548726478104634,0.0008536433743000504,23,VotingEnsemble(HGB+ET+LR),0.0008536433743000504,2.8667609170805477,4.273436819260814
2024-07-30,24857.30078125,1,1,0.5478599494443739,0.00377553501085659,23,VotingEnsemble(HGB+ET+LR),0.00377553501085659,2.8775844732907405,4.289571329588617
2024-07-31,24951.150390625,1,1,0.5655450386326281,0.0023946791656728195,23,VotingEnsemble(HGB+ET+LR),0.0023946791656728195,2.8844753648763937,4.299843476681251
2024-08-01,25010.900390625,0,1,0.6122187275966929,-0.011722935491954689,23,VotingEnsemble(HGB+ET+LR),-0.011722935491954689,2.850660846245815,4.249436688978615
2024-08-02,24717.69921875,0,1,0.5561879050066174,-0.02678645789462286,23,VotingEnsemble(HGB+ET+LR),-0.02678645789462286,2.7743017395160017,4.1356093320334235
2024-08-05,24055.599609375,0,1,0.5827867500908135,-0.0026209626510589334,23,VotingEnsemble(HGB+ET+LR),-0.0026209626510589334,2.7670303982739624,4.124770054434793
2024-08-06,23992.55078125,1,1,0.5749890974430163,0.012710162480444431,23,VotingEnsemble(HGB+ET+LR),0.012710162480444431,2.802199804224353,4.177196552021131
2024-08-07,24297.5,0,1,0.5883394677755792,-0.007428747813561065,23,VotingEnsemble(HGB+ET+LR),-0.007428747813561065,2.7813829685555604,4.14616521226849
2024-08-08,24117.0,1,1,0.5556992010237122,0.010386864037815746,23,VotingEnsemble(HGB+ET+LR),0.010386864037815746,2.8102728152870435,4.1892308666066445
2024-08-09,24367.5,0,1,0.5647588660436021,-0.0008412844977941925,23,VotingEnsemble(HGB+ET+LR),-0.0008412844977941925,2.80790857633297,4.1857065316208875
2024-08-12,24347.0,0,1,0.525567013982818,-0.008543146999630324,23,VotingEnsemble(HGB+ET+LR),-0.008543146999630324,2.7839202006038346,4.149947425423937
2024-08-13,24139.0,1,1,0.5508521369552296,0.00019677699987563635,23,VotingEnsemble(HGB+ET+LR),0.00019677699987563635,2.784468012068803,4.150764039627954
2024-08-14,24143.75,1,1,0.5580071900676737,0.016459762490292462,23,VotingEnsemble(HGB+ET+LR),0.016459762490292462,2.830299694209272,4.2190846298734765
2024-08-16,24541.150390625,1,1,0.54803562149538,0.0012835584110202358,23,VotingEnsemble(HGB+ET+LR),0.0012835584110202358,2.8339325491874825,4.224500071436957
2024-08-19,24572.650390625,1,1,0.5292524794295199,0.005135759339910173,23,VotingEnsemble(HGB+ET+LR),0.005135759339910173,2.8484869447456473,4.24619608713529
2024-08-20,24698.849609375,1,1,0.5329313867539008,0.0028887826964991703,23,VotingEnsemble(HGB+ET+LR),0.0028887826964991703,2.8567156045428326,4.25846242491775
2024-08-21,24770.19921875,1,1,0.5200026686589877,0.001667357653657442,23,VotingEnsemble(HGB+ET+LR),0.001667357653657442,2.8614787711703897,4.265562804834749
2024-08-22,24811.5,1,1,0.5407899281914433,0.00046955607782672715,23,VotingEnsemble(HGB+ET+LR),0.00046955607782672715,2.862822395918965,4.2675657257751105
2024-08-23,24823.150390625,1,1,0.5358836159934047,0.007551387144671073,23,VotingEnsemble(HGB+ET+LR),0.007551387144671073,2.884440676156984,4.299791766735767
2024-08-26,25010.599609375,1,1,0.5803740731030885,0.0002858944102370753,23,VotingEnsemble(HGB+ET+LR),0.0002858944102370753,2.8852653216229576,4.3010210531670605
2024-08-27,25017.75,1,1,0.5682416531958442,0.0013830024432652799,23,VotingEnsemble(HGB+ET+LR),0.0013830024432652799,2.8892556506122307,4.306969375792126
2024-08-28,25052.349609375,1,1,0.5602968314103886,0.00397565940632294,23,VotingEnsemble(HGB+ET+LR),0.00397565940632294,2.900742347016859,4.324092419103739
2024-08-29,25151.94921875,1,1,0.5566911397559492,0.003337760073577778,23,VotingEnsemble(HGB+ET+LR),0.003337760073577778,2.910424329006468,4.338525202134684
2024-08-30,25235.900390625,1,1,0.5872671741140959,0.001695950113232314,23,VotingEnsemble(HGB+ET+LR),0.001695950113232314,2.915360263476801,4.345883124442506
2024-09-02,25278.69921875,1,1,0.6084037098834812,4.550829989491412e-05,23,VotingEnsemble(HGB+ET+LR),4.550829989491412e-05,2.915492936565973,4.346080898195041
2024-09-03,25279.849609375,0,1,0.6256201913369689,-0.0032100820170585243,23,VotingEnsemble(HGB+ET+LR),-0.0032100820170585243,2.9061339651194418,4.332129622059063
2024-09-04,25198.69921875,0,1,0.5966179146301088,-0.0021270784221717465,23,VotingEnsemble(HGB+ET+LR),-0.0021270784221717465,2.899952390270296,4.32291484261793
2024-09-05,25145.099609375,0,1,0.6012616581211933,-0.011650350298901935,23,VotingEnsemble(HGB+ET+LR),-0.011650350298901935,2.866166929073509,4.272551370389109
2024-09-06,24852.150390625,1,1,0.562660947497074,0.003390048695012693,23,VotingEnsemble(HGB+ET+LR),0.003390048695012693,2.875883374531103,4.287035527586671
2024-09-09,24936.400390625,1,1,0.5872201876363922,0.0041986500501236534,23,VotingEnsemble(HGB+ET+LR),0.0041986500501236534,2.887958202405728,4.305035289519455
2024-09-10,25041.099609375,0,1,0.5990334012679065,-0.004897963449619458,23,VotingEnsemble(HGB+ET+LR),-0.004897963449619458,2.873813088686316,4.283949384022066
2024-09-11,24918.44921875,1,1,0.5520205171447536,0.01887963282727112,23,VotingEnsemble(HGB+ET+LR),0.01887963282727112,2.9280696246149196,4.3648287754430175
2024-09-12,25388.900390625,0,1,0.5889869854128275,-0.0012761636040355961,23,VotingEnsemble(HGB+ET+LR),-0.0012761636040355961,2.924332928729904,4.359258539821949
2024-09-13,25356.5,1,1,0.5890733489586262,0.0010746751326089488,23,VotingEnsemble(HGB+ET+LR),0.0010746751326089488,2.927475636607879,4.3639433265713095
2024-09-16,25383.75,1,1,0.5557891998310986,0.0013709866056039743,23,VotingEnsemble(HGB+ET+LR),0.0013709866056039743,2.9314891664939005,4.369926234419654
2024-09-17,25418.55078125,0,1,0.540837834669134,-0.0016129951842196455,23,VotingEnsemble(HGB+ET+LR),-0.0016129951842196455,2.9267606885857536,4.36287756444814
2024-09-18,25377.55078125,1,1,0.5412231435268353,0.0015072376499098983,23,VotingEnsemble(HGB+ET+LR),0.0015072376499098983,2.9311720124878664,4.369453457775223
2024-09-19,25415.80078125,1,1,0.5377184221585691,0.014760441377741573,23,VotingEnsemble(HGB+ET+LR),0.014760441377741573,2.9744374051462703,4.4339485193914845
2024-09-20,25790.94921875,1,1,0.5339517165777833,0.005742385099666292,23,VotingEnsemble(HGB+ET+LR),0.005742385099666292,2.9915177701814724,4.459409959301926
2024-09-23,25939.05078125,1,1,0.5453467323834924,5.2030021699067674e-05,23,VotingEnsemble(HGB+ET+LR),5.2030021699067674e-05,2.991673418915968,4.459641982498874
2024-09-24,25940.400390625,1,1,0.5304348813531439,0.0024575565157058943,23,VotingEnsemble(HGB+ET+LR),0.0024575565157058943,2.999025625419489,4.47060180471068
2024-09-25,26004.150390625,1,1,0.5650567414465061,0.008148714241454025,23,VotingEnsemble(HGB+ET+LR),0.008148714241454025,3.0234638282438304,4.507031461304596
2024-09-26,26216.05078125,0,1,0.5469919834517621,-0.0014152231703233875,23,VotingEnsemble(HGB+ET+LR),-0.0014152231703233875,3.019184952179465,4.500653005951182
2024-09-27,26178.94921875,0,1,0.5243085855067329,-0.014060900852023384,23,VotingEnsemble(HGB+ET+LR),-0.014060900852023384,2.9767324919129488,4.437369770265141
2024-09-30,25810.849609375,0,1,0.5034055986588204,-0.0005404401234794243,23,VotingEnsemble(HGB+ET+LR),-0.0005404401234794243,2.975123746237454,4.434971637598575
2024-10-01,25796.900390625,0,1,0.5656745116700788,-0.021196375260987388,23,VotingEnsemble(HGB+ET+LR),-0.021196375260987388,2.9120619068643303,4.3409663144962
2024-10-03,25250.099609375,0,1,0.5516679629227758,-0.009326695880144675,23,VotingEnsemble(HGB+ET+LR),-0.009326695880144675,2.8849019910748526,4.300479441854941
2024-10-04,25014.599609375,0,1,0.5855312973583587,-0.008748875168602677,23,VotingEnsemble(HGB+ET+LR),-0.008748875168602677,2.8596623436812854,4.26285508405301
2024-10-07,24795.75,1,1,0.5743059554188633,0.00876764730346924,23,VotingEnsemble(HGB+ET+LR),0.00876764730346924,2.884734854517695,4.300230293935788
2024-10-08,25013.150390625,0,1,0.6051626871575174,-0.0012473907279866303,23,VotingEnsemble(HGB+ET+LR),-0.0012473907279866303,2.88113646300747,4.294866226538925
2024-10-09,24981.94921875,1,1,0.5670706777248157,0.0006604768849507447,23,VotingEnsemble(HGB+ET+LR),0.0006604768849507447,2.883039387043675,4.29770288640551
2024-10-10,24998.44921875,0,1,0.566784875083587,-0.0013680536120755926,23,VotingEnsemble(HGB+ET+LR),-0.0013680536120755926,2.8790952345964738,4.291823398448135
2024-10-11,24964.25,1,1,0.5488690832271015,0.006557345754428789,23,VotingEnsemble(HGB+ET+LR),0.006557345754428789,2.897974457509651,4.319966368388707
2024-10-14,25127.94921875,0,1,0.5454597792821289,-0.0028096049048969007,23,VotingEnsemble(HGB+ET+LR),-0.0028096049048969007,2.8898322942595662,4.3078289696910925
2024-10-15,25057.349609375,0,1,0.5450127260309378,-0.0034340754096676696,23,VotingEnsemble(HGB+ET+LR),-0.0034340754096676696,2.879908392239786,4.2930355601572225
2024-10-16,24971.30078125,0,1,0.49222985959597093,-0.008868227322834543,23,VotingEnsemble(HGB+ET+LR),-0.008868227322834543,2.8543687099484645,4.254963944904736
2024-10-17,24749.849609375,1,1,0.49749378154361285,0.004210173941240125,23,VotingEnsemble(HGB+ET+LR),0.004210173941240125,2.8663860987097807,4.27287808322649
2024-10-18,24854.05078125,0,1,0.49650851133618995,-0.00293518237799828,23,VotingEnsemble(HGB+ET+LR),-0.00293518237799828,2.8579727327443085,4.260336406773269
2024-10-21,24781.099609375,0,1,0.5052958146391753,-0.012469180337869368,23,VotingEnsemble(HGB+ET+LR),-0.012469180337869368,2.8223361553390065,4.207213503817223
2024-10-22,24472.099609375,0,1,0.4984513886160571,-0.001495564743491773,23,VotingEnsemble(HGB+ET+LR),-0.001495564743491773,2.8181151688907993,4.200921343632571
2024-10-23,24435.5,0,1,0.47591966348391446,-0.0014773427748562273,23,VotingEnsemble(HGB+ET+LR),-0.0014773427748562273,2.813951846807326,4.194715142837817
2024-10-24,24399.400390625,0,1,0.4764291780674159,-0.008959220549493163,23,VotingEnsemble(HGB+ET+LR),-0.008959220549493163,2.7887410315961256,4.157133764730834
2024-10-25,24180.80078125,1,1,0.5020555607463714,0.0065485676346082045,23,VotingEnsemble(HGB+ET+LR),0.0065485676346082045,2.80700329085694,4.184357036355287
2024-10-28,24339.150390625,1,1,0.5180522195207831,0.0052466588480091225,23,VotingEnsemble(HGB+ET+LR),0.0052466588480091225,2.821730679509305,4.20631093022331
2024-10-29,24466.849609375,0,1,0.4908622451421623,-0.005149825253829232,23,VotingEnsemble(HGB+ET+LR),-0.005149825253829232,2.807199259596463,4.184649163969389
2024-10-30,24340.849609375,0,1,0.4793805166475813,-0.005566773640794054,23,VotingEnsemble(HGB+ET+LR),-0.005566773640794054,2.791572216753685,4.161354169307433
2024-10-31,24205.349609375,1,1,0.4847911525867032,0.004090004961616156,23,VotingEnsemble(HGB+ET+LR),0.004090004961616156,2.8029897609709176,4.178374128506943
2024-11-01,24304.349609375,0,1,0.5630973574336522,-0.0127137736646451,23,VotingEnsemble(HGB+ET+LR),-0.0127137736646451,2.7673531835656155,4.125251225550897
2024-11-04,23995.349609375,1,1,0.5709341311964393,0.00908305881860727,23,VotingEnsemble(HGB+ET+LR),0.00908305881860727,2.792489215303802,4.162721125074107
2024-11-05,24213.30078125,1,1,0.5648276518475583,0.011181870759630508,23,VotingEnsemble(HGB+ET+LR),0.011181870759630508,2.8237144688069913,4.209268134703069
2024-11-06,24484.05078125,0,1,0.6005213291698438,-0.011628025706147627,23,VotingEnsemble(HGB+ET+LR),-0.011628025706147627,2.7908802443768828,4.160322656628674
2024-11-07,24199.349609375,0,1,0.5505664113232801,-0.002113709312467793,23,VotingEnsemble(HGB+ET+LR),-0.002113709312467793,2.784981134814361,4.151528943886487
2024-11-08,24148.19921875,0,1,0.5328219749885529,-0.00028567088740283353,23,VotingEnsemble(HGB+ET+LR),-0.00028567088740283353,2.7841855467821786,4.150342972929009
2024-11-11,24141.30078125,0,1,0.5265162804232186,-0.010680930776533315,23,VotingEnsemble(HGB+ET+LR),-0.010680930776533315,2.7544478536879735,4.106013446936283
2024-11-12,23883.44921875,0,1,0.5453222564897668,-0.013582562322921432,23,VotingEnsemble(HGB+ET+LR),-0.013582562322921432,2.7170353940500194,4.050243263394517
2024-11-13,23559.05078125,0,1,0.5307333333763196,-0.0011185324376894457,23,VotingEnsemble(HGB+ET+LR),-0.0011185324376894457,2.7139963018274242,4.045712934923877
2024-11-14,23532.69921875,0,1,0.5205599867107447,-0.0033527151631265184,23,VotingEnsemble(HGB+ET+LR),-0.0033527151631265184,2.704897045273618,4.0321488118213
2024-11-18,23453.80078125,1,1,0.5122961657536937,0.002758581406631766,23,VotingEnsemble(HGB+ET+LR),0.002758581406631766,2.712358723969563,4.043271822562363
2024-11-19,23518.5,0,1,0.5327427416416849,-0.007168807933116472,23,VotingEnsemble(HGB+ET+LR),-0.007168807933116472,2.692914345231712,4.0142863834450315
2024-11-21,23349.900390625,1,1,0.5158140150933966,0.023869464111237804,23,VotingEnsemble(HGB+ET+LR),0.023869464111237804,2.7571927675498578,4.110105248206903
2024-11-22,23907.25,1,1,0.5568781892654396,0.013161295867362366,23,VotingEnsemble(HGB+ET+LR),0.013161295867362366,2.7934809973269332,4.164199559424553
2024-11-25,24221.900390625,0,1,0.5871551601021977,-0.0011312238174179257,23,VotingEnsemble(HGB+ET+LR),-0.0011312238174179257,2.7903209450892525,4.1594889177024505
2024-11-26,24194.5,1,1,0.5292477097003059,0.003323085437806128,23,VotingEnsemble(HGB+ET+LR),0.003323085437806128,2.799593419988684,4.1733112547535836
2024-11-27,24274.900390625,0,1,0.5231001730516875,-0.014861029054492936,23,VotingEnsemble(HGB+ET+LR),-0.014861029054492936,2.757988580833465,4.111291554943248
2024-11-28,23914.150390625,1,1,0.5110363688951193,0.009072001940535257,23,VotingEnsemble(HGB+ET+LR),0.009072001940535257,2.78300905859076,4.1485891999078
2024-11-29,24131.099609375,1,1,0.565455475926116,0.006006820004948565,23,VotingEnsemble(HGB+ET+LR),0.006006820004948565,2.7997260930778562,4.173509028506119
2024-12-02,24276.05078125,1,1,0.5486296762194456,0.007460011144599932,23,VotingEnsemble(HGB+ET+LR),0.007460011144599932,2.8206120809340445,4.204643452370863
2024-12-03,24457.150390625,1,1,0.5742816591647287,0.00042109681465385407,23,VotingEnsemble(HGB+ET+LR),0.00042109681465385407,2.8217998316967,4.206414014335412
2024-12-04,24467.44921875,1,1,0.5775064040119908,0.009847825562885104,23,VotingEnsemble(HGB+ET+LR),0.009847825562885104,2.8495884242126275,4.247838045793862
2024-12-05,24708.400390625,0,1,0.621153504026693,-0.0012384293961259507,23,VotingEnsemble(HGB+ET+LR),-0.0012384293961259507,2.846059410141222,4.242577398287969
2024-12-06,24677.80078125,0,1,0.5607435432674184,-0.0023827399277279726,23,VotingEnsemble(HGB+ET+LR),-0.0023827399277279726,2.8392779907479926,4.232468439724592
2024-12-09,24619.0,0,1,0.5239171169685775,-0.0003635086213900074,23,VotingEnsemble(HGB+ET+LR),-0.0003635086213900074,2.838245888719833,4.2309299009569905
2024-12-10,24610.05078125,1,1,0.5519003065057447,0.0012901233029631864,23,VotingEnsemble(HGB+ET+LR),0.0012901233029631864,2.84190757588041,4.236388322215419
2024-12-11,24641.80078125,0,1,0.5617762943573896,-0.003778196379659149,23,VotingEnsemble(HGB+ET+LR),-0.003778196379659149,2.831170290965893,4.220382415193594
2024-12-12,24548.69921875,1,1,0.5254247197090451,0.008945547808588916,23,VotingEnsemble(HGB+ET+LR),0.008945547808588916,2.856496660157985,4.258136047859236
2024-12-13,24768.30078125,0,1,0.5864431852483633,-0.004039468921733236,23,VotingEnsemble(HGB+ET+LR),-0.004039468921733236,2.844957930674242,4.240935439629396
2024-12-16,24668.25,0,1,0.5526496347101318,-0.013468730047733413,23,VotingEnsemble(HGB+ET+LR),-0.013468730047733413,2.8066399603088326,4.1838154250431625
2024-12-17,24336.0,0,1,0.5291235043288004,-0.005635699812006956,23,VotingEnsemble(HGB+ET+LR),-0.005635699812006956,2.790822580012149,4.1602366972387745
2024-12-18,24198.849609375,0,1,0.523064927922073,-0.010213311567061067,23,VotingEnsemble(HGB+ET+LR),-0.010213311567061067,2.7623190394740957,4.117746903657154
2024-12-19,23951.69921875,0,1,0.4914320645948755,-0.01520556915080562,23,VotingEnsemble(HGB+ET+LR),-0.01520556915080562,2.7203164063027856,4.055134218368079
2024-12-20,23587.5,1,1,0.5377080145315722,0.0070354729729729115,23,VotingEnsemble(HGB+ET+LR),0.0070354729729729115,2.7394551188572636,4.083664005563185
2024-12-23,23753.44921875,0,1,0.5241004801922723,-0.0010861087115143775,23,VotingEnsemble(HGB+ET+LR),-0.0010861087115143775,2.7364797727878702,4.079228702511846
2024-12-24,23727.650390625,1,1,0.5147365647973358,0.0009503186263191132,23,VotingEnsemble(HGB+ET+LR),0.0009503186263191132,2.739080300486496,4.0831052695288585
2024-12-26,23750.19921875,1,1,0.5221505075824768,0.002661079652128029,23,VotingEnsemble(HGB+ET+LR),0.002661079652128029,2.7463692113396654,4.093970737879099
2024-12-27,23813.400390625,0,1,0.504229561957503,-0.007075847935867907,23,VotingEnsemble(HGB+ET+LR),-0.007075847935867907,2.7269363204244765,4.065002423483973
2024-12-30,23644.900390625,0,1,0.49653106106951367,-4.212721278373799e-06,23,VotingEnsemble(HGB+ET+LR),-4.212721278373799e-06,2.7269248326018145,4.064985298761767
2024-12-31,23644.80078125,1,1,0.4741489035127469,0.004148887118253564,23,VotingEnsemble(HGB+ET+LR),0.004148887118253564,2.738238535912242,4.08185046390369
2025-01-01,23742.900390625,1,1,0.5403238834574519,0.018774033191665485,23,VotingEnsemble(HGB+ET+LR),0.018774033191665485,2.789646317072156,4.158483259996433
2025-01-02,24188.650390625,0,1,0.5731931335493328,-0.007602755327609123,23,VotingEnsemble(HGB+ET+LR),-0.007602755327609123,2.7684373186728903,4.126867329236721
2025-01-03,24004.75,0,1,0.5273095589387348,-0.016192595996625703,23,VotingEnsemble(HGB+ET+LR),-0.016192595996625703,2.7236091316296385,4.060042633842717
2025-01-06,23616.05078125,1,1,0.5655591468759186,0.0038892874268343647,23,VotingEnsemble(HGB+ET+LR),0.0038892874268343647,2.7342020303808967,4.075833306610933
2025-01-07,23707.900390625,0,1,0.5533133451217055,-0.0007993610384197103,23,VotingEnsemble(HGB+ET+LR),-0.0007993610384197103,2.7320164158066422,4.0725752442665355
2025-01-08,23688.94921875,0,1,0.5416696856579113,-0.006857594959147506,23,VotingEnsemble(HGB+ET+LR),-0.006857594959147506,2.7132813538052982,4.044647172800705
2025-01-09,23526.5,0,1,0.5278144543759863,-0.004037999702463213,23,VotingEnsemble(HGB+ET+LR),-0.004037999702463213,2.7023251245059337,4.028314888720367
2025-01-10,23431.5,0,1,0.49480807157998896,-0.014747275302477436,24,VotingEnsemble(HGB+ET+LR),-0.014747275302477436,2.662473191938043,3.9689082200513384
2025-01-13,23085.94921875,1,0,0.44977416721537117,0.003902874499386977,24,VotingEnsemble(HGB+ET+LR),0.0,2.662473191938043,3.9843983707337842
2025-01-14,23176.05078125,1,1,0.5029982648076299,0.0016028803979861728,24,VotingEnsemble(HGB+ET+LR),0.0016028803979861728,2.6667408180275642,3.9907848847800014
2025-01-15,23213.19921875,1,1,0.4974843829626563,0.004247650725383689,24,VotingEnsemble(HGB+ET+LR),0.004247650725383689,2.6780682015976693,4.007736345090687
2025-01-16,23311.80078125,0,1,0.5059118752351753,-0.004658651792672774,24,VotingEnsemble(HGB+ET+LR),-0.004658651792672774,2.6655920143693965,3.9890656969820704
2025-01-17,23203.19921875,1,1,0.46519592323057307,0.006100485537167577,24,VotingEnsemble(HGB+ET+LR),0.006100485537167577,2.681853419901046,4.013400934573321
2025-01-20,23344.75,0,1,0.510565349916654,-0.013711845677293555,24,VotingEnsemble(HGB+ET+LR),-0.013711845677293555,2.6450802596782412,3.9583698003173455
2025-01-21,23024.650390625,1,1,0.4973417042886335,0.0056764909144164655,24,VotingEnsemble(HGB+ET+LR),0.0056764909144164655,2.660095033740207,3.9808394505247473
2025-01-22,23155.349609375,1,1,0.514605428699724,0.0021593282262408753,24,VotingEnsemble(HGB+ET+LR),0.0021593282262408753,2.6658390520310458,3.989435389514399
2025-01-23,23205.349609375,0,1,0.4892075638220057,-0.004876047658393667,24,VotingEnsemble(HGB+ET+LR),-0.004876047658393667,2.6528402937637354,3.969982712425044
2025-01-24,23092.19921875,0,1,0.47695998499079845,-0.011391241935562957,24,VotingEnsemble(HGB+ET+LR),-0.011391241935562957,2.6226211481610626,3.924759678867808
2025-01-27,22829.150390625,1,1,0.4767082285669566,0.005611229817278129,24,VotingEnsemble(HGB+ET+LR),0.005611229817278129,2.637337278147048,3.9467824074035223
2025-01-28,22957.25,1,1,0.5177193666057099,0.008966649288351114,24,VotingEnsemble(HGB+ET+LR),0.008966649288351114,2.6609853565752872,3.982171821068144
2025-01-29,23163.099609375,1,1,0.5248845712880382,0.003730087599762788,24,VotingEnsemble(HGB+ET+LR),0.003730087599762788,2.670911065056999,3.9970256707980347
2025-01-30,23249.5,1,1,0.49041787543014664,0.011135740150325812,24,VotingEnsemble(HGB+ET+LR),0.011135740150325812,2.700653636642104,4.041535510042223
2025-01-31,23508.400390625,0,1,0.5649464974952779,-0.0011166221250199504,24,VotingEnsemble(HGB+ET+LR),-0.0011166221250199504,2.697638027039414,4.037022642072657
2025-02-01,23482.150390625,0,1,0.5420778300876669,-0.005157091976693451,24,VotingEnsemble(HGB+ET+LR),-0.005157091976693451,2.6837260596141457,4.016203344995494
2025-02-03,23361.05078125,1,1,0.48806461635275816,0.016189306820631133,24,VotingEnsemble(HGB+ET+LR),0.016189306820631133,2.7271737242157625,4.081222893201671
2025-02-04,23739.25,0,1,0.5826845797552268,-0.001809207062143936,24,VotingEnsemble(HGB+ET+LR),-0.001809207062143936,2.722239702254218,4.073839115921107
2025-02-05,23696.30078125,0,1,0.5398055583681086,-0.003922602634608197,24,VotingEnsemble(HGB+ET+LR),-0.003922602634608197,2.7115614376261203,4.057859063872025
2025-02-06,23603.349609375,0,1,0.5228117660208006,-0.0018387386257991967,24,VotingEnsemble(HGB+ET+LR),-0.0018387386257991967,2.7065755848745296,4.050397721673233
2025-02-07,23559.94921875,0,1,0.5137834898094226,-0.007570033692307909,24,VotingEnsemble(HGB+ET+LR),-0.007570033692307909,2.6860867165062516,4.01973607445292
2025-02-10,23381.599609375,0,1,0.4786575450419132,-0.013249684936046169,24,VotingEnsemble(HGB+ET+LR),-0.013249684936046169,2.650496913801645,3.96647583794036
2025-02-11,23071.80078125,0,1,0.4595861931454306,-0.0011507892904301098,24,VotingEnsemble(HGB+ET+LR),-0.0011507892904301098,2.647446750338924,3.9619112600253086
2025-02-12,23045.25,0,1,0.455668246760126,-0.0006009745771905495,24,VotingEnsemble(HGB+ET+LR),-0.0006009745771905495,2.645855702147504,3.9595302520809486
2025-02-13,23031.400390625,0,1,0.48104378083348115,-0.004435266153706374,24,VotingEnsemble(HGB+ET+LR),-0.004435266153706374,2.6341206279041782,3.9419686815693176
2025-02-14,22929.25,1,1,0.4656085288466158,0.0013192755977626813,24,VotingEnsemble(HGB+ET+LR),0.0013192755977626813,2.6375957589701353,3.9471692246580568
2025-02-17,22959.5,0,1,0.47548207449095187,-0.0006184463402948426,24,VotingEnsemble(HGB+ET+LR),-0.0006184463402948426,2.635964547525823,3.9447281122965427
2025-02-18,22945.30078125,0,1,0.49147654152727344,-0.0005404326900405598,24,VotingEnsemble(HGB+ET+LR),-0.0005404326900405598,2.634539986114552,3.942596252271336
2025-02-19,22932.900390625,0,1,0.48339616727227613,-0.0008612081186238907,24,VotingEnsemble(HGB+ET+LR),-0.0008612081186238907,2.632271098889671,3.9392008563704235
2025-02-20,22913.150390625,0,1,0.4727824370680553,-0.005117148798882476,24,VotingEnsemble(HGB+ET+LR),-0.005117148798882476,2.6188013759976547,3.9190433794396906
2025-02-21,22795.900390625,0,1,0.47989063427367135,-0.010640105330068539,24,VotingEnsemble(HGB+ET+LR),-0.010640105330068539,2.5909370535185112,3.8773443450893446
2025-02-24,22553.349609375,0,1,0.469779064419471,-0.00025711604818956513,24,VotingEnsemble(HGB+ET+LR),-0.00025711604818956513,2.5902708820222027,3.876347417633865
2025-02-25,22547.55078125,0,1,0.46790512689401,-0.00011087678764998277,24,VotingEnsemble(HGB+ET+LR),-0.00011087678764998277,2.5899836811076606,3.8759176206843824
2025-02-27,22545.05078125,0,1,0.487655252180957,-0.018644959666695105,24,VotingEnsemble(HGB+ET+LR),-0.018644959666695105,2.5416935398360097,3.8036512929752893
2025-02-28,22124.69921875,0,1,0.4937384399459715,-0.00024400049223838316,24,VotingEnsemble(HGB+ET+LR),-0.00024400049223838316,2.5410733653611706,3.8027232001875
2025-03-03,22119.30078125,0,1,0.4979120964913723,-0.0016569416451024388,24,VotingEnsemble(HGB+ET+LR),-0.0016569416451024388,2.536862955078843,3.7964223097523124
2025-03-04,22082.650390625,1,1,0.4882224174774476,0.011531695069225467,24,VotingEnsemble(HGB+ET+LR),0.011531695069225467,2.566117285109226,3.8402014941823808
2025-03-05,22337.30078125,1,1,0.5320424818462824,0.009284847776867,24,VotingEnsemble(HGB+ET+LR),0.009284847776867,2.5899432934790525,3.8758571804883615
2025-03-06,22544.69921875,1,1,0.5251347536589874,0.00034601398645017767,24,VotingEnsemble(HGB+ET+LR),0.00034601398645017767,2.590839450082709,3.877198281282294
2025-03-07,22552.5,0,1,0.5108262806349867,-0.004088203913091726,24,VotingEnsemble(HGB+ET+LR),-0.004088203913091726,2.5802475701046887,3.861347504096923
2025-03-10,22460.30078125,1,1,0.4917660669190254,0.0016740474556060647,24,VotingEnsemble(HGB+ET+LR),0.0016740474556060647,2.5845670269842564,3.8678115830613673
2025-03-11,22497.900390625,0,1,0.5042184999395579,-0.0012179087892316698,24,VotingEnsemble(HGB+ET+LR),-0.0012179087892316698,2.5814192600857337,3.863100941339265
2025-03-12,22470.5,0,1,0.5055977918812796,-0.003262089461738671,24,VotingEnsemble(HGB+ET+LR),-0.003262089461738671,2.5729984395210788,3.8504991604688894
2025-03-13,22397.19921875,1,1,0.5015043815442108,0.004980568336268254,24,VotingEnsemble(HGB+ET+LR),0.004980568336268254,2.5858134340782253,3.869676834666348
2025-03-17,22508.75,1,1,0.5081318513520766,0.01446329899483545,24,VotingEnsemble(HGB+ET+LR),0.01446329899483545,2.623212826920161,3.925645127739516
2025-03-18,22834.30078125,1,1,0.5823142434940504,0.0032100316461272094,24,VotingEnsemble(HGB+ET+LR),0.0032100316461272094,2.6316334231091014,3.938246572831025
2025-03-19,22907.599609375,1,1,0.569499583394022,0.012356195589090069,24,VotingEnsemble(HGB+ET+LR),0.012356195589090069,2.664150400403824,3.986908317762989
2025-03-20,23190.650390625,1,1,0.5999786643811558,0.0068885519512889015,24,VotingEnsemble(HGB+ET+LR),0.0068885519512889015,2.682502538843053,4.014372342834925
2025-03-21,23350.400390625,1,1,0.592588779258656,0.013188177230298859,24,VotingEnsemble(HGB+ET+LR),0.013188177230298859,2.7178798577460417,4.067314596760641
2025-03-24,23658.349609375,1,1,0.6328140318081449,0.00043539728764163677,24,VotingEnsemble(HGB+ET+LR),0.00043539728764163677,2.71906321526424,4.069085494504057
2025-03-25,23668.650390625,0,1,0.6045895819410249,-0.007681079328545448,24,VotingEnsemble(HGB+ET+LR),-0.007681079328545448,2.6981778750084655,4.037830526026138
2025-03-26,23486.849609375,1,1,0.559705450698052,0.004474827877002596,24,VotingEnsemble(HGB+ET+LR),0.004474827877002596,2.710251756580665,4.055899122626611
2025-03-27,23591.94921875,0,1,0.5635542841063392,-0.0030773044101545244,24,VotingEnsemble(HGB+ET+LR),-0.0030773044101545244,2.7019114868975103,4.043417886369411
2025-03-28,23519.349609375,0,1,0.565014245861862,-0.015036571865236992,24,VotingEnsemble(HGB+ET+LR),-0.015036571865236992,2.6612840006512664,3.9826187427398323
2025-04-01,23165.69921875,1,1,0.5344438701966069,0.0071938424586863725,24,VotingEnsemble(HGB+ET+LR),0.0071938424586863725,2.680428858489774,4.011269074548114
2025-04-02,23332.349609375,0,1,0.5903298682705679,-0.0035251486188494496,24,VotingEnsemble(HGB+ET+LR),-0.0035251486188494496,2.6709799484013446,3.997128754910137
2025-04-03,23250.099609375,0,1,0.5284761913603243,-0.014866619775066536,24,VotingEnsemble(HGB+ET+LR),-0.014866619775066536,2.631271505081635,3.937704961518903
2025-04-04,22904.44921875,0,1,0.5309722721963991,-0.03243254628305536,24,VotingEnsemble(HGB+ET+LR),-0.03243254628305536,2.5459326702097904,3.809995163105424
2025-04-07,22161.599609375,1,1,0.5511117556935486,0.016887318902814252,24,VotingEnsemble(HGB+ET+LR),0.016887318902814252,2.5889266471167165,3.874335766442965
2025-04-08,22535.849609375,0,1,0.5441822213262175,-0.006065856008070525,24,VotingEnsemble(HGB+ET+LR),-0.006065856008070525,2.57322259085985,3.8508346035568044
2025-04-09,22399.150390625,1,1,0.48220601611800634,0.019170387409190415,24,VotingEnsemble(HGB+ET+LR),0.019170387409190415,2.6225522648167137,3.9246565947557044
2025-04-11,22828.55078125,1,1,0.5413817506389771,0.02190239778210845,24,VotingEnsemble(HGB+ET+LR),0.02190239778210845,2.6799924477250987,4.010615984652219
2025-04-15,23328.55078125,1,1,0.5752736945007194,0.004657316201027051,24,VotingEnsemble(HGB+ET+LR),0.004657316201027051,2.692474019970519,4.029294691453638
2025-04-16,23437.19921875,1,1,0.5795971154671292,0.017683476937954135,24,VotingEnsemble(HGB+ET+LR),0.017683476937954135,2.740086322208708,4.100546631206179
2025-04-17,23851.650390625,1,1,0.5868318123295135,0.011483498464016417,24,VotingEnsemble(HGB+ET+LR),0.011483498464016417,2.771552099281064,4.147635252147263
2025-04-21,24125.55078125,1,1,0.6302363250393909,0.0017284255654137493,24,VotingEnsemble(HGB+ET+LR),0.0017284255654137493,2.7763425207853376,4.154804130953086
2025-04-22,24167.25,1,1,0.6249910732741657,0.006690840652122221,24,VotingEnsemble(HGB+ET+LR),0.006690840652122221,2.794918586187624,4.182603263334072
2025-04-23,24328.94921875,0,1,0.6316001813372062,-0.0033807460922566923,24,VotingEnsemble(HGB+ET+LR),-0.0033807460922566923,2.7854696760991944,4.168462943696095
2025-04-24,24246.69921875,0,1,0.5588158503675219,-0.00855166336268387,24,VotingEnsemble(HGB+ET+LR),-0.00855166336268387,2.76164927712223,4.132815651861784
2025-04-25,24039.349609375,1,1,0.5521139711072413,0.012028211882747275,24,VotingEnsemble(HGB+ET+LR),0.012028211882747275,2.7948669797732917,4.182526034194712
2025-04-28,24328.5,1,1,0.6059409460265052,0.0003061930965739812,24,VotingEnsemble(HGB+ET+LR),0.0003061930965739812,2.7957227487483407,4.183806694792623
2025-04-29,24335.94921875,0,1,0.6179337860435038,-7.191007773188485e-05,24,VotingEnsemble(HGB+ET+LR),-7.191007773188485e-05,2.7955217081081614,4.183505836927986
2025-04-30,24334.19921875,1,1,0.5837731762525041,0.0005136803511647248,24,VotingEnsemble(HGB+ET+LR),0.0005136803511647248,2.796957712680871,4.185654821675398
2025-05-02,24346.69921875,1,1,0.6039926611992048,0.004700890697612925,24,VotingEnsemble(HGB+ET+LR),0.004700890697612925,2.810105905174029,4.205331127490031
2025-05-05,24461.150390625,0,1,0.6159243669008546,-0.0033338898599493128,24,VotingEnsemble(HGB+ET+LR),-0.0033338898599493128,2.8007373215913858,4.191311016686363
2025-05-06,24379.599609375,1,1,0.5821501047717134,0.0014274549954715887,24,VotingEnsemble(HGB+ET+LR),0.0014274549954715887,2.8047352480720953,4.197293924534708
2025-05-07,24414.400390625,0,1,0.5918104919180055,-0.005758880297096702,24,VotingEnsemble(HGB+ET+LR),-0.005758880297096702,2.7885831135134,4.173122211251581
2025-05-08,24273.80078125,0,1,0.5723537247079643,-0.0109501096942064,24,VotingEnsemble(HGB+ET+LR),-0.0109501096942064,2.758047822529017,4.127426065271047
2025-05-09,24008.0,1,1,0.5246566544446626,0.038183073090219954,24,VotingEnsemble(HGB+ET+LR),0.038183073090219954,2.863358564122964,4.28502387639577
2025-05-12,24924.69921875,0,1,0.6116797674659659,-0.01389583907654357,24,VotingEnsemble(HGB+ET+LR),-0.01389583907654357,2.8235697942974687,4.225479874170228
2025-05-13,24578.349609375,1,1,0.5539669623669927,0.0036027960647213586,24,VotingEnsemble(HGB+ET+LR),0.0036027960647213586,2.83374254044083,4.2407034164324475
2025-05-14,24666.900390625,1,1,0.5956774203933359,0.01602143814146184,24,VotingEnsemble(HGB+ET+LR),0.01602143814146184,2.8791431712613313,4.308645583895106
2025-05-15,25062.099609375,0,1,0.6037674589219909,-0.0016877607536591732,24,VotingEnsemble(HGB+ET+LR),-0.0016877607536591732,2.8742838664127106,4.301373620977181
2025-05-16,25019.80078125,0,1,0.5863278727980548,-0.0029717088137536374,24,VotingEnsemble(HGB+ET+LR),-0.0029717088137536374,2.865742331713662,4.288591191076476
2025-05-19,24945.44921875,0,1,0.5449556664368593,-0.010484831354666824,24,VotingEnsemble(HGB+ET+LR),-0.010484831354666824,2.8356955066597145,4.243626035688929
2025-05-20,24683.900390625,1,1,0.5148322675102373,0.00524831270888626,24,VotingEnsemble(HGB+ET+LR),0.00524831270888626,2.8505781234258483,4.265897912143796
2025-05-21,24813.44921875,0,1,0.5689555370246008,-0.008211272774042211,24,VotingEnsemble(HGB+ET+LR),-0.008211272774042211,2.8271712488906813,4.230869460760966
2025-05-22,24609.69921875,1,1,0.499085442976315,0.009892488718005854,24,VotingEnsemble(HGB+ET+LR),0.009892488718005854,2.855139008574203,4.272723289168899
2025-05-23,24853.150390625,1,1,0.5759075159942006,0.005954979456279652,24,VotingEnsemble(HGB+ET+LR),0.005954979456279652,2.872141302715085,4.2981672685782675
2025-05-26,25001.150390625,0,1,0.5992734610952516,-0.0069977248703164685,24,VotingEnsemble(HGB+ET+LR),-0.0069977248703164685,2.8520428480900124,4.268089876586157
2025-05-27,24826.19921875,0,1,0.523757332044049,-0.0029706520659956714,24,VotingEnsemble(HGB+ET+LR),-0.0029706520659956714,2.8435704211110258,4.255410866576422
2025-05-28,24752.44921875,1,1,0.513142326408687,0.003278479228775888,24,VotingEnsemble(HGB+ET+LR),0.003278479228775888,2.8528930076721997,4.269362142712399
2025-05-29,24833.599609375,0,1,0.5588195985306416,-0.00333823496911434,24,VotingEnsemble(HGB+ET+LR),-0.00333823496911434,2.8433693804708464,4.2551100087117835
2025-05-30,24750.69921875,0,1,0.5108610482352627,-0.0013777230725331435,24,VotingEnsemble(HGB+ET+LR),-0.0013777230725331435,2.8394520048716374,4.249247645476615
2025-06-02,24716.599609375,0,1,0.5138963153174579,-0.007043833380258491,24,VotingEnsemble(HGB+ET+LR),-0.007043833380258491,2.8194513780580808,4.219316653070422
2025-06-03,24542.5,1,1,0.5220963623843771,0.003165904807986175,24,VotingEnsemble(HGB+ET+LR),0.003165904807986175,2.828377492731758,4.232674607948794
2025-06-04,24620.19921875,1,1,0.5366283801779743,0.005308696762106768,24,VotingEnsemble(HGB+ET+LR),0.005308696762106768,2.843392491169439,4.255144593935063
2025-06-05,24750.900390625,1,1,0.5523299427598763,0.01018752395450262,24,VotingEnsemble(HGB+ET+LR),0.01018752395450262,2.8723596202852804,4.298493981415649
2025-06-06,25003.05078125,1,1,0.5918611341713449,0.004005448710087123,24,VotingEnsemble(HGB+ET+LR),0.004005448710087123,2.883864709421258,4.315711378588827
2025-06-09,25103.19921875,1,1,0.5875212033181997,4.18584595869298e-05,24,VotingEnsemble(HGB+ET+LR),4.18584595869298e-05,2.8839854235556515,4.315892027619157
2025-06-10,25104.25,1,1,0.5699519815525503,0.0014798446727146697,24,VotingEnsemble(HGB+ET+LR),0.0014798446727146697,2.888253274020887,4.322278877444241
2025-06-11,25141.400390625,0,1,0.5865314953290852,-0.010071084662786611,24,VotingEnsemble(HGB+ET+LR),-0.010071084662786611,2.859165430770652,4.278748840933326
2025-06-12,24888.19921875,0,1,0.5182060510229353,-0.006814458847919758,24,VotingEnsemble(HGB+ET+LR),-0.006814458847919758,2.8396817656032707,4.249591483036201
2025-06-13,24718.599609375,1,1,0.47162647108894235,0.00921979376770854,24,VotingEnsemble(HGB+ET+LR),0.00921979376770854,2.865863045848055,4.288771840106805
2025-06-16,24946.5,0,1,0.5573214949096176,-0.0037319707924959866,24,VotingEnsemble(HGB+ET+LR),-0.0037319707924959866,2.8551677286656565,4.2727662688638475
2025-06-17,24853.400390625,0,1,0.5193641771769996,-0.0016637405234334324,24,VotingEnsemble(HGB+ET+LR),-0.0016637405234334324,2.850417470414276,4.265657494475179
2025-06-18,24812.05078125,0,1,0.47684469277214053,-0.0007577278241026608,24,VotingEnsemble(HGB+ET+LR),-0.0007577278241026608,2.848257629786635,4.2624252871035235
2025-06-19,24793.25,1,1,0.4862682482433868,0.01287247095983779,24,VotingEnsemble(HGB+ET+LR),0.01287247095983779,2.8849217434122,4.317293232830242
2025-06-20,25112.400390625,0,1,0.5518572935430117,-0.0055948454872697395,24,VotingEnsemble(HGB+ET+LR),-0.0055948454872697395,2.868781052014944,4.293138644269321
2025-06-23,24971.900390625,1,1,0.4980931128960507,0.0029012296868362597,24,VotingEnsemble(HGB+ET+LR),0.0029012296868362597,2.877104044768083,4.30559402555378
2025-06-24,25044.349609375,1,1,0.5364290184072725,0.008001820520425307,24,VotingEnsemble(HGB+ET+LR),0.008001820520425307,2.900126114952907,4.340046616180077
2025-06-25,25244.75,1,1,0.5682896793281125,0.012052010814129765,24,VotingEnsemble(HGB+ET+LR),0.012052010814129765,2.9350784662526594,4.392352904932106
2025-06-26,25549.0,1,1,0.59558230723593,0.003475704773181043,24,VotingEnsemble(HGB+ET+LR),0.003475704773181043,2.9452799324874746,4.407619426889274
2025-06-27,25637.80078125,0,1,0.5834139487348814,-0.004709842354665206,24,VotingEnsemble(HGB+ET+LR),-0.004709842354665206,2.9314081283150997,4.386860234229266
2025-06-30,25517.05078125,1,1,0.5402067859122326,0.0009699396772837598,24,VotingEnsemble(HGB+ET+LR),0.0009699396772837598,2.934251417369065,4.391115224029143
2025-07-01,25541.80078125,0,1,0.5835518662858349,-0.0034610085397696055,24,VotingEnsemble(HGB+ET+LR),-0.0034610085397696055,2.9240959481557196,4.375917536739665
2025-07-02,25453.400390625,0,1,0.5649363645419485,-0.00188971251922454,24,VotingEnsemble(HGB+ET+LR),-0.00188971251922454,2.918570247435076,4.367648310587394
2025-07-03,25405.30078125,1,1,0.5534826033885795,0.0021924250859925998,24,VotingEnsemble(HGB+ET+LR),0.0021924250859925998,2.924968994060784,4.377224052310319
2025-07-04,25461.0,1,1,0.5700659961471699,1.1813410706551508e-05,24,VotingEnsemble(HGB+ET+LR),1.1813410706551508e-05,2.9250035479208147,4.377275762255803
2025-07-07,25461.30078125,1,1,0.5500831940960186,0.0024036171315751087,24,VotingEnsemble(HGB+ET+LR),0.0024036171315751087,2.932034136558515,4.38779705726759
2025-07-08,25522.5,0,1,0.5482967549915809,-0.00181801902732881,24,VotingEnsemble(HGB+ET+LR),-0.00181801902732881,2.926703642709474,4.37981995872942
2025-07-09,25476.099609375,0,1,0.5252055905722927,-0.004743646446198069,24,VotingEnsemble(HGB+ET+LR),-0.004743646446198069,2.91282039537566,4.359043641347205
2025-07-10,25355.25,0,0,0.5271285215176353,-0.008100901810276007,25,VotingEnsemble(HGB+ET+LR),0.0,2.91282039537566,4.323731456821943
2025-07-11,25149.849609375,0,0,0.5168219562498088,-0.002685854157148504,25,VotingEnsemble(HGB+ET+LR),0.0,2.91282039537566,4.312118544714244
2025-07-14,25082.30078125,1,0,0.5029954541316138,0.004525103218794291,25,VotingEnsemble(HGB+ET+LR),0.0,2.91282039537566,4.331631326220753
2025-07-15,25195.80078125,1,0,0.5237316040031892,0.0006449487413033861,25,VotingEnsemble(HGB+ET+LR),0.0,2.91282039537566,4.334425006392389
2025-07-16,25212.05078125,0,0,0.5229425787587435,-0.003990217351728331,25,VotingEnsemble(HGB+ET+LR),0.0,2.91282039537566,4.317129708522117
2025-07-17,25111.44921875,0,0,0.5171581742085164,-0.0056965580472427835,25,VotingEnsemble(HGB+ET+LR),0.0,2.91282039537566,4.292536928540044
2025-07-18,24968.400390625,1,0,0.5333391205069417,0.004898144302865282,25,VotingEnsemble(HGB+ET+LR),0.0,2.91282039537566,4.313562393841411
2025-07-21,25090.69921875,0,1,0.5550102807748063,-0.0011876443882732346,25,VotingEnsemble(HGB+ET+LR),-0.0011876443882732346,2.9093610005790445,4.308439415670899
2025-07-22,25060.900390625,1,0,0.5258360422222599,0.006344544590244583,25,VotingEnsemble(HGB+ET+LR),0.0,2.9093610005790445,4.3357745016579905
2025-07-23,25219.900390625,0,0,0.5407839591300823,-0.006256994627491075,25,VotingEnsemble(HGB+ET+LR),0.0,2.9093610005790445,4.308645583895104
2025-07-24,25062.099609375,0,0,0.5177381217205017,-0.008981674037030651,25,VotingEnsemble(HGB+ET+LR),0.0,2.9093610005790445,4.2699467337194665
2025-07-25,24837.0,0,0,0.5346897020530454,-0.006284962329387578,25,VotingEnsemble(HGB+ET+LR),0.0,2.9093610005790445,4.2431102793495485
2025-07-28,24680.900390625,1,0,0.492817896002034,0.005680474234370125,25,VotingEnsemble(HGB+ET+LR),0.0,2.9093610005790445,4.267213157964985
2025-07-29,24821.099609375,1,0,0.5212001196825203,0.001367835124523431,25,VotingEnsemble(HGB+ET+LR),0.0,2.9093610005790445,4.273050002006278
2025-07-30,24855.05078125,0,0,0.5360918568916055,-0.0034882717656889994,25,VotingEnsemble(HGB+ET+LR),0.0,2.9093610005790445,4.258144442330902
2025-07-31,24768.349609375,0,0,0.49825229664757287,-0.008195943742782208,25,VotingEnsemble(HGB+ET+LR),0.0,2.9093610005790445,4.223244930032918
2025-08-01,24565.349609375,1,0,0.5443827685288228,0.006407415043054421,25,VotingEnsemble(HGB+ET+LR),0.0,2.9093610005790445,4.250305013128114
2025-08-04,24722.75,0,1,0.5539022082566144,-0.0029608040671041946,25,VotingEnsemble(HGB+ET+LR),-0.0029608040671041946,2.900746952695856,4.237720692758811
2025-08-05,24649.55078125,0,0,0.5237278718367039,-0.003056914228121266,25,VotingEnsemble(HGB+ET+LR),0.0,2.900746952695856,4.224766344078312
2025-08-06,24574.19921875,1,0,0.5147832607747076,0.0008932609229541644,25,VotingEnsemble(HGB+ET+LR),0.0,2.900746952695856,4.22854016276209
2025-08-07,24596.150390625,0,0,0.5395323111893119,-0.009466912735407229,25,VotingEnsemble(HGB+ET+LR),0.0,2.900746952695856,4.188508942043057
2025-08-08,24363.30078125,1,0,0.5416990000576537,0.009101804471857822,25,VotingEnsemble(HGB+ET+LR),0.0,2.900746952695856,4.22663193146216
2025-08-11,24585.05078125,0,0,0.5448140038609589,-0.003971941790719136,25,VotingEnsemble(HGB+ET+LR),0.0,2.900746952695856,4.209843995459598
2025-08-12,24487.400390625,1,0,0.5036705281439957,0.005388453516712133,25,VotingEnsemble(HGB+ET+LR),0.0,2.900746952695856,4.232528544141742
2025-08-13,24619.349609375,1,0,0.5276567192304287,0.00048543816407109475,25,VotingEnsemble(HGB+ET+LR),0.0,2.900746952695856,4.234583175027589
2025-08-14,24631.30078125,1,0,0.5238065679845785,0.009973019276634965,25,VotingEnsemble(HGB+ET+LR),0.0,2.900746952695856,4.276814754660653
2025-08-18,24876.94921875,1,1,0.5745148083774301,0.004168564680625764,25,VotingEnsemble(HGB+ET+LR),0.004168564680625764,2.9128389039902967,4.2946429335925105
2025-08-19,24980.650390625,1,1,0.5836119128240401,0.0027981813736617234,25,VotingEnsemble(HGB+ET+LR),0.0027981813736617234,2.9209895555559195,4.306660123455817
2025-08-20,25050.55078125,1,1,0.5959168091048375,0.0013252889742787488,25,VotingEnsemble(HGB+ET+LR),0.0013252889742787488,2.9248607108078812,4.312367692633399
2025-08-21,25083.75,0,1,0.5744144657670877,-0.008517482060098724,25,VotingEnsemble(HGB+ET+LR),-0.008517482060098724,2.8999482621752875,4.275637178174844
2025-08-22,24870.099609375,1,0,0.49416098476906295,0.003926417350905487,25,VotingEnsemble(HGB+ET+LR),0.0,2.8999482621752875,4.292425114177407
2025-08-25,24967.75,0,1,0.550843833465979,-0.010241179872034878,25,VotingEnsemble(HGB+ET+LR),-0.010241179872034878,2.8702493704027554,4.248465616495876
2025-08-26,24712.05078125,0,0,0.4970146682299757,-0.008544430103923584,25,VotingEnsemble(HGB+ET+LR),0.0,2.8702493704027554,4.212164898986805
2025-08-28,24500.900390625,0,0,0.4981306514437367,-0.0030223697933294824,25,VotingEnsemble(HGB+ET+LR),0.0,2.8702493704027554,4.199434179031584
2025-08-29,24426.849609375,1,0,0.5010129482907951,0.008114070174605414,25,VotingEnsemble(HGB+ET+LR),0.0,2.8702493704027554,4.233508682653883
2025-09-01,24625.05078125,0,0,0.5265939124021313,-0.0018457290617897026,25,VotingEnsemble(HGB+ET+LR),0.0,2.8702493704027554,4.22569477264497
2025-09-02,24579.599609375,1,0,0.4775737275447313,0.0055107151470170646,25,VotingEnsemble(HGB+ET+LR),0.0,2.8702493704027554,4.248981372835256
2025-09-03,24715.05078125,1,0,0.5372372555919539,0.0007788776228048189,25,VotingEnsemble(HGB+ET+LR),0.0,2.8702493704027554,4.252290809346271
2025-09-04,24734.30078125,1,0,0.5208088394039404,0.00027084730671167456,25,VotingEnsemble(HGB+ET+LR),0.0,2.8702493704027554,4.2534425308593375
2025-09-05,24741.0,1,0,0.5394692928624374,0.0012994782193525012,25,VotingEnsemble(HGB+ET+LR),0.0,2.8702493704027554,4.258969786785457
2025-09-08,24773.150390625,1,0,0.527828384806427,0.003852930178235292,25,VotingEnsemble(HGB+ET+LR),0.0,2.8702493704027554,4.275379300005155
2025-09-09,24868.599609375,1,1,0.5625668821086445,0.0042020862308871365,25,VotingEnsemble(HGB+ET+LR),0.0042020862308871365,2.8823104057613373,4.293344812493527
2025-09-10,24973.099609375,1,1,0.5884367882338736,0.0012974116602184615,25,VotingEnsemble(HGB+ET+LR),0.0012974116602184615,2.886049948890141,4.298915048114594
2025-09-11,25005.5,1,1,0.5774422091969112,0.004339045410009845,25,VotingEnsemble(HGB+ET+LR),0.004339045410009845,2.8985726506739318,4.317568235722138
2025-09-12,25114.0,0,1,0.6004422595637134,-0.0017838966811339896,25,VotingEnsemble(HGB+ET+LR),-0.0017838966811339896,2.8934018965423687,4.309866140075864
2025-09-15,25069.19921875,1,0,0.5189045325396827,0.006777256391098607,25,VotingEnsemble(HGB+ET+LR),0.0,2.8934018965423687,4.339075207918473
2025-09-16,25239.099609375,1,1,0.5687394761144765,0.003611475529465391,25,VotingEnsemble(HGB+ET+LR),0.003611475529465391,2.90385134668864,4.35474567185238
2025-09-17,25330.25,1,1,0.5603243686139046,0.0036853015416349333,25,VotingEnsemble(HGB+ET+LR),0.0036853015416349333,2.9145529145332705,4.370794222790286
2025-09-18,25423.599609375,0,1,0.5759053327514397,-0.0037976065391384095,25,VotingEnsemble(HGB+ET+LR),-0.0037976065391384095,2.903484589326374,4.354195666068589
2025-09-19,25327.05078125,0,0,0.5295673241789635,-0.004923635718664832,25,VotingEnsemble(HGB+ET+LR),0.0,2.903484589326374,4.332757192761078
2025-09-22,25202.349609375,0,0,0.4995942617459526,-0.0013034343973540308,25,VotingEnsemble(HGB+ET+LR),0.0,2.903484589326374,4.32710972800065
2025-09-23,25169.5,0,0,0.5087792546731781,-0.00447365300760838,25,VotingEnsemble(HGB+ET+LR),0.0,2.903484589326374,4.307751740551728
2025-09-24,25056.900390625,0,0,0.4811166560844667,-0.006626948212322681,25,VotingEnsemble(HGB+ET+LR),0.0,2.903484589326374,4.279204492855549
2025-09-25,24890.849609375,0,0,0.4761395771820844,-0.009487437927231501,25,VotingEnsemble(HGB+ET+LR),0.0,2.903484589326374,4.238605805851652
2025-09-26,24654.69921875,0,0,0.49399122824724073,-0.0008030448049409777,25,VotingEnsemble(HGB+ET+LR),0.0,2.903484589326374,4.23520201547907
2025-09-29,24634.900390625,0,0,0.49076548492938993,-0.0009661407544825362,25,VotingEnsemble(HGB+ET+LR),0.0,2.903484589326374,4.2311102142084485
2025-09-30,24611.099609375,1,0,0.48348077538120365,0.009150390492475902,25,VotingEnsemble(HGB+ET+LR),0.0,2.903484589326374,4.2698265248851595
2025-10-01,24836.30078125,1,1,0.5617046563761722,0.0023332467769816567,25,VotingEnsemble(HGB+ET+LR),0.0023332467769816567,2.9102591353864358,4.279789083862618
2025-10-03,24894.25,1,1,0.5543366903787414,0.007367178791287232,25,VotingEnsemble(HGB+ET+LR),0.007367178791287232,2.9316995347658046,4.311319055232434
2025-10-06,25077.650390625,1,1,0.6024005104645168,0.0012222193924698033,25,VotingEnsemble(HGB+ET+LR),0.0012222193924698033,2.93528271479009,4.316588432988864
2025-10-07,25108.30078125,0,1,0.5877878336275546,-0.0024752925801897474,25,VotingEnsemble(HGB+ET+LR),-0.0024752925801897474,2.9280170312654112,4.305903613668954
2025-10-08,25046.150390625,1,0,0.5380906588048586,0.005416017571936882,25,VotingEnsemble(HGB+ET+LR),0.0,2.9280170312654112,4.329224463303651
2025-10-09,25181.80078125,1,1,0.5848187622435325,0.0041120501676790155,25,VotingEnsemble(HGB+ET+LR),0.0041120501676790155,2.940057184189793,4.3470264514839
2025-10-10,25285.349609375,0,1,0.6111774599058427,-0.0022938183927065925,25,VotingEnsemble(HGB+ET+LR),-0.0022938183927065925,2.9333132269450894,4.337055162255904
2025-10-13,25227.349609375,0,0,0.5270127518253497,-0.003244479132464395,25,VotingEnsemble(HGB+ET+LR),0.0,2.9333132269450894,4.322983677285618
2025-10-14,25145.5,1,0,0.5425578041366907,0.007080820872521931,25,VotingEnsemble(HGB+ET+LR),0.0,2.9333132269450894,4.353593950339313
2025-10-15,25323.55078125,1,1,0.5948343744336645,0.010336228211479837,25,VotingEnsemble(HGB+ET+LR),0.010336228211479837,2.963632621874546,4.398593690950138
2025-10-16,25585.30078125,1,1,0.6107168568582733,0.004867983737610659,25,VotingEnsemble(HGB+ET+LR),0.004867983737610659,2.9780595372820837,4.42000597350604
2025-10-17,25709.849609375,1,1,0.5839421550732262,0.005184813729964155,25,VotingEnsemble(HGB+ET+LR),0.005184813729964155,2.9935002212596347,4.442922881163998
2025-10-20,25843.150390625,1,1,0.616747934379284,0.0009847568259027106,25,VotingEnsemble(HGB+ET+LR),0.0009847568259027106,2.9964480910358615,4.447298079798184
2025-10-21,25868.599609375,1,1,0.6037039985585099,0.0008814076368377499,25,VotingEnsemble(HGB+ET+LR),0.0008814076368377499,2.9990891832666886,4.451217962289012
2025-10-23,25891.400390625,0,1,0.6238357136329763,-0.0037174505259611745,25,VotingEnsemble(HGB+ET+LR),-0.0037174505259611745,2.987940217604949,4.434670779733933
2025-10-24,25795.150390625,1,1,0.5682923527739744,0.006625291500029773,25,VotingEnsemble(HGB+ET+LR),0.006625291500029773,3.0077361925312442,4.464051766356334
2025-10-27,25966.05078125,0,1,0.6056175803906171,-0.001149638146805021,25,VotingEnsemble(HGB+ET+LR),-0.001149638146805021,3.004278384268784,4.458919722156419
2025-10-28,25936.19921875,1,1,0.55398334907644,0.0045381040946781415,25,VotingEnsemble(HGB+ET+LR),0.0045381040946781415,3.0179121123059875,4.479154764005378
2025-10-29,26053.900390625,0,1,0.6004299529789033,-0.0067571756478100875,25,VotingEnsemble(HGB+ET+LR),-0.0067571756478100875,2.9975195500734824,4.448888328511269
2025-10-30,25877.849609375,0,0,0.5499204798222851,-0.006018660837397216,25,VotingEnsemble(HGB+ET+LR),0.0,2.9975195500734824,4.422111978558505
2025-10-31,25722.099609375,1,0,0.5427294397094364,0.0016036793506921665,25,VotingEnsemble(HGB+ET+LR),0.0,2.9975195500734824,4.429203628224967
2025-11-03,25763.349609375,0,1,0.5823126456358304,-0.006431586779760301,25,VotingEnsemble(HGB+ET+LR),-0.006431586779760301,2.9782407429631568,4.400716820724809
2025-11-04,25597.650390625,0,1,0.5616568364309562,-0.0034359080045569534,25,VotingEnsemble(HGB+ET+LR),-0.0034359080045569534,2.968007781754912,4.3855963625746925
2025-11-06,25509.69921875,0,1,0.5502945229541221,-0.0006820322478444663,25,VotingEnsemble(HGB+ET+LR),-0.0006820322478444663,2.965983504735902,4.382605244429387
2025-11-07,25492.30078125,1,0,0.5427871795035136,0.0032185728871263475,25,VotingEnsemble(HGB+ET+LR),0.0,2.965983504735902,4.396710978844085
2025-11-10,25574.349609375,1,1,0.5624656924853592,0.0047156471705849246,25,VotingEnsemble(HGB+ET+LR),0.0047156471705849246,2.9799700364580115,4.41744431653135
2025-11-11,25694.94921875,1,1,0.5875136600092637,0.0070384090258497345,25,VotingEnsemble(HGB+ET+LR),0.0070384090258497345,3.000944284459379,4.448536096480013
2025-11-12,25875.80078125,1,1,0.6046356698688874,0.00012944949620363744,25,VotingEnsemble(HGB+ET+LR),0.00012944949620363744,3.0013327551851376,4.449111957236546
2025-11-13,25879.150390625,1,1,0.6069489979523502,0.001194026471448284,25,VotingEnsemble(HGB+ET+LR),0.001194026471448284,3.0049164259444536,4.454424314687924
2025-11-14,25910.05078125,1,1,0.6075698192960747,0.0039906690408659795,25,VotingEnsemble(HGB+ET+LR),0.0039906690408659795,3.0169080528958596,4.47220044789543
2025-11-17,26013.44921875,0,1,0.6102438402817428,-0.003974806902018679,25,VotingEnsemble(HGB+ET+LR),-0.003974806902018679,3.0049164259444536,4.454424314687924
2025-11-18,25910.05078125,1,0,0.5325427673181027,0.005503640675154298,25,VotingEnsemble(HGB+ET+LR),0.0,3.0049164259444536,4.478939865530637
2025-11-19,26052.650390625,1,1,0.5868853828643673,0.005354541588221684,25,VotingEnsemble(HGB+ET+LR),0.005354541588221684,3.0210063759163037,4.502922535311765
2025-11-20,26192.150390625,0,1,0.6141241136262043,-0.0047342428227803435,25,VotingEnsemble(HGB+ET+LR),-0.0047342428227803435,3.0067041981635483,4.481604606617429
2025-11-21,26068.150390625,0,1,0.5539371248282836,-0.004167936312968079,25,VotingEnsemble(HGB+ET+LR),-0.004167936312968079,2.994172446553669,4.4629255640371435
2025-11-24,25959.5,0,0,0.5364541441464012,-0.002877529180069005,25,VotingEnsemble(HGB+ET+LR),0.0,2.994172446553669,4.450083365498151
2025-11-25,25884.80078125,1,0,0.5350760741156457,0.012381783530362567,25,VotingEnsemble(HGB+ET+LR),0.0,2.994172446553669,4.505183334421816
2025-11-26,26205.30078125,1,1,0.5744867620607301,0.0003911422381892571,25,VotingEnsemble(HGB+ET+LR),0.0003911422381892571,2.9953435938659387,4.506945501914695
2025-11-27,26215.55078125,0,1,0.594074449696271,-0.0004806903583736144,25,VotingEnsemble(HGB+ET+LR),-0.0004806903583736144,2.993903761080351,4.504779056666209
2025-11-28,26202.94921875,0,1,0.5771269463046304,-0.0010380212747401751,25,VotingEnsemble(HGB+ET+LR),-0.0010380212747401751,2.990796025281825,4.500103000167385
2025-12-01,26175.75,0,1,0.5560906197583995,-0.005484113396941881,25,VotingEnsemble(HGB+ET+LR),-0.005484113396941881,2.9743941607320563,4.475423925016549
2025-12-02,26032.19921875,0,0,0.5167689831074951,-0.0017746951904364927,25,VotingEnsemble(HGB+ET+LR),0.0,2.9743941607320563,4.467481411701658
2025-12-03,25986.0,1,0,0.5183234068291954,0.0018375278996383138,25,VotingEnsemble(HGB+ET+LR),0.0,2.9743941607320563,4.475690533436775
2025-12-04,26033.75,1,1,0.5566017139128349,0.005865433091659877,25,VotingEnsemble(HGB+ET+LR),0.005865433091659877,2.991840270670054,4.501942396799624
2025-12-05,26186.44921875,0,1,0.5956451393344907,-0.00862653945989178,25,VotingEnsemble(HGB+ET+LR),-0.00862653945989178,2.9660310425174257,4.463106213067472
2025-12-08,25960.55078125,0,0,0.5145654657600384,-0.004657081109092687,25,VotingEnsemble(HGB+ET+LR),0.0,2.9660310425174257,4.442321165434721
2025-12-09,25839.650390625,0,0,0.5165208354731399,-0.0031598875909956137,25,VotingEnsemble(HGB+ET+LR),0.0,2.9660310425174257,4.428283929908846
2025-12-10,25758.0,1,0,0.513930273055777,0.0054565875164998,25,VotingEnsemble(HGB+ET+LR),0.0,2.9660310425174257,4.452447248720303
2025-12-11,25898.55078125,1,0,0.5463588381924667,0.005729990019651465,25,VotingEnsemble(HGB+ET+LR),0.0,2.9660310425174257,4.477959727018495
2025-12-12,26046.94921875,0,1,0.5679882055717455,-0.0007543469807149705,25,VotingEnsemble(HGB+ET+LR),-0.0007543469807149705,2.963793625955796,4.474581791618656
2025-12-15,26027.30078125,0,0,0.4702442407809902,-0.006424068837574293,25,VotingEnsemble(HGB+ET+LR),0.0,2.963793625955796,4.445836770169941
2025-12-16,25860.099609375,0,0,0.49646212179068566,-0.001606677033445636,25,VotingEnsemble(HGB+ET+LR),0.0,2.963793625955796,4.4386937463368605
2025-12-17,25818.55078125,0,0,0.5070321253181838,-0.00011619552256891819,25,VotingEnsemble(HGB+ET+LR),0.0,2.963793625955796,4.438177989997482
2025-12-18,25815.55078125,1,0,0.4840844297654477,0.005843362036054733,25,VotingEnsemble(HGB+ET+LR),0.0,2.963793625955796,4.464111870773487
2025-12-19,25966.400390625,1,0,0.5269852362315184,0.00793332910611566,25,VotingEnsemble(HGB+ET+LR),0.0,2.963793625955796,4.4995271394108505
2025-12-22,26172.400390625,1,1,0.5500350997251882,0.00018148889399149937,25,VotingEnsemble(HGB+ET+LR),0.00018148889399149937,2.9643315215829897,4.5003437536148665
2025-12-23,26177.150390625,0,1,0.5644792814562289,-0.0013389838361685946,25,VotingEnsemble(HGB+ET+LR),-0.0013389838361685946,2.960362329590545,4.494317866071574
2025-12-24,26142.099609375,0,0,0.5140509654740228,-0.0038175521330050532,25,VotingEnsemble(HGB+ET+LR),0.0,2.960362329590545,4.47716057331555
2025-12-26,26042.30078125,0,0,0.5091906926646234,-0.003847631310177624,25,VotingEnsemble(HGB+ET+LR),0.0,2.960362329590545,4.459934110112968
2025-12-29,25942.099609375,0,0,0.5137910739662305,-0.00012527898855285713,25,VotingEnsemble(HGB+ET+LR),0.0,2.960362329590545,4.459375374078641
2025-12-30,25938.849609375,1,0,0.506339617935959,0.0073538342244390265,25,VotingEnsemble(HGB+ET+LR),0.0,2.960362329590545,4.492168881324161
2025-12-31,26129.599609375,1,1,0.5748270871557355,0.0006487344669803274,25,VotingEnsemble(HGB+ET+LR),0.0006487344669803274,2.9622828186685006,4.495083106108972
2026-01-01,26146.55078125,1,1,0.5950639132696877,0.006960765170238581,25,VotingEnsemble(HGB+ET+LR),0.006960765170238581,2.9829025737370847,4.526372324031303
2026-01-02,26328.55078125,0,1,0.6185049736590539,-0.0029720587604740167,25,VotingEnsemble(HGB+ET+LR),-0.0029720587604740167,2.9740372120111687,4.512919679512499
2026-01-05,26250.30078125,0,1,0.5533428230427865,-0.0027276473171363724,25,VotingEnsemble(HGB+ET+LR),-0.0027276473171363724,2.965925087388763,4.500610026256225
2026-01-06,26178.69921875,0,0,0.5324084639255849,-0.001449622016468255,25,VotingEnsemble(HGB+ET+LR),0.0,2.965925087388763,4.494085842874626
2026-01-07,26140.75,0,0,0.5255652513447601,-0.010095364158449915,25,VotingEnsemble(HGB+ET+LR),0.0,2.965925087388763,4.448716409731473
2026-01-08,25876.849609375,0,0,0.5170049287850618,-0.007479613285493514,25,VotingEnsemble(HGB+ET+LR),0.0,2.965925087388763,4.415441731369852
2026-01-09,25683.30078125,1,0,0.5276240489776606,0.004164153963733375,25,VotingEnsemble(HGB+ET+LR),0.0,2.965925087388763,4.433828310557169
2026-01-12,25790.25,0,1,0.5226731487944855,-0.002246942885392733,26,RandomForest_Balanced,-0.002246942885392733,2.959260823115047,4.42386575157971
2026-01-13,25732.30078125,0,0,0.4608368928189213,-0.00259211846006413,26,RandomForest_Balanced,0.0,2.959260823115047,4.412398567500195
2026-01-14,25665.599609375,1,0,0.46835106271114474,0.0011201764399650926,26,RandomForest_Balanced,0.0,2.959260823115047,4.417341232419244
2026-01-16,25694.349609375,0,1,0.5126777571327013,-0.004236324757381116,26,RandomForest_Balanced,-0.004236324757381116,2.9467244332265365,4.3986279403945465
2026-01-19,25585.5,0,1,0.49197087148174495,-0.013796877137441155,26,RandomForest_Balanced,-0.013796877137441155,2.906068838263414,4.337940611127607
2026-01-20,25232.5,0,1,0.5108185516923097,-0.0029723570791637677,26,RandomForest_Balanced,-0.0029723570791637677,2.8974309639794646,4.32504670264313
2026-01-21,25157.5,1,1,0.49036400948374714,0.00526285960946038,26,RandomForest_Balanced,0.00526285960946038,2.912679736370992,4.3478088162435
2026-01-22,25289.900390625,0,1,0.499895773766037,-0.009539381186706164,26,RandomForest_Balanced,-0.009539381186706164,2.8848945740909544,4.306333410618431
2026-01-23,25048.650390625,1,1,0.538747277393751,0.005060152863462841,26,RandomForest_Balanced,0.005060152863462841,2.8994925816308292,4.3281241159571975
2026-01-27,25175.400390625,1,1,0.5142758774731593,0.006647346488174222,26,RandomForest_Balanced,0.006647346488174222,2.9187665134608203,4.3568946565997875
2026-01-28,25342.75,1,1,0.4964455136454882,0.0030048195489833507,26,RandomForest_Balanced,0.0030048195489833507,2.9275368801393853,4.369986338836799
2026-01-29,25418.900390625,0,0,0.45630603211869486,-0.003865234077404689,26,RandomForest_Balanced,0.0,2.9275368801393853,4.353095318722135
2026-01-30,25320.650390625,0,0,0.3112175912912897,-0.00917235522852089,26,RandomForest_Balanced,0.0,2.9275368801393853,4.313167182115204
2026-02-02,25088.400390625,1,0,0.392253881007016,0.025475932330218942,26,RandomForest_Balanced,0.0,2.9275368801393853,4.423049137375692
2026-02-03,25727.55078125,1,1,0.5052466886616367,0.0018831648283172964,26,RandomForest_Balanced,0.0018831648283172964,2.9330499146256654,4.431378467945117
2026-02-04,25776.0,0,1,0.5382505239048194,-0.00516756745616076,26,RandomForest_Balanced,-0.00516756745616076,2.917893181339551,4.408479020788232
2026-02-05,25642.80078125,1,0,0.37896661408629306,0.0019849016468285186,26,RandomForest_Balanced,0.0,2.917893181339551,4.417229418056603
2026-02-06,25693.69921875,1,0,0.48059858843303876,0.006756581098813275,26,RandomForest_Balanced,0.0,2.917893181339551,4.447074786851767
2026-02-09,25867.30078125,1,1,0.5458667710351108,0.0026229876069705504,26,RandomForest_Balanced,0.0026229876069705504,2.9255467789926684,4.45873940890495
2026-02-10,25935.150390625,1,1,0.5234010903178632,0.0007209990483325601,26,RandomForest_Balanced,0.0007209990483325601,2.9276560954361743,4.461954155775533
2026-02-11,25953.849609375,0,1,0.53842249273118,-0.00565042923620962,26,RandomForest_Balanced,-0.00565042923620962,2.9111135818409544,4.436742199563112
2026-02-12,25807.19921875,0,0,0.4040647595774541,-0.01302348257655217,26,RandomForest_Balanced,0.0,2.9111135818409544,4.378960364830449
2026-02-13,25471.099609375,1,0,0.3482395674889878,0.008309432803093486,26,RandomForest_Balanced,0.0,2.9111135818409544,4.415347041729417
2026-02-16,25682.75,1,0,0.4702483639587448,0.00166066292063749,26,RandomForest_Balanced,0.0,2.9111135818409544,4.4226794448433635
2026-02-17,25725.400390625,1,0,0.47659934710675744,0.003652002197183979,26,RandomForest_Balanced,0.0,2.9111135818409544,4.4388310798933714
2026-02-18,25819.349609375,0,1,0.557488981383348,-0.014136684522350174,26,RandomForest_Balanced,-0.014136684522350174,2.86996008752574,4.376080725268916
2026-02-19,25454.349609375,1,0,0.40338124255540486,0.004592550680687868,26,RandomForest_Balanced,0.0,2.86996008752574,4.396178097782495
2026-02-20,25571.25,1,0,0.46749531685580686,0.00554333479982394,26,RandomForest_Balanced,0.0,2.86996008752574,4.420547584818157
2026-02-23,25713.0,0,1,0.5566476428174448,-0.011214156627970318,26,RandomForest_Balanced,-0.011214156627970318,2.837775905588203,4.37097487182061
2026-02-24,25424.650390625,1,0,0.3667486075797668,0.002275335490801167,26,RandomForest_Balanced,0.0,2.837775905588203,4.380920306075863
2026-02-25,25482.5,1,1,0.5442336895574816,0.0005513894339252978,26,RandomForest_Balanced,0.0005513894339252978,2.839340625238392,4.383335899243502
2026-02-26,25496.55078125,0,1,0.5153124881744852,-0.012468368500212268,26,RandomForest_Balanced,-0.012468368500212268,2.8039386800252966,4.328682851991524
2026-02-27,25178.650390625,0,0,0.44639031828281234,-0.012429227421638323,26,RandomForest_Balanced,0.0,2.8039386800252966,4.274880668387976
2026-03-02,24865.69921875,0,1,0.4928216174456763,-0.015491187895474101,26,RandomForest_Balanced,-0.015491187895474101,2.760502339085637,4.208657688723248
2026-03-04,24480.5,1,1,0.5180306883049725,0.011658274570576665,26,RandomForest_Balanced,0.011658274570576665,2.7926850333074165,4.257723375631952
2026-03-05,24765.900390625,0,1,0.5436788709932958,-0.012737318930444053,26,RandomForest_Balanced,-0.012737318930444053,2.7571137133659023,4.20349139507892
2026-03-06,24450.44921875,0,1,0.4958635025032086,-0.017275692308183932,26,RandomForest_Balanced,-0.017275692308183932,2.7094826651951185,4.130873171117438
2026-03-09,24028.05078125,1,1,0.49274193075739686,0.009719840791548862,26,RandomForest_Balanced,0.009719840791548862,2.7358184053282764,4.17102460067078
2026-03-10,24261.599609375,0,1,0.5802479541365435,-0.01627056774308744,26,RandomForest_Balanced,-0.01627056774308744,2.6913050866315973,4.1031596623474815
2026-03-11,23866.849609375,0,1,0.5124448648646696,-0.009540396930332928,26,RandomForest_Balanced,-0.009540396930332928,2.665628967844508,4.0640138905001555
2026-03-12,23639.150390625,0,1,0.5030861863049694,-0.02064586811222946,26,RandomForest_Balanced,-0.02064586811222946,2.6105947437382517,3.980108795710621
2026-03-13,23151.099609375,1,1,0.5688610123502315,0.011131271353117311,26,RandomForest_Balanced,0.011131271353117311,2.639653982223824,4.024412466730605
2026-03-16,23408.80078125,1,1,0.5836963161789008,0.007362598835607637,26,RandomForest_Balanced,0.007362598835607637,2.659088695559752,4.054042601272161
2026-03-17,23581.150390625,1,1,0.6027992076468397,0.008339304375208911,26,RandomForest_Balanced,0.008339304375208911,2.681263645552702,4.087850496474233
2026-03-18,23777.80078125,0,1,0.5547513781776366,-0.03262077926216955,26,RandomForest_Balanced,-0.03262077926216955,2.593798736027447,3.9545016277719967
2026-03-19,23002.150390625,1,1,0.5649527957160474,0.004884308965338757,26,RandomForest_Balanced,0.004884308965338757,2.6064676504481104,3.9738166355259703
2026-03-20,23114.5,0,1,0.5983106063804023,-0.026037751600726855,26,RandomForest_Balanced,-0.026037751600726855,2.538601093210412,3.870347385063309
2026-03-23,22512.650390625,1,1,0.5603140871972581,0.017756683156527453,26,RandomForest_Balanced,0.017756683156527453,2.5836782284833637,3.9390719172855726
2026-03-24,22912.400390625,1,1,0.5701365189098765,0.01719805962740728,26,RandomForest_Balanced,0.01719805962740728,2.628112480714855,4.006816310995696
2026-03-25,23306.44921875,0,1,0.5541324434609152,-0.02088905112938999,26,RandomForest_Balanced,-0.02088905112938999,2.573213704731414,3.9231177202092327
2026-03-27,22819.599609375,0,1,0.5491864812119325,-0.02139385559374285,26,RandomForest_Balanced,-0.02139385559374285,2.51816274232055,3.8391871062258227
2026-03-30,22331.400390625,1,1,0.582887768832518,0.015583438293735208,26,RandomForest_Balanced,0.015583438293735208,2.5574043760290857,3.8990148415937966
2026-04-01,22679.400390625,1,1,0.5735043012742185,0.0014858954897207788,26,RandomForest_Balanced,0.0014858954897207788,2.5612044116568193,3.904808370161275
2026-04-02,22713.099609375,1,0,0.48311293709551834,0.01123362266767347,26,RandomForest_Balanced,0.0,2.5612044116568193,3.9486735139812397
2026-04-06,22968.25,1,1,0.5387943057249184,0.0067658785769486585,26,RandomForest_Balanced,0.0067658785769486585,2.5785332097168348,3.9753897595168497
2026-04-07,23123.650390625,1,0,0.4732488065333979,0.03778379295615997,26,RandomForest_Balanced,0.0,2.5785332097168348,4.125595063110473
2026-04-08,23997.349609375,0,1,0.56183187997827,-0.009261439434677166,26,RandomForest_Balanced,-0.009261439434677166,2.5546522805647385,4.087386114301472
2026-04-09,23775.099609375,1,0,0.433010932915793,0.011587753764504383,26,RandomForest_Balanced,0.0,2.5546522805647385,4.134749738134452
2026-04-10,24050.599609375,0,1,0.5723879877676621,-0.008646321593950623,26,RandomForest_Balanced,-0.008646321593950623,2.5325639353862566,4.098999362188038
2026-04-13,23842.650390625,1,0,0.36464503922529695,0.016300637062472756,26,RandomForest_Balanced,0.0,2.5325639353862566,4.165815663110372
2026-04-15,24231.30078125,0,1,0.5813961274911171,-0.0014258739785333319,26,RandomForest_Balanced,-0.0014258739785333319,2.5289528183718173,4.159875734956977
2026-04-16,24196.75,1,0,0.46837930701455854,0.006480241406387144,26,RandomForest_Balanced,0.0,2.5289528183718173,4.18683273394007
2026-04-17,24353.55078125,1,1,0.5028970306601056,0.00046394992773279853,26,RandomForest_Balanced,0.00046394992773279853,2.5301261258491405,4.188775214684411
2026-04-20,24364.849609375,1,1,0.5390880965256701,0.008690798564113589,26,RandomForest_Balanced,0.008690798564113589,2.5521149423506966,4.225179016305585
2026-04-21,24576.599609375,0,1,0.5671599776301403,-0.00807678861823835,26,RandomForest_Balanced,-0.00807678861823835,2.5315020494318823,4.1910531385166685
2026-04-22,24378.099609375,0,0,0.3521823499633661,-0.008411190019346093,26,RandomForest_Balanced,0.0,2.5315020494318823,4.155801394187428
2026-04-23,24173.05078125,0,0,0.3428437823292649,-0.011380506539678703,26,RandomForest_Balanced,0.0,2.5315020494318823,4.108506269243272
2026-04-24,23897.94921875,1,0,0.39010966100716404,0.008149234824183171,26,RandomForest_Balanced,0.0,2.5315020494318823,4.141987451607965
2026-04-27,24092.69921875,0,1,0.561861805075306,-0.004026115924964935,26,RandomForest_Balanced,-0.004026115924964935,2.521309928716583,4.125311329968041
2026-04-28,23995.69921875,1,0,0.3842199645688261,0.007582657634449097,26,RandomForest_Balanced,0.0,2.521309928716583,4.1565921534187025
2026-04-29,24177.650390625,0,1,0.5535695420787065,-0.007449012061355398,26,RandomForest_Balanced,-0.007449012061355398,2.502528660647158,4.125629648333751
2026-04-30,23997.55078125,1,0,0.36686868160649927,0.005073434414612388,26,RandomForest_Balanced,0.0,2.502528660647158,4.1465607597735525
2026-05-04,24119.30078125,0,1,0.5362769894681422,-0.0035863394542201554,26,RandomForest_Balanced,-0.0035863394542201554,2.4935537433761628,4.131689785321456
2026-05-05,24032.80078125,1,0,0.33376167741915674,0.01240589643353629,26,RandomForest_Balanced,0.0,2.4935537433761628,4.182947100893653
2026-05-06,24330.94921875,0,1,0.5889172620602414,-0.00017668148029703623,26,RandomForest_Balanced,-0.00017668148029703623,2.493113178609583,4.182208051607863
2026-05-07,24326.650390625,0,1,0.5314965253346254,-0.006186630612244115,26,RandomForest_Balanced,-0.006186630612244115,2.4776892082990076,4.156334275249012
2026-05-08,24176.150390625,0,0,0.38054041396442345,-0.014903149402549887,26,RandomForest_Balanced,0.0,2.4776892082990076,4.094391804578037
2026-05-11,23815.849609375,0,0,0.36542722398641136,-0.018319683541890175,26,RandomForest_Balanced,0.0,2.4776892082990076,4.019383842421659
2026-05-12,23379.55078125,1,0,0.4604603675263803,0.0014135784059419176,26,RandomForest_Balanced,0.0,2.4776892082990076,4.025065556626498
2026-05-13,23412.599609375,1,0,0.48924564835129547,0.011831236369372666,26,RandomForest_Balanced,0.0,2.4776892082990076,4.072687058629167
2026-05-14,23689.599609375,0,1,0.4941194935289905,-0.0019459851637491088,26,RandomForest_Balanced,-0.0019459851637491088,2.4728676618592766,4.064761670036481
2026-05-15,23643.5,1,0,0.43643274189314846,0.0002727692071817778,26,RandomForest_Balanced,0.0,2.4728676618592766,4.0658704118546
2026-05-18,23649.94921875,0,0,0.36744504706038783,-0.0013509212410769411,26,RandomForest_Balanced,0.0,2.4728676618592766,4.060377741151759
2026-05-19,23618.0,1,0,0.39903806940833625,0.0017359640951817301,26,RandomForest_Balanced,0.0,2.4728676618592766,4.067426411123274
2026-05-20,23659.0,0,0,0.3770235281868998,-0.00018178203854768427,26,RandomForest_Balanced,0.0,2.4728676618592766,4.066687026058617
2026-05-21,23654.69921875,1,0,0.4443903118070635,0.002731024474358801,26,RandomForest_Balanced,0.0,2.4728676618592766,4.077793247856341
2026-05-22,23719.30078125,1,1,0.4976805736203711,0.01317064277657587,26,RandomForest_Balanced,0.01317064277657587,2.5054369184673715,4.1315004060405895
2026-05-25,24031.69921875,0,1,0.6065624448548574,-0.004910181295375682,26,RandomForest_Balanced,-0.004910181295375682,2.4931347689735692,4.111213990025012
2026-05-26,23913.69921875,0,0,0.4202811247470201,-0.00027385257567613674,26,RandomForest_Balanced,0.0,2.4931347689735692,4.110088123484688
2026-05-27,23907.150390625,0,0,0.43102099802496474,-0.015033175629577955,26,RandomForest_Balanced,0.0,2.4931347689735692,4.0483004468713
2026-05-29,23547.75,0,0,0.4323428366224043,-0.007013425513053284,26,RandomForest_Balanced,0.0,2.4931347689735692,4.019907993232708
2026-06-01,23382.599609375,1,0,0.44823483542253517,0.00431736306319519,26,RandomForest_Balanced,0.0,2.4931347689735692,4.037263395520134
2026-06-02,23483.55078125,0,0,0.42009683864207603,-0.0033193946094914883,26,RandomForest_Balanced,0.0,2.4931347689735692,4.023862125167947
2026-06-03,23405.599609375,1,0,0.30937131506040116,0.00046788683297016576,26,RandomForest_Balanced,0.0,2.4931347689735692,4.025744837274001
2026-06-04,23416.55078125,0,0,0.37083832845818754,-0.0021289028843615165,26,RandomForest_Balanced,0.0,2.4931347689735692,4.017174417478225
2026-06-05,23366.69921875,0,0,0.422462428772813,-0.010429338627102713,26,RandomForest_Balanced,0.0,2.4931347689735692,3.9752779451542106
2026-06-08,23123.0,1,0,0.38642916454968784,0.005150698844224255,26,RandomForest_Balanced,0.0,2.4931347689735692,3.9957534046717864
2026-06-09,23242.099609375,0,1,0.5203924737586377,-0.0011681556778996294,26,RandomForest_Balanced,-0.0011681556778996294,2.4902223994374237,3.9910857426446325
2026-06-10,23214.94921875,0,1,0.4931936055612525,-0.0022980713363744965,26,RandomForest_Balanced,-0.0022980713363744965,2.484499690720079,3.981913942898448
2026-06-11,23161.599609375,1,0,0.378803110237438,0.019916620139797336,26,RandomForest_Balanced,0.0,2.484499690720079,4.061220210328519
2026-06-12,23622.900390625,1,1,0.5267208285766558,0.009778646829145199,26,RandomForest_Balanced,0.009778646829145199,2.508794735742751,4.100933448460708
2026-06-15,23853.900390625,1,1,0.5683485490672198,0.005669932287180934,26,RandomForest_Balanced,0.005669932287180934,2.5230194320168486,4.1241854634277155
2026-06-16,23989.150390625,1,1,0.5769010498774934,0.004024687267071059,26,RandomForest_Balanced,0.004024687267071059,2.53317379619946,4.140784020149413
2026-06-17,24085.69921875,1,1,0.5846807660137271,0.0034169978003351087,26,RandomForest_Balanced,0.0034169978003351087,2.54182964548894,4.154933070037926
2026-06-18,24168.0,0,1,0.5968294951326739,-0.006409317718677587,26,RandomForest_Balanced,-0.006409317718677587,2.5255382517042477,4.128302783892213
2026-06-19,24013.099609375,1,0,0.36695625482333805,0.0037396580495980825,26,RandomForest_Balanced,0.0,2.5255382517042477,4.143741224629173
2026-06-22,24102.900390625,0,1,0.5863565889349552,-0.011567105067506356,26,RandomForest_Balanced,-0.011567105067506356,2.4963250853947785,4.09581013451133
2026-06-23,23824.099609375,1,0,0.39187525790943545,0.008292056551520766,26,RandomForest_Balanced,0.0,2.4963250853947785,4.12977282377099
2026-06-24,24021.650390625,1,1,0.5248112802112136,0.0014299437722400388,26,RandomForest_Balanced,0.0014299437722400388,2.4998946899041252,4.1356781667011075
2026-06-25,24056.0,0,1,0.5806842166824437,-0.004562271366810755,26,RandomForest_Balanced,-0.004562271366810755,2.4884894919403333,4.116810080618823
2026-06-29,23946.25,0,0,0.41555281993951965,-0.0033616954637991636,26,RandomForest_Balanced,0.0,2.4884894919403333,4.102970618845484
2026-06-30,23865.75,1,0,0.4369827839383455,0.0058703208311072785,26,RandomForest_Balanced,0.0,2.4884894919403333,4.127056372738714
2026-07-01,24005.849609375,1,1,0.5469586180435131,0.007075342557701703,26,RandomForest_Balanced,0.007075342557701703,2.5060964075470524,4.156256710330786
2026-07-02,24175.69921875,1,1,0.5899281575229509,0.003935786500487426,26,RandomForest_Balanced,0.003935786500487426,2.5159598679567963,4.172614849383867
2026-07-03,24270.849609375,1,1,0.5680991901034758,0.006571669412775316,26,RandomForest_Balanced,0.006571669412775316,2.532493924464818,4.2000358947608545
2026-07-06,24430.349609375,0,1,0.6043229442592076,-0.0012955357222089736,26,RandomForest_Balanced,-0.0012955357222089736,2.5292129881193968,4.194594598224632
2026-07-07,24398.69921875,0,1,0.517602501146855,-0.02117524515827318,26,RandomForest_Balanced,-0.02117524515827318,2.47565628303848,4.105773029267657
2026-07-08,23882.05078125,1,0,0.47433299371889204,0.0033812004144717633,26,RandomForest_Balanced,0.0,2.47565628303848,4.119655470735943
2026-07-09,23962.80078125,1,1,0.513877167540669,0.01018660596494203,26,RandomForest_Balanced,0.01018660596494203,2.500874818098426,4.161620777727649
2026-07-10,24206.900390625,1,1,0.5521239659116961,0.0001693570555851842,27,ExtraTrees_Deep,0.0001693570555851842,2.5012983588940063,4.162325577569026
2026-07-13,24211.0,0,0,0.5343991376365652,-0.006565165369047166,27,ExtraTrees_Deep,0.0,2.5012983588940063,4.134999221832471
2026-07-14,24052.05078125,1,0,0.4588077892461943,0.0010996658451518648,27,ExtraTrees_Deep,0.0,2.5012983588940063,4.13954633924645
2026-07-15,24078.5,0,0,0.5041453955839234,-0.00023880225097083763,27,ExtraTrees_Deep,0.0,2.5012983588940063,4.138557806262639
2026-07-16,24072.75,1,0,0.48705649523018857,0.010865014643113069,27,ExtraTrees_Deep,0.0,2.5012983588940063,4.183523297429053
2026-07-17,24334.30078125,0,1,0.5871982510716879,-0.003936861885253551,27,ExtraTrees_Deep,-0.003936861885253551,2.4914510927212294,4.167053344013334
2026-07-20,24238.5,0,0,0.47959399046209916,-0.002095871495760848,27,ExtraTrees_Deep,0.0,2.4914510927212294,4.158319735688302
2026-07-21,24187.69921875,0,0,0.47405865099508204,-0.0079151479856997,27,ExtraTrees_Deep,0.0,2.4914510927212294,4.125406019608473
2026-07-22,23996.25,0,0,0.4718567710820336,-0.0052779242850445884,27,ExtraTrees_Deep,0.0,2.4914510927212294,4.103632438991912
2026-07-23,23869.599609375,0,0,0.47427061385855185,-0.004279518395644999,27,ExtraTrees_Deep,0.0,2.4914510927212294,4.086070868480281
2026-07-24,23767.44921875,1,0,0.4797028697961881,0.009613989195766948,27,ExtraTrees_Deep,0.0,2.4914510927212294,4.125354309662988
2026-07-27,23995.94921875,0,0,0.5069730056727602,-0.0004417249460887396,27,ExtraTrees_Deep,0.0,2.4914510927212294,4.123532037752955
2026-07-28,23985.349609375,1,0,0.47984128043212865,0.011042140877174367,27,ExtraTrees_Deep,0.0,2.4914510927212294,4.1690646594253655
2026-07-29,24250.19921875,1,1,0.6032035282910286,0.0027608503860552247,27,ExtraTrees_Deep,0.0027608503860552247,2.4983296164324065,4.180574823199829
2026-07-30,24317.150390625,1,1,0.594298896592937,0.0027326071386892803,27,ExtraTrees_Deep,0.0027326071386892803,2.5051565697770686,4.19199869180553
2026-07-31,24383.599609375,1,1,0.5821004986185855,0.01602311299947612,27,ExtraTrees_Deep,0.01602311299947612,2.5452969765759867,4.259167560537986
2026-08-03,24774.30078125,0,1,0.62173700157883,-0.006434102501316152,27,ExtraTrees_Deep,-0.006434102501316152,2.528920274932407,4.231763639883204
2026-08-04,24614.900390625,1,0,0.49839443744364303,0.00039610154196334513,27,ExtraTrees_Deep,0.0,2.528920274932407,4.233439847986186
2026-08-05,24624.650390625,1,0,0.535504878237747,0.0004609043862535689,27,ExtraTrees_Deep,0.0,2.528920274932407,4.2353910589810635
2026-08-06,24636.0,0,0,0.5421107403752529,-0.0026526063230638552,27,ExtraTrees_Deep,0.0,2.528920274932407,4.224156233877363
2026-08-07,24570.650390625,1,0,0.47742687259844385,0.0005352072662276885,27,ExtraTrees_Deep,0.0,2.528920274932407,4.226417032987415
2026-08-10,24583.80078125,0,0,0.5400107167177642,-0.00455997685213505,27,ExtraTrees_Deep,0.0,2.528920274932407,4.207144669149523
2026-08-11,24471.69921875,0,0,0.4825046074156498,-0.0014608711753293369,27,ExtraTrees_Deep,0.0,2.528920274932407,4.200998572771922
2026-08-12,24435.94921875,0,0,0.4942856248679147,-0.0016410088683697088,27,ExtraTrees_Deep,0.0,2.528920274932407,4.194104696857995
2026-08-13,24395.849609375,0,0,0.4975507921961352,-0.001223552770366676,27,ExtraTrees_Deep,0.0,2.528920274932407,4.188972988436946
2026-08-14,24366.0,0,0,0.5122972484444678,-0.003215530221415075,27,ExtraTrees_Deep,0.0,2.528920274932407,4.175503219195936
2026-08-17,24287.650390625,0,0,0.49760236169253896,-0.00546574073098649,27,ExtraTrees_Deep,0.0,2.528920274932407,4.152681001178411
2026-08-18,24154.900390625,0,0,0.477858004391731,-0.003171182995427735,27,ExtraTrees_Deep,0.0,2.528920274932407,4.1395120898020386
2026-08-19,24078.30078125,1,0,0.4873975506375237,0.006377062464663963,27,ExtraTrees_Deep,0.0,2.528920274932407,4.165910016971938
2026-08-20,24231.849609375,1,0,0.5085269726588596,0.000831566345525836,27,ExtraTrees_Deep,0.0,2.528920274932407,4.16937424754054
2026-08-21,24252.0,0,0,0.4967200547641791,-0.0013586186190829297,27,ExtraTrees_Deep,0.0,2.528920274932407,4.163709658057907
2026-08-24,24219.05078125,1,0,0.4820449856949778,0.004768973030496282,27,ExtraTrees_Deep,0.0,2.528920274932407,4.183566277124002
2026-08-25,24334.55078125,0,0,0.4787971872688562,-0.00521073030646213,27,ExtraTrees_Deep,0.0,2.528920274932407,4.161766841534699
2026-08-26,24207.75,0,0,0.47473326146915684,-0.00482904816122931,27,ExtraTrees_Deep,0.0,2.528920274932407,4.141669469021121
2026-08-27,24090.849609375,1,0,0.4924613658608896,0.0035200411203846205,27,ExtraTrees_Deep,0.0,2.528920274932407,4.156248315859116
2026-08-28,24175.650390625,0,0,0.49248527180111634,-0.003939914685270995,27,ExtraTrees_Deep,0.0,2.528920274932407,4.13987305208383
2026-08-31,24080.400390625,0,0,0.47213007301793225,-0.0010215614763854353,27,ExtraTrees_Deep,0.0,2.528920274932407,4.1356439172566954
2026-09-01,24055.80078125,0,0,0.47814025330764176,-0.005875986577431824,27,ExtraTrees_Deep,0.0,2.528920274932407,4.111342929109857
2026-09-02,23914.44921875,0,0,0.49379844792027705,-0.0017144446700387839,27,ExtraTrees_Deep,0.0,2.528920274932407,4.104294259138343
2026-09-03,23873.44921875,1,0,0.4948940711440997,0.0010157727849795517,27,ExtraTrees_Deep,0.0,2.528920274932407,4.1084632895483235
